{"type":"FeatureCollection","meta":{"source":"constituencies-uk-2024-bgc.geojson (ONS BGC, EPSG:4326)","generator":"scripts/build_globe_constituency_layer.py","tolerance":0.01,"precision":3,"minPartArea":0.0005,"featureCount":650,"attribution":"Office for National Statistics Open Geography Portal; contains Ordnance Survey and ONS intellectual property."},"features":[{"type":"Feature","properties":{"code":"W07000081","name":"Aberafan Maesteg","centroidLat":51.5924,"centroidLong":-3.70491},"geometry":{"type":"Polygon","coordinates":[[[-3.585,51.703],[-3.59,51.679],[-3.562,51.647],[-3.611,51.627],[-3.61,51.571],[-3.658,51.562],[-3.653,51.544],[-3.671,51.538],[-3.654,51.518],[-3.744,51.501],[-3.787,51.568],[-3.792,51.571],[-3.797,51.569],[-3.799,51.569],[-3.809,51.57],[-3.817,51.574],[-3.797,51.569],[-3.817,51.58],[-3.799,51.583],[-3.791,51.593],[-3.812,51.584],[-3.851,51.614],[-3.825,51.628],[-3.836,51.652],[-3.778,51.64],[-3.754,51.666],[-3.72,51.67],[-3.73,51.678],[-3.667,51.681],[-3.6,51.721],[-3.585,51.703]],[[-3.612,51.603],[-3.611,51.603],[-3.611,51.603],[-3.612,51.603]],[[-3.834,51.651],[-3.834,51.651],[-3.835,51.651],[-3.834,51.651]],[[-3.831,51.65],[-3.833,51.651],[-3.834,51.651],[-3.831,51.65]]]}},{"type":"Feature","properties":{"code":"S14000060","name":"Aberdeen North","centroidLat":57.1902,"centroidLong":-2.17989},"geometry":{"type":"Polygon","coordinates":[[[-2.061,57.212],[-2.078,57.177],[-2.099,57.178],[-2.107,57.178],[-2.108,57.177],[-2.079,57.175],[-2.079,57.162],[-2.114,57.16],[-2.113,57.146],[-2.267,57.147],[-2.254,57.16],[-2.295,57.198],[-2.28,57.201],[-2.273,57.235],[-2.205,57.231],[-2.175,57.21],[-2.128,57.227],[-2.061,57.212]]]}},{"type":"Feature","properties":{"code":"S14000061","name":"Aberdeen South","centroidLat":57.11908,"centroidLong":-2.23894},"geometry":{"type":"Polygon","coordinates":[[[-2.079,57.162],[-2.061,57.146],[-2.095,57.145],[-2.075,57.141],[-2.093,57.14],[-2.096,57.137],[-2.098,57.13],[-2.114,57.128],[-2.125,57.119],[-2.097,57.129],[-2.09,57.139],[-2.047,57.14],[-2.085,57.086],[-2.119,57.09],[-2.126,57.118],[-2.308,57.076],[-2.317,57.08],[-2.28,57.099],[-2.361,57.109],[-2.351,57.136],[-2.304,57.123],[-2.264,57.148],[-2.113,57.146],[-2.114,57.16],[-2.079,57.162]]]}},{"type":"Feature","properties":{"code":"S14000062","name":"Aberdeenshire North and Moray East","centroidLat":57.54308,"centroidLong":-2.75607},"geometry":{"type":"Polygon","coordinates":[[[-2.497,57.673],[-2.345,57.67],[-2.298,57.696],[-2.192,57.671],[-2.118,57.701],[-2.002,57.699],[-1.999,57.683],[-1.954,57.675],[-1.965,57.674],[-1.966,57.673],[-1.966,57.671],[-1.97,57.67],[-1.971,57.669],[-1.92,57.675],[-1.889,57.635],[-1.824,57.613],[-1.826,57.568],[-1.804,57.556],[-1.797,57.517],[-1.811,57.518],[-1.804,57.516],[-1.787,57.516],[-1.768,57.507],[-1.766,57.503],[-1.791,57.502],[-1.775,57.497],[-1.796,57.485],[-1.775,57.475],[-1.781,57.461],[-1.835,57.411],[-1.859,57.408],[-1.858,57.39],[-1.875,57.381],[-1.947,57.401],[-1.969,57.429],[-1.96,57.493],[-2.026,57.511],[-2.025,57.526],[-2.14,57.549],[-2.207,57.584],[-2.221,57.571],[-2.237,57.587],[-2.265,57.586],[-2.286,57.565],[-2.36,57.588],[-2.453,57.583],[-2.502,57.558],[-2.478,57.541],[-2.54,57.536],[-2.553,57.515],[-2.629,57.514],[-2.65,57.53],[-2.718,57.501],[-2.759,57.522],[-2.789,57.508],[-2.826,57.539],[-2.884,57.533],[-2.917,57.495],[-2.962,57.494],[-3.001,57.529],[-3.03,57.534],[-3.022,57.567],[-3.101,57.574],[-3.118,57.597],[-3.097,57.627],[-3.108,57.633],[-3.094,57.647],[-3.098,57.675],[-3.014,57.664],[-2.877,57.705],[-2.74,57.682],[-2.714,57.693],[-2.574,57.683],[-2.521,57.671],[-2.514,57.659],[-2.528,57.651],[-2.515,57.657],[-2.497,57.673]],[[-1.889,57.635],[-1.889,57.635],[-1.889,57.635],[-1.889,57.635]],[[-1.891,57.634],[-1.891,57.634],[-1.889,57.635],[-1.891,57.634]]]}},{"type":"Feature","properties":{"code":"S14000063","name":"Airdrie and Shotts","centroidLat":55.84291,"centroidLong":-3.86475},"geometry":{"type":"Polygon","coordinates":[[[-3.823,55.896],[-3.796,55.874],[-3.712,55.882],[-3.75,55.859],[-3.715,55.814],[-3.742,55.799],[-3.743,55.783],[-3.883,55.764],[-3.892,55.795],[-3.931,55.784],[-3.926,55.805],[-3.995,55.818],[-4.0,55.875],[-4.022,55.883],[-4.002,55.932],[-3.892,55.938],[-3.809,55.905],[-3.823,55.896]]]}},{"type":"Feature","properties":{"code":"E14001063","name":"Aldershot","centroidLat":51.29027,"centroidLong":-0.78648},"geometry":{"type":"Polygon","coordinates":[[[-0.775,51.332],[-0.731,51.281],[-0.744,51.231],[-0.802,51.239],[-0.797,51.302],[-0.836,51.3],[-0.839,51.322],[-0.824,51.329],[-0.843,51.352],[-0.775,51.332]]]}},{"type":"Feature","properties":{"code":"E14001064","name":"Aldridge-Brownhills","centroidLat":52.60705,"centroidLong":-1.93173},"geometry":{"type":"Polygon","coordinates":[[[-1.913,52.658],[-1.916,52.635],[-1.873,52.585],[-1.918,52.547],[-1.96,52.572],[-1.942,52.591],[-1.973,52.598],[-1.967,52.612],[-1.991,52.637],[-1.961,52.643],[-1.954,52.663],[-1.913,52.658]]]}},{"type":"Feature","properties":{"code":"S14000064","name":"Alloa and Grangemouth","centroidLat":56.15435,"centroidLong":-3.78265},"geometry":{"type":"MultiPolygon","coordinates":[[[[-3.677,56.008],[-3.729,56.001],[-3.755,56.02],[-3.736,56.021],[-3.705,56.026],[-3.682,56.036],[-3.718,56.02],[-3.68,56.03],[-3.677,56.008]],[[-3.718,56.02],[-3.719,56.017],[-3.718,56.02],[-3.718,56.02]],[[-3.721,56.014],[-3.72,56.013],[-3.719,56.017],[-3.721,56.014]]],[[[-3.717,56.027],[-3.873,56.013],[-3.891,56.038],[-3.8,56.063],[-3.836,56.085],[-3.803,56.107],[-3.742,56.068],[-3.745,56.067],[-3.743,56.064],[-3.741,56.063],[-3.743,56.063],[-3.747,56.064],[-3.748,56.064],[-3.748,56.063],[-3.745,56.062],[-3.749,56.062],[-3.747,56.061],[-3.75,56.06],[-3.751,56.058],[-3.734,56.065],[-3.717,56.027]]],[[[-3.697,56.182],[-3.681,56.177],[-3.712,56.154],[-3.697,56.145],[-3.772,56.119],[-3.718,56.099],[-3.739,56.079],[-3.797,56.109],[-3.831,56.103],[-3.845,56.125],[-3.867,56.108],[-3.884,56.129],[-3.857,56.135],[-3.878,56.15],[-3.854,56.153],[-3.843,56.191],[-3.781,56.217],[-3.752,56.212],[-3.738,56.189],[-3.693,56.194],[-3.697,56.182]],[[-3.767,56.098],[-3.767,56.098],[-3.767,56.098],[-3.767,56.098]],[[-3.766,56.099],[-3.773,56.108],[-3.779,56.106],[-3.776,56.102],[-3.766,56.099]]]]}},{"type":"Feature","properties":{"code":"E14001065","name":"Altrincham and Sale West","centroidLat":53.39766,"centroidLong":-2.39049},"geometry":{"type":"Polygon","coordinates":[[[-2.316,53.435],[-2.346,53.408],[-2.32,53.412],[-2.286,53.376],[-2.306,53.358],[-2.478,53.396],[-2.454,53.413],[-2.369,53.414],[-2.343,53.438],[-2.316,53.435]]]}},{"type":"Feature","properties":{"code":"W07000082","name":"Alyn and Deeside","centroidLat":53.18051,"centroidLong":-3.01375},"geometry":{"type":"MultiPolygon","coordinates":[[[[-2.92,53.182],[-2.995,53.154],[-2.964,53.133],[-2.997,53.13],[-3.028,53.093],[-3.137,53.073],[-3.146,53.104],[-3.173,53.111],[-3.133,53.131],[-3.052,53.128],[-3.055,53.145],[-3.102,53.167],[-3.079,53.201],[-3.151,53.22],[-3.148,53.232],[-3.212,53.271],[-3.19,53.286],[-3.18,53.276],[-3.175,53.277],[-3.132,53.258],[-3.135,53.254],[-3.132,53.257],[-3.127,53.251],[-3.129,53.253],[-3.12,53.248],[-3.113,53.247],[-3.108,53.244],[-3.113,53.243],[-3.107,53.241],[-3.107,53.245],[-3.079,53.234],[-3.059,53.221],[-3.038,53.218],[-2.932,53.18],[-2.92,53.182]],[[-3.167,53.271],[-3.169,53.27],[-3.167,53.271],[-3.167,53.271]],[[-3.127,53.251],[-3.126,53.251],[-3.126,53.251],[-3.127,53.251]],[[-3.126,53.251],[-3.126,53.251],[-3.126,53.251],[-3.126,53.251]],[[-3.126,53.251],[-3.125,53.25],[-3.126,53.251],[-3.126,53.251]],[[-3.123,53.25],[-3.123,53.25],[-3.123,53.25],[-3.123,53.25]],[[-3.123,53.25],[-3.123,53.249],[-3.122,53.249],[-3.123,53.25]],[[-3.113,53.247],[-3.113,53.246],[-3.113,53.247],[-3.113,53.247]],[[-3.113,53.246],[-3.114,53.246],[-3.113,53.246],[-3.113,53.246]],[[-3.112,53.245],[-3.112,53.245],[-3.112,53.245],[-3.112,53.245]],[[-3.112,53.245],[-3.113,53.245],[-3.113,53.245],[-3.112,53.245]],[[-3.113,53.245],[-3.113,53.245],[-3.113,53.245],[-3.113,53.245]],[[-3.114,53.244],[-3.113,53.244],[-3.113,53.245],[-3.114,53.244]],[[-3.101,53.241],[-3.1,53.241],[-3.1,53.241],[-3.101,53.241]],[[-3.1,53.241],[-3.1,53.241],[-3.1,53.241],[-3.1,53.241]],[[-3.1,53.241],[-3.1,53.241],[-3.1,53.241],[-3.1,53.241]],[[-3.099,53.241],[-3.098,53.239],[-3.094,53.238],[-3.099,53.241]],[[-3.099,53.241],[-3.099,53.241],[-3.099,53.241],[-3.099,53.241]],[[-3.099,53.241],[-3.099,53.241],[-3.099,53.241],[-3.099,53.241]],[[-3.08,53.233],[-3.08,53.233],[-3.079,53.233],[-3.08,53.233]],[[-3.081,53.234],[-3.082,53.233],[-3.08,53.233],[-3.081,53.234]],[[-3.046,53.217],[-3.046,53.217],[-3.046,53.218],[-3.046,53.217]],[[-3.047,53.216],[-3.046,53.215],[-3.046,53.217],[-3.047,53.216]],[[-3.045,53.215],[-3.045,53.215],[-3.046,53.215],[-3.045,53.215]],[[-3.045,53.214],[-3.044,53.215],[-3.045,53.215],[-3.045,53.214]],[[-3.044,53.215],[-3.044,53.215],[-3.044,53.215],[-3.044,53.215]],[[-3.044,53.214],[-3.044,53.215],[-3.044,53.215],[-3.044,53.214]],[[-3.107,53.241],[-3.109,53.241],[-3.105,53.24],[-3.107,53.241],[-3.107,53.241]],[[-3.107,53.241],[-3.109,53.241],[-3.107,53.241],[-3.107,53.241]]],[[[-3.025,53.248],[-2.95,53.211],[-2.92,53.183],[-2.934,53.182],[-3.042,53.221],[-3.059,53.223],[-3.095,53.245],[-3.078,53.245],[-3.075,53.24],[-3.076,53.24],[-3.077,53.24],[-3.077,53.24],[-3.078,53.24],[-3.079,53.239],[-3.074,53.24],[-3.074,53.237],[-3.073,53.236],[-3.072,53.235],[-3.073,53.236],[-3.072,53.237],[-3.07,53.238],[-3.069,53.239],[-3.075,53.241],[-3.067,53.243],[-3.07,53.243],[-3.067,53.244],[-3.065,53.246],[-3.064,53.247],[-3.063,53.247],[-3.063,53.248],[-3.072,53.247],[-3.074,53.242],[-3.085,53.25],[-3.085,53.248],[-3.091,53.248],[-3.09,53.249],[-3.094,53.247],[-3.095,53.247],[-3.095,53.248],[-3.095,53.248],[-3.098,53.248],[-3.109,53.258],[-3.102,53.26],[-3.025,53.248]],[[-3.089,53.244],[-3.089,53.244],[-3.089,53.244],[-3.089,53.244]],[[-3.084,53.24],[-3.09,53.243],[-3.085,53.24],[-3.084,53.24]],[[-3.082,53.243],[-3.082,53.243],[-3.082,53.243],[-3.082,53.243]],[[-3.082,53.243],[-3.083,53.243],[-3.08,53.243],[-3.082,53.243]],[[-3.079,53.243],[-3.078,53.243],[-3.079,53.243],[-3.079,53.243]],[[-3.078,53.243],[-3.078,53.243],[-3.078,53.243],[-3.078,53.243]],[[-3.072,53.236],[-3.071,53.236],[-3.072,53.237],[-3.072,53.236]],[[-3.069,53.24],[-3.069,53.24],[-3.069,53.239],[-3.069,53.24]],[[-3.068,53.24],[-3.067,53.239],[-3.067,53.24],[-3.069,53.24],[-3.068,53.24]],[[-3.064,53.247],[-3.064,53.247],[-3.064,53.247],[-3.064,53.247]],[[-3.064,53.247],[-3.062,53.246],[-3.059,53.246],[-3.063,53.247],[-3.064,53.247]],[[-3.089,53.248],[-3.09,53.249],[-3.091,53.248],[-3.089,53.248]],[[-3.093,53.249],[-3.093,53.249],[-3.093,53.249],[-3.093,53.249]],[[-3.093,53.249],[-3.094,53.25],[-3.093,53.251],[-3.093,53.249]],[[-3.092,53.252],[-3.093,53.251],[-3.093,53.251],[-3.092,53.252]],[[-3.095,53.248],[-3.095,53.248],[-3.095,53.248],[-3.095,53.248]],[[-3.095,53.255],[-3.095,53.255],[-3.095,53.255],[-3.095,53.255]],[[-3.095,53.255],[-3.093,53.255],[-3.093,53.255],[-3.095,53.255]],[[-3.099,53.257],[-3.099,53.257],[-3.098,53.257],[-3.099,53.257]]]]}},{"type":"Feature","properties":{"code":"E14001066","name":"Amber Valley","centroidLat":53.04283,"centroidLong":-1.39771},"geometry":{"type":"Polygon","coordinates":[[[-1.332,53.081],[-1.345,53.063],[-1.307,53.004],[-1.333,52.978],[-1.463,52.983],[-1.47,53.008],[-1.443,53.037],[-1.483,53.047],[-1.488,53.064],[-1.458,53.083],[-1.465,53.111],[-1.377,53.109],[-1.332,53.081]]]}},{"type":"Feature","properties":{"code":"S14000065","name":"Angus and Perthshire Glens","centroidLat":56.69702,"centroidLong":-3.59103},"geometry":{"type":"Polygon","coordinates":[[[-2.463,56.748],[-2.427,56.752],[-2.455,56.703],[-2.475,56.706],[-2.472,56.714],[-2.474,56.72],[-2.478,56.722],[-2.516,56.723],[-2.528,56.71],[-2.53,56.715],[-2.54,56.72],[-2.532,56.714],[-2.539,56.712],[-2.545,56.717],[-2.553,56.717],[-2.556,56.716],[-2.559,56.713],[-2.516,56.699],[-2.437,56.702],[-2.447,56.68],[-2.469,56.671],[-2.587,56.655],[-2.612,56.688],[-2.706,56.681],[-2.733,56.654],[-2.773,56.65],[-2.759,56.64],[-2.839,56.636],[-2.835,56.617],[-2.883,56.617],[-2.895,56.609],[-2.883,56.579],[-2.894,56.563],[-2.877,56.556],[-2.892,56.543],[-2.941,56.547],[-2.949,56.5],[-3.032,56.502],[-3.052,56.497],[-3.051,56.483],[-3.098,56.479],[-3.089,56.467],[-3.12,56.468],[-3.207,56.518],[-3.202,56.505],[-3.231,56.502],[-3.337,56.432],[-3.427,56.444],[-3.449,56.46],[-3.469,56.434],[-3.458,56.425],[-3.493,56.415],[-3.519,56.437],[-3.587,56.447],[-3.765,56.436],[-3.795,56.461],[-3.925,56.477],[-4.047,56.482],[-4.099,56.465],[-4.109,56.489],[-4.154,56.51],[-4.297,56.475],[-4.331,56.539],[-4.365,56.547],[-4.4,56.527],[-4.577,56.505],[-4.633,56.473],[-4.671,56.48],[-4.686,56.491],[-4.654,56.526],[-4.698,56.55],[-4.6,56.577],[-4.56,56.573],[-4.635,56.623],[-4.618,56.638],[-4.63,56.655],[-4.664,56.64],[-4.715,56.642],[-4.72,56.656],[-4.718,56.677],[-4.592,56.693],[-4.606,56.708],[-4.576,56.735],[-4.59,56.76],[-4.547,56.772],[-4.521,56.805],[-4.442,56.774],[-4.374,56.832],[-4.331,56.824],[-4.304,56.851],[-4.199,56.87],[-4.206,56.884],[-4.174,56.912],[-4.136,56.897],[-3.993,56.891],[-3.968,56.899],[-3.969,56.929],[-3.939,56.949],[-3.936,56.935],[-3.895,56.923],[-3.822,56.938],[-3.784,56.923],[-3.741,56.934],[-3.71,56.914],[-3.684,56.916],[-3.675,56.932],[-3.583,56.931],[-3.561,56.884],[-3.372,56.875],[-3.285,56.907],[-3.284,56.929],[-3.121,56.888],[-3.083,56.958],[-3.026,56.973],[-2.954,56.967],[-2.892,56.987],[-2.833,56.977],[-2.825,56.962],[-2.765,56.96],[-2.687,56.915],[-2.681,56.888],[-2.661,56.886],[-2.671,56.842],[-2.616,56.783],[-2.53,56.785],[-2.463,56.748]],[[-2.434,56.748],[-2.434,56.748],[-2.434,56.748],[-2.434,56.748]],[[-2.434,56.748],[-2.434,56.749],[-2.434,56.747],[-2.432,56.747],[-2.434,56.748]],[[-2.449,56.682],[-2.449,56.683],[-2.449,56.682],[-2.449,56.682]]]}},{"type":"Feature","properties":{"code":"S14000066","name":"Arbroath and Broughty Ferry","centroidLat":56.57525,"centroidLong":-2.71002},"geometry":{"type":"Polygon","coordinates":[[[-2.504,56.654],[-2.509,56.651],[-2.506,56.653],[-2.508,56.655],[-2.511,56.654],[-2.513,56.654],[-2.514,56.652],[-2.516,56.652],[-2.517,56.651],[-2.514,56.652],[-2.513,56.654],[-2.51,56.654],[-2.507,56.653],[-2.511,56.651],[-2.503,56.631],[-2.481,56.621],[-2.538,56.567],[-2.708,56.499],[-2.735,56.465],[-2.796,56.48],[-2.87,56.462],[-2.967,56.492],[-2.949,56.5],[-2.941,56.547],[-2.88,56.55],[-2.894,56.563],[-2.883,56.579],[-2.895,56.609],[-2.835,56.617],[-2.839,56.636],[-2.759,56.64],[-2.773,56.65],[-2.733,56.654],[-2.706,56.681],[-2.612,56.688],[-2.587,56.655],[-2.53,56.671],[-2.504,56.654]],[[-2.516,56.651],[-2.516,56.651],[-2.516,56.651],[-2.516,56.651]],[[-2.516,56.651],[-2.515,56.651],[-2.517,56.65],[-2.518,56.65],[-2.519,56.65],[-2.519,56.649],[-2.518,56.649],[-2.515,56.651],[-2.515,56.651],[-2.516,56.651]],[[-2.519,56.65],[-2.519,56.65],[-2.519,56.65],[-2.519,56.65]],[[-2.521,56.65],[-2.52,56.651],[-2.522,56.65],[-2.522,56.65],[-2.521,56.65]],[[-2.617,56.544],[-2.617,56.544],[-2.617,56.544],[-2.617,56.544]],[[-2.618,56.544],[-2.619,56.545],[-2.617,56.544],[-2.618,56.544]],[[-2.618,56.544],[-2.618,56.544],[-2.618,56.544],[-2.618,56.544]],[[-2.618,56.544],[-2.622,56.542],[-2.622,56.541],[-2.619,56.543],[-2.618,56.544]],[[-2.717,56.494],[-2.717,56.494],[-2.716,56.494],[-2.717,56.494]],[[-2.717,56.494],[-2.718,56.495],[-2.717,56.494],[-2.717,56.494]],[[-2.788,56.479],[-2.788,56.479],[-2.788,56.479],[-2.788,56.479]],[[-2.788,56.479],[-2.787,56.479],[-2.788,56.479],[-2.788,56.479]],[[-2.524,56.647],[-2.523,56.649],[-2.524,56.65],[-2.525,56.65],[-2.526,56.649],[-2.524,56.647],[-2.529,56.647],[-2.524,56.647]]]}},{"type":"Feature","properties":{"code":"S14000067","name":"Argyll, Bute and South Lochaber","centroidLat":56.28945,"centroidLong":-5.22115},"geometry":{"type":"MultiPolygon","coordinates":[[[[-6.755,56.556],[-6.726,56.541],[-6.726,56.527],[-6.808,56.521],[-6.795,56.506],[-6.811,56.489],[-6.879,56.488],[-6.899,56.47],[-6.888,56.449],[-6.912,56.44],[-6.951,56.459],[-6.98,56.452],[-6.974,56.488],[-6.999,56.503],[-6.951,56.529],[-6.913,56.531],[-6.88,56.518],[-6.817,56.543],[-6.779,56.537],[-6.755,56.556]],[[-6.905,56.524],[-6.904,56.524],[-6.904,56.524],[-6.905,56.524]],[[-6.906,56.524],[-6.905,56.523],[-6.905,56.524],[-6.906,56.524]],[[-6.906,56.524],[-6.907,56.524],[-6.906,56.524],[-6.906,56.524]]],[[[-6.453,56.687],[-6.499,56.621],[-6.534,56.639],[-6.523,56.613],[-6.567,56.587],[-6.601,56.589],[-6.611,56.575],[-6.625,56.593],[-6.638,56.573],[-6.671,56.583],[-6.691,56.563],[-6.71,56.575],[-6.655,56.594],[-6.612,56.638],[-6.532,56.676],[-6.453,56.687]],[[-6.621,56.593],[-6.621,56.593],[-6.622,56.593],[-6.621,56.593]],[[-6.62,56.593],[-6.621,56.593],[-6.621,56.593],[-6.62,56.593]],[[-6.621,56.594],[-6.622,56.593],[-6.621,56.593],[-6.621,56.594]],[[-6.507,56.679],[-6.507,56.679],[-6.507,56.679],[-6.507,56.679]],[[-6.507,56.679],[-6.506,56.679],[-6.505,56.679],[-6.506,56.68],[-6.507,56.679]],[[-6.505,56.679],[-6.505,56.68],[-6.505,56.679],[-6.505,56.679]],[[-6.505,56.68],[-6.503,56.679],[-6.505,56.68],[-6.505,56.68]]],[[[-6.382,56.35],[-6.422,56.307],[-6.445,56.314],[-6.408,56.347],[-6.382,56.35]]],[[[-6.301,56.497],[-6.254,56.494],[-6.279,56.474],[-6.307,56.481],[-6.301,56.497]]],[[[-6.127,55.938],[-6.132,55.89],[-6.103,55.846],[-6.104,55.813],[-6.047,55.764],[-6.053,55.742],[-6.029,55.724],[-6.036,55.692],[-6.02,55.685],[-6.072,55.665],[-6.074,55.642],[-6.149,55.626],[-6.186,55.623],[-6.194,55.633],[-6.215,55.63],[-6.234,55.597],[-6.268,55.579],[-6.338,55.59],[-6.309,55.646],[-6.273,55.65],[-6.261,55.659],[-6.26,55.658],[-6.259,55.658],[-6.258,55.658],[-6.288,55.702],[-6.311,55.719],[-6.341,55.716],[-6.34,55.73],[-6.262,55.764],[-6.251,55.775],[-6.261,55.785],[-6.28,55.781],[-6.347,55.784],[-6.384,55.731],[-6.482,55.673],[-6.526,55.693],[-6.493,55.713],[-6.507,55.719],[-6.498,55.736],[-6.461,55.752],[-6.471,55.755],[-6.457,55.782],[-6.487,55.793],[-6.457,55.809],[-6.455,55.852],[-6.392,55.858],[-6.328,55.891],[-6.346,55.835],[-6.319,55.822],[-6.328,55.834],[-6.311,55.874],[-6.268,55.882],[-6.197,55.927],[-6.127,55.938]],[[-6.215,55.63],[-6.215,55.63],[-6.215,55.63],[-6.215,55.63]],[[-6.216,55.63],[-6.217,55.63],[-6.215,55.63],[-6.216,55.63]],[[-6.264,55.674],[-6.265,55.674],[-6.265,55.674],[-6.264,55.674]],[[-6.264,55.674],[-6.263,55.672],[-6.263,55.673],[-6.264,55.674]],[[-6.26,55.784],[-6.26,55.784],[-6.26,55.784],[-6.26,55.784]],[[-6.259,55.784],[-6.26,55.784],[-6.26,55.784],[-6.259,55.784]],[[-6.259,55.784],[-6.258,55.784],[-6.259,55.784],[-6.259,55.784]],[[-6.265,55.784],[-6.266,55.784],[-6.266,55.784],[-6.265,55.784]],[[-6.264,55.784],[-6.265,55.784],[-6.265,55.784],[-6.264,55.784]],[[-6.334,55.824],[-6.334,55.824],[-6.334,55.824],[-6.334,55.824]],[[-6.334,55.824],[-6.335,55.823],[-6.334,55.822],[-6.335,55.822],[-6.334,55.822],[-6.334,55.824]],[[-6.32,55.842],[-6.319,55.842],[-6.32,55.842],[-6.32,55.842]]],[[[-6.206,56.021],[-6.254,56.001],[-6.255,56.016],[-6.274,56.021],[-6.206,56.021]]],[[[-6.139,56.128],[-6.168,56.078],[-6.197,56.062],[-6.187,56.041],[-6.217,56.028],[-6.22,56.041],[-6.25,56.034],[-6.246,56.045],[-6.28,56.037],[-6.248,56.055],[-6.261,56.057],[-6.246,56.063],[-6.256,56.064],[-6.258,56.066],[-6.241,56.073],[-6.253,56.075],[-6.246,56.086],[-6.139,56.128]],[[-6.223,56.04],[-6.223,56.04],[-6.223,56.04],[-6.223,56.04]],[[-6.222,56.041],[-6.223,56.041],[-6.223,56.04],[-6.222,56.041]],[[-6.223,56.041],[-6.223,56.041],[-6.223,56.041],[-6.223,56.041]]],[[[-6.23,56.501],[-6.141,56.472],[-6.204,56.46],[-6.208,56.472],[-6.241,56.466],[-6.269,56.478],[-6.23,56.501]]],[[[-5.697,56.144],[-5.69,56.109],[-5.836,55.971],[-5.873,55.89],[-5.887,55.879],[-5.882,55.892],[-5.897,55.89],[-5.894,55.872],[-5.902,55.867],[-5.937,55.867],[-5.951,55.835],[-5.94,55.826],[-5.964,55.792],[-6.036,55.795],[-6.08,55.821],[-6.097,55.872],[-6.094,55.891],[-6.043,55.941],[-5.915,55.956],[-5.848,55.979],[-5.855,55.99],[-5.882,55.97],[-5.894,55.982],[-5.94,55.96],[-6.006,55.973],[-5.963,56.029],[-5.721,56.148],[-5.697,56.144]],[[-6.09,55.867],[-6.091,55.867],[-6.091,55.867],[-6.09,55.867]]],[[[-6.249,56.343],[-6.103,56.342],[-6.019,56.365],[-6.003,56.378],[-6.015,56.388],[-5.997,56.383],[-5.979,56.386],[-6.023,56.395],[-6.059,56.376],[-6.195,56.359],[-6.206,56.385],[-6.151,56.413],[-6.129,56.448],[-6.055,56.451],[-5.995,56.493],[-6.122,56.472],[-6.15,56.481],[-6.138,56.491],[-6.149,56.5],[-6.225,56.529],[-6.34,56.537],[-6.334,56.555],[-6.28,56.577],[-6.315,56.577],[-6.324,56.606],[-6.254,56.613],[-6.188,56.582],[-6.224,56.605],[-6.212,56.603],[-6.227,56.633],[-6.195,56.624],[-6.208,56.636],[-6.147,56.653],[-6.06,56.635],[-6.07,56.621],[-5.989,56.58],[-5.962,56.538],[-5.975,56.532],[-5.951,56.518],[-5.797,56.515],[-5.774,56.5],[-5.768,56.489],[-5.72,56.486],[-5.678,56.461],[-5.685,56.452],[-5.646,56.447],[-5.651,56.425],[-5.679,56.441],[-5.695,56.427],[-5.693,56.424],[-5.686,56.435],[-5.676,56.435],[-5.675,56.42],[-5.652,56.417],[-5.668,56.39],[-5.709,56.387],[-5.711,56.415],[-5.748,56.413],[-5.732,56.396],[-5.795,56.367],[-5.691,56.383],[-5.706,56.361],[-5.834,56.311],[-5.889,56.322],[-5.846,56.345],[-5.877,56.356],[-5.934,56.322],[-5.987,56.323],[-6.045,56.292],[-6.079,56.302],[-6.143,56.284],[-6.245,56.289],[-6.265,56.264],[-6.324,56.269],[-6.323,56.283],[-6.35,56.283],[-6.345,56.305],[-6.377,56.309],[-6.351,56.348],[-6.273,56.338],[-6.267,56.324],[-6.286,56.327],[-6.298,56.324],[-6.268,56.318],[-6.231,56.317],[-6.249,56.343]],[[-5.984,56.39],[-5.984,56.39],[-5.985,56.39],[-5.984,56.39]],[[-5.984,56.39],[-5.984,56.389],[-5.982,56.391],[-5.984,56.39]],[[-5.776,56.498],[-5.776,56.498],[-5.776,56.498],[-5.776,56.498]],[[-5.776,56.498],[-5.776,56.497],[-5.776,56.498],[-5.776,56.498]],[[-6.365,56.311],[-6.365,56.311],[-6.365,56.311],[-6.365,56.311]]],[[[-5.879,56.811],[-5.856,56.808],[-5.809,56.794],[-5.888,56.793],[-5.879,56.811]]],[[[-5.713,55.725],[-5.733,55.706],[-5.722,55.7],[-5.734,55.684],[-5.718,55.688],[-5.737,55.677],[-5.731,55.663],[-5.764,55.646],[-5.76,55.668],[-5.774,55.677],[-5.737,55.707],[-5.739,55.725],[-5.713,55.725]]],[[[-5.69,56.201],[-5.67,56.171],[-5.696,56.161],[-5.752,56.168],[-5.69,56.201]]],[[[-5.639,56.271],[-5.618,56.243],[-5.632,56.188],[-5.666,56.219],[-5.651,56.261],[-5.639,56.271]]],[[[-5.334,56.859],[-5.18,56.846],[-5.123,56.827],[-5.218,56.766],[-5.24,56.767],[-5.231,56.751],[-5.257,56.732],[-5.243,56.72],[-5.284,56.701],[-5.288,56.71],[-5.299,56.714],[-5.306,56.714],[-5.47,56.615],[-5.529,56.616],[-5.492,56.606],[-5.548,56.554],[-5.684,56.497],[-5.771,56.533],[-5.74,56.562],[-5.748,56.565],[-5.785,56.532],[-5.905,56.551],[-6.001,56.62],[-6.007,56.645],[-5.906,56.658],[-5.892,56.639],[-5.831,56.621],[-5.88,56.653],[-5.747,56.702],[-5.674,56.677],[-5.61,56.677],[-5.535,56.684],[-5.534,56.689],[-5.655,56.682],[-5.718,56.71],[-5.778,56.717],[-5.836,56.675],[-5.926,56.676],[-5.946,56.689],[-5.974,56.672],[-6.11,56.697],[-6.14,56.683],[-6.184,56.687],[-6.228,56.716],[-6.212,56.735],[-6.184,56.737],[-6.186,56.755],[-6.006,56.763],[-6.014,56.772],[-5.981,56.769],[-5.966,56.785],[-5.909,56.75],[-5.886,56.763],[-5.87,56.742],[-5.841,56.74],[-5.849,56.76],[-5.888,56.766],[-5.893,56.779],[-5.855,56.768],[-5.797,56.792],[-5.78,56.783],[-5.747,56.784],[-5.865,56.811],[-5.861,56.83],[-5.718,56.844],[-5.666,56.875],[-5.683,56.881],[-5.455,56.872],[-5.474,56.85],[-5.442,56.87],[-5.406,56.858],[-5.395,56.862],[-5.334,56.859]],[[-5.263,56.843],[-5.263,56.843],[-5.262,56.843],[-5.263,56.843]],[[-5.263,56.843],[-5.263,56.843],[-5.263,56.843],[-5.263,56.843]],[[-5.263,56.843],[-5.263,56.842],[-5.263,56.843],[-5.263,56.843]],[[-5.264,56.716],[-5.265,56.716],[-5.264,56.716],[-5.264,56.716]],[[-6.211,56.726],[-6.212,56.726],[-6.212,56.726],[-6.211,56.726]],[[-5.836,56.746],[-5.836,56.746],[-5.836,56.746],[-5.836,56.746]],[[-5.835,56.745],[-5.835,56.746],[-5.836,56.746],[-5.835,56.745]],[[-5.835,56.745],[-5.834,56.745],[-5.835,56.745],[-5.835,56.745]],[[-5.841,56.751],[-5.841,56.751],[-5.841,56.751],[-5.841,56.751]],[[-5.853,56.762],[-5.853,56.762],[-5.853,56.762],[-5.853,56.762]],[[-5.855,56.768],[-5.855,56.768],[-5.855,56.768],[-5.855,56.768]],[[-5.817,56.828],[-5.817,56.828],[-5.817,56.828],[-5.817,56.828]],[[-5.336,56.858],[-5.336,56.858],[-5.335,56.858],[-5.336,56.858]],[[-5.336,56.858],[-5.337,56.858],[-5.338,56.858],[-5.337,56.858],[-5.336,56.858]]],[[[-5.597,56.227],[-5.59,56.204],[-5.611,56.195],[-5.613,56.227],[-5.597,56.227]]],[[[-5.581,56.327],[-5.623,56.265],[-5.634,56.291],[-5.654,56.297],[-5.581,56.327]]],[[[-5.498,56.42],[-5.552,56.373],[-5.589,56.38],[-5.563,56.408],[-5.498,56.42]]],[[[-5.427,56.561],[-5.507,56.498],[-5.599,56.461],[-5.572,56.498],[-5.522,56.513],[-5.472,56.557],[-5.427,56.561]]],[[[-5.158,55.921],[-5.077,55.88],[-5.092,55.863],[-5.062,55.859],[-5.059,55.839],[-5.025,55.844],[-5.001,55.77],[-5.032,55.755],[-5.008,55.727],[-5.054,55.733],[-5.061,55.759],[-5.094,55.778],[-5.12,55.772],[-5.127,55.809],[-5.143,55.813],[-5.129,55.845],[-5.169,55.852],[-5.221,55.901],[-5.186,55.927],[-5.158,55.921]],[[-5.167,55.92],[-5.167,55.92],[-5.167,55.92],[-5.167,55.92]]],[[[-5.482,56.257],[-5.599,56.254],[-5.579,56.284],[-5.592,56.283],[-5.578,56.334],[-5.555,56.348],[-5.52,56.34],[-5.442,56.364],[-5.493,56.363],[-5.52,56.345],[-5.537,56.356],[-5.514,56.396],[-5.473,56.413],[-5.483,56.437],[-5.441,56.456],[-5.437,56.447],[-5.35,56.46],[-5.267,56.458],[-5.258,56.45],[-5.252,56.441],[-5.248,56.438],[-5.249,56.437],[-5.247,56.437],[-5.19,56.448],[-5.135,56.477],[-5.136,56.49],[-5.118,56.488],[-5.128,56.492],[-5.06,56.56],[-5.079,56.56],[-5.135,56.503],[-5.157,56.502],[-5.185,56.461],[-5.23,56.447],[-5.257,56.464],[-5.346,56.472],[-5.407,56.459],[-5.405,56.484],[-5.427,56.496],[-5.42,56.508],[-5.454,56.476],[-5.452,56.488],[-5.474,56.481],[-5.42,56.527],[-5.359,56.514],[-5.231,56.564],[-5.323,56.549],[-5.366,56.524],[-5.393,56.544],[-5.417,56.539],[-5.408,56.561],[-5.369,56.566],[-5.388,56.576],[-5.361,56.604],[-5.296,56.639],[-5.326,56.647],[-5.223,56.686],[-5.137,56.677],[-4.969,56.715],[-5.162,56.685],[-5.247,56.703],[-5.191,56.755],[-5.121,56.731],[-5.056,56.751],[-4.901,56.746],[-4.853,56.779],[-4.778,56.771],[-4.745,56.742],[-4.685,56.746],[-4.659,56.716],[-4.591,56.704],[-4.658,56.675],[-4.718,56.677],[-4.72,56.656],[-4.715,56.642],[-4.664,56.64],[-4.63,56.655],[-4.618,56.638],[-4.635,56.623],[-4.562,56.57],[-4.6,56.577],[-4.696,56.551],[-4.653,56.519],[-4.686,56.491],[-4.639,56.476],[-4.666,56.46],[-4.726,56.459],[-4.733,56.434],[-4.812,56.418],[-4.813,56.398],[-4.854,56.37],[-4.783,56.344],[-4.786,56.324],[-4.658,56.322],[-4.682,56.298],[-4.66,56.281],[-4.697,56.274],[-4.685,56.216],[-4.696,56.2],[-4.656,56.165],[-4.64,56.122],[-4.589,56.108],[-4.622,56.045],[-4.602,56.02],[-4.66,56.003],[-4.618,55.989],[-4.625,55.972],[-4.602,55.958],[-4.608,55.949],[-4.702,55.967],[-4.685,55.976],[-4.701,55.993],[-4.787,56.015],[-4.831,56.08],[-4.837,56.05],[-4.768,55.988],[-4.838,55.984],[-4.867,56.013],[-4.88,56.058],[-4.749,56.207],[-4.786,56.186],[-4.862,56.1],[-4.887,56.109],[-4.883,56.143],[-4.901,56.17],[-4.918,56.164],[-4.9,56.146],[-4.909,56.112],[-4.874,56.086],[-4.914,56.051],[-4.897,55.984],[-4.962,56.006],[-4.961,55.989],[-4.908,55.968],[-4.979,55.862],[-5.045,55.871],[-5.069,55.952],[-5.105,55.972],[-5.123,56.01],[-5.129,55.997],[-5.082,55.938],[-5.077,55.898],[-5.179,55.933],[-5.19,55.947],[-5.184,55.972],[-5.188,55.985],[-5.195,55.983],[-5.193,55.986],[-5.196,55.983],[-5.189,55.982],[-5.203,55.944],[-5.196,55.932],[-5.242,55.894],[-5.209,55.856],[-5.204,55.827],[-5.256,55.852],[-5.313,55.853],[-5.311,55.876],[-5.352,55.898],[-5.327,55.956],[-5.347,55.969],[-5.341,55.996],[-5.264,56.071],[-5.201,56.108],[-5.203,56.128],[-5.101,56.156],[-5.057,56.21],[-4.982,56.236],[-4.917,56.272],[-5.047,56.234],[-5.039,56.257],[-5.042,56.26],[-5.111,56.2],[-5.118,56.171],[-5.237,56.128],[-5.306,56.061],[-5.334,56.068],[-5.346,56.022],[-5.406,56.001],[-5.428,56.011],[-5.43,56.035],[-5.441,56.038],[-5.451,55.972],[-5.395,55.87],[-5.406,55.871],[-5.415,55.864],[-5.385,55.862],[-5.34,55.827],[-5.315,55.783],[-5.328,55.765],[-5.394,55.752],[-5.451,55.707],[-5.449,55.688],[-5.484,55.643],[-5.458,55.576],[-5.467,55.571],[-5.47,55.582],[-5.488,55.579],[-5.485,55.585],[-5.488,55.585],[-5.489,55.585],[-5.49,55.53],[-5.504,55.527],[-5.51,55.487],[-5.546,55.466],[-5.551,55.434],[-5.604,55.427],[-5.551,55.418],[-5.52,55.361],[-5.604,55.308],[-5.688,55.309],[-5.753,55.289],[-5.799,55.299],[-5.796,55.391],[-5.75,55.425],[-5.722,55.427],[-5.716,55.442],[-5.704,55.533],[-5.716,55.573],[-5.693,55.587],[-5.672,55.633],[-5.663,55.668],[-5.677,55.682],[-5.62,55.71],[-5.57,55.767],[-5.553,55.767],[-5.51,55.794],[-5.488,55.803],[-5.479,55.804],[-5.436,55.857],[-5.539,55.786],[-5.615,55.761],[-5.6,55.778],[-5.62,55.784],[-5.61,55.793],[-5.605,55.792],[-5.605,55.792],[-5.608,55.795],[-5.64,55.787],[-5.664,55.799],[-5.665,55.84],[-5.62,55.9],[-5.585,55.92],[-5.576,55.939],[-5.572,55.938],[-5.571,55.938],[-5.568,55.937],[-5.569,55.94],[-5.578,55.94],[-5.599,55.929],[-5.609,55.929],[-5.676,55.887],[-5.688,55.911],[-5.666,55.949],[-5.575,56.015],[-5.565,56.03],[-5.577,56.02],[-5.598,56.016],[-5.566,56.041],[-5.609,56.024],[-5.577,56.052],[-5.58,56.055],[-5.625,56.024],[-5.611,56.02],[-5.635,55.992],[-5.658,55.984],[-5.636,56.013],[-5.652,56.001],[-5.668,55.964],[-5.715,55.949],[-5.584,56.092],[-5.525,56.071],[-5.527,56.073],[-5.516,56.073],[-5.512,56.075],[-5.517,56.079],[-5.512,56.078],[-5.509,56.079],[-5.545,56.084],[-5.53,56.101],[-5.569,56.114],[-5.508,56.191],[-5.615,56.132],[-5.588,56.153],[-5.604,56.15],[-5.557,56.204],[-5.567,56.211],[-5.541,56.217],[-5.543,56.217],[-5.546,56.219],[-5.549,56.231],[-5.567,56.237],[-5.482,56.257]],[[-5.583,56.286],[-5.582,56.287],[-5.583,56.286],[-5.583,56.286]],[[-5.296,56.639],[-5.296,56.639],[-5.296,56.639],[-5.296,56.639]],[[-5.296,56.639],[-5.296,56.639],[-5.296,56.639],[-5.296,56.639]],[[-5.188,55.985],[-5.188,55.985],[-5.188,55.985],[-5.188,55.985]],[[-5.188,55.986],[-5.188,55.986],[-5.188,55.985],[-5.188,55.986]],[[-5.188,55.986],[-5.188,55.986],[-5.188,55.986],[-5.188,55.986]],[[-5.187,55.985],[-5.186,55.986],[-5.187,55.985],[-5.187,55.986],[-5.188,55.986],[-5.187,55.985]],[[-5.08,56.167],[-5.08,56.168],[-5.08,56.167],[-5.08,56.167]],[[-5.339,55.766],[-5.34,55.766],[-5.339,55.766],[-5.339,55.766]],[[-5.491,55.8],[-5.491,55.8],[-5.491,55.8],[-5.491,55.8]],[[-5.573,55.938],[-5.571,55.938],[-5.574,55.938],[-5.573,55.938]],[[-5.666,55.978],[-5.666,55.977],[-5.666,55.977],[-5.666,55.978]],[[-5.67,55.973],[-5.669,55.979],[-5.673,55.979],[-5.67,55.973]],[[-5.521,56.07],[-5.521,56.071],[-5.522,56.071],[-5.521,56.07]],[[-5.511,56.191],[-5.511,56.191],[-5.511,56.191],[-5.511,56.191]],[[-5.509,56.191],[-5.511,56.191],[-5.511,56.191],[-5.509,56.191]],[[-5.542,56.218],[-5.542,56.218],[-5.542,56.218],[-5.542,56.218]],[[-5.541,56.218],[-5.542,56.218],[-5.542,56.218],[-5.541,56.218]],[[-5.541,56.218],[-5.541,56.218],[-5.541,56.218],[-5.541,56.218]],[[-5.541,56.217],[-5.541,56.218],[-5.541,56.218],[-5.541,56.217]],[[-5.482,56.257],[-5.481,56.257],[-5.482,56.257],[-5.482,56.257]],[[-5.566,56.03],[-5.566,56.03],[-5.566,56.03],[-5.566,56.03]]]]}},{"type":"Feature","properties":{"code":"E14001067","name":"Arundel and South Downs","centroidLat":50.95799,"centroidLong":-0.61585},"geometry":{"type":"MultiPolygon","coordinates":[[[[-0.225,50.948],[-0.224,50.912],[-0.244,50.907],[-0.241,50.865],[-0.299,50.864],[-0.298,50.866],[-0.298,50.868],[-0.299,50.869],[-0.301,50.869],[-0.301,50.871],[-0.303,50.872],[-0.303,50.876],[-0.304,50.877],[-0.303,50.88],[-0.306,50.882],[-0.307,50.888],[-0.31,50.889],[-0.304,50.896],[-0.303,50.899],[-0.299,50.899],[-0.293,50.899],[-0.293,50.899],[-0.292,50.901],[-0.292,50.904],[-0.292,50.908],[-0.295,50.91],[-0.299,50.912],[-0.3,50.918],[-0.31,50.926],[-0.309,50.932],[-0.303,50.935],[-0.298,50.943],[-0.293,50.944],[-0.293,50.947],[-0.266,50.957],[-0.225,50.948]]],[[[-0.292,50.904],[-0.304,50.899],[-0.304,50.896],[-0.31,50.889],[-0.304,50.872],[-0.299,50.866],[-0.34,50.863],[-0.365,50.875],[-0.364,50.888],[-0.413,50.88],[-0.431,50.893],[-0.44,50.878],[-0.455,50.897],[-0.494,50.868],[-0.51,50.829],[-0.566,50.828],[-0.561,50.851],[-0.547,50.851],[-0.541,50.853],[-0.539,50.856],[-0.539,50.858],[-0.541,50.859],[-0.546,50.86],[-0.544,50.866],[-0.533,50.864],[-0.525,50.867],[-0.54,50.882],[-0.561,50.888],[-0.559,50.89],[-0.549,50.893],[-0.543,50.896],[-0.543,50.898],[-0.546,50.899],[-0.547,50.9],[-0.55,50.899],[-0.556,50.905],[-0.552,50.909],[-0.551,50.913],[-0.542,50.913],[-0.536,50.917],[-0.547,50.929],[-0.513,50.935],[-0.511,50.936],[-0.511,50.938],[-0.514,50.942],[-0.506,50.943],[-0.503,50.946],[-0.502,50.952],[-0.505,50.956],[-0.519,50.956],[-0.503,50.946],[-0.547,50.929],[-0.537,50.917],[-0.552,50.913],[-0.556,50.904],[-0.551,50.899],[-0.544,50.898],[-0.549,50.893],[-0.559,50.89],[-0.561,50.888],[-0.54,50.881],[-0.547,50.86],[-0.542,50.853],[-0.56,50.852],[-0.57,50.832],[-0.623,50.833],[-0.644,50.814],[-0.629,50.805],[-0.639,50.8],[-0.687,50.821],[-0.686,50.855],[-0.738,50.854],[-0.721,50.887],[-0.761,50.892],[-0.784,50.94],[-0.82,50.952],[-0.841,50.929],[-0.852,50.953],[-0.891,50.938],[-0.942,50.943],[-0.893,51.003],[-0.897,51.022],[-0.837,51.069],[-0.798,51.064],[-0.754,51.086],[-0.697,51.071],[-0.492,51.094],[-0.476,51.021],[-0.517,50.997],[-0.443,50.988],[-0.419,51.006],[-0.413,50.974],[-0.383,50.941],[-0.309,50.947],[-0.31,50.926],[-0.3,50.918],[-0.299,50.912],[-0.292,50.904]],[[-0.501,50.951],[-0.5,50.951],[-0.502,50.952],[-0.501,50.951]],[[-0.499,50.952],[-0.499,50.952],[-0.497,50.953],[-0.499,50.952]],[[-0.496,50.953],[-0.497,50.953],[-0.497,50.953],[-0.496,50.953]],[[-0.488,50.953],[-0.494,50.952],[-0.492,50.952],[-0.488,50.953]],[[-0.487,50.952],[-0.487,50.952],[-0.488,50.953],[-0.487,50.952]],[[-0.486,50.952],[-0.487,50.953],[-0.487,50.952],[-0.486,50.952]],[[-0.519,50.956],[-0.519,50.956],[-0.519,50.956],[-0.519,50.956]],[[-0.52,50.956],[-0.535,50.955],[-0.527,50.961],[-0.527,50.964],[-0.531,50.967],[-0.528,50.972],[-0.528,50.973],[-0.527,50.974],[-0.527,50.975],[-0.53,50.978],[-0.529,50.979],[-0.528,50.979],[-0.525,50.981],[-0.523,50.982],[-0.525,50.981],[-0.529,50.979],[-0.53,50.978],[-0.536,50.953],[-0.52,50.956]]]]}},{"type":"Feature","properties":{"code":"E14001068","name":"Ashfield","centroidLat":53.10395,"centroidLong":-1.25411},"geometry":{"type":"Polygon","coordinates":[[[-1.23,53.178],[-1.214,53.166],[-1.241,53.153],[-1.24,53.14],[-1.172,53.122],[-1.164,53.103],[-1.226,53.081],[-1.229,53.052],[-1.264,53.038],[-1.336,53.053],[-1.343,53.071],[-1.301,53.102],[-1.323,53.162],[-1.23,53.178]]]}},{"type":"Feature","properties":{"code":"E14001069","name":"Ashford","centroidLat":51.14343,"centroidLong":1.018285},"geometry":{"type":"Polygon","coordinates":[[[1.148,51.177],[1.158,51.159],[1.21,51.154],[1.171,51.125],[1.197,51.118],[1.199,51.097],[1.137,51.102],[1.118,51.084],[1.082,51.104],[1.036,51.086],[1.0,51.095],[0.996,51.081],[0.974,51.107],[0.895,51.093],[0.897,51.113],[0.826,51.135],[0.848,51.148],[0.837,51.164],[0.91,51.173],[0.914,51.192],[0.949,51.205],[1.004,51.18],[1.05,51.185],[1.058,51.205],[1.148,51.177]]]}},{"type":"Feature","properties":{"code":"E14001070","name":"Ashton-under-Lyne","centroidLat":53.48594,"centroidLong":-2.11217},"geometry":{"type":"Polygon","coordinates":[[[-2.062,53.522],[-2.078,53.466],[-2.149,53.461],[-2.168,53.48],[-2.162,53.493],[-2.062,53.522]]]}},{"type":"Feature","properties":{"code":"E14001071","name":"Aylesbury","centroidLat":51.8399,"centroidLong":-0.61999},"geometry":{"type":"Polygon","coordinates":[[[-0.733,51.923],[-0.584,51.87],[-0.538,51.831],[-0.582,51.807],[-0.665,51.816],[-0.695,51.841],[-0.692,51.857],[-0.72,51.856],[-0.745,51.838],[-0.683,51.797],[-0.673,51.768],[-0.693,51.759],[-0.742,51.798],[-0.756,51.775],[-0.784,51.797],[-0.819,51.792],[-0.861,51.826],[-0.827,51.832],[-0.831,51.852],[-0.849,51.848],[-0.862,51.865],[-0.838,51.897],[-0.801,51.891],[-0.733,51.923]]]}},{"type":"Feature","properties":{"code":"S14000107","name":"Ayr, Carrick and Cumnock","centroidLat":55.30317,"centroidLong":-4.53854},"geometry":{"type":"Polygon","coordinates":[[[-4.519,55.474],[-4.414,55.492],[-4.387,55.498],[-4.397,55.485],[-4.386,55.48],[-4.329,55.482],[-4.284,55.454],[-4.208,55.467],[-4.101,55.425],[-4.016,55.447],[-4.002,55.437],[-4.091,55.412],[-4.107,55.369],[-4.086,55.351],[-4.139,55.285],[-4.203,55.318],[-4.301,55.31],[-4.36,55.258],[-4.377,55.201],[-4.395,55.199],[-4.421,55.144],[-4.439,55.138],[-4.443,55.168],[-4.456,55.171],[-4.479,55.153],[-4.565,55.158],[-4.646,55.128],[-4.664,55.114],[-4.662,55.09],[-4.629,55.076],[-4.634,55.051],[-4.789,55.031],[-4.802,55.044],[-4.885,55.039],[-4.895,55.061],[-4.923,55.066],[-4.978,55.009],[-5.04,54.998],[-5.055,55.012],[-5.052,55.051],[-5.006,55.093],[-5.011,55.091],[-5.01,55.104],[-4.997,55.138],[-4.86,55.227],[-4.864,55.246],[-4.836,55.283],[-4.847,55.324],[-4.775,55.36],[-4.754,55.416],[-4.648,55.437],[-4.646,55.47],[-4.622,55.46],[-4.644,55.471],[-4.627,55.481],[-4.586,55.476],[-4.595,55.456],[-4.541,55.449],[-4.519,55.474]],[[-5.007,55.094],[-5.008,55.095],[-5.009,55.094],[-5.007,55.094]],[[-5.009,55.095],[-5.008,55.095],[-5.009,55.096],[-5.009,55.095]]]}},{"type":"Feature","properties":{"code":"E14001072","name":"Banbury","centroidLat":51.99083,"centroidLong":-1.43463},"geometry":{"type":"Polygon","coordinates":[[[-1.252,52.102],[-1.321,52.088],[-1.298,52.078],[-1.313,52.051],[-1.278,52.014],[-1.284,51.98],[-1.202,51.974],[-1.217,51.973],[-1.235,51.939],[-1.294,51.943],[-1.285,51.924],[-1.325,51.923],[-1.333,51.896],[-1.383,51.921],[-1.428,51.906],[-1.409,51.874],[-1.436,51.865],[-1.437,51.845],[-1.521,51.838],[-1.57,51.886],[-1.57,51.903],[-1.624,51.885],[-1.646,51.922],[-1.615,51.938],[-1.669,51.975],[-1.666,51.987],[-1.612,51.955],[-1.592,51.97],[-1.6,51.977],[-1.525,51.993],[-1.488,52.094],[-1.447,52.098],[-1.453,52.113],[-1.427,52.118],[-1.385,52.094],[-1.358,52.101],[-1.393,52.119],[-1.349,52.135],[-1.332,52.168],[-1.252,52.102]]]}},{"type":"Feature","properties":{"code":"W07000083","name":"Bangor Aberconwy","centroidLat":53.14801,"centroidLong":-3.70963},"geometry":{"type":"Polygon","coordinates":[[[-3.759,53.312],[-3.776,53.286],[-3.747,53.268],[-3.684,53.278],[-3.552,53.268],[-3.559,53.255],[-3.466,53.221],[-3.474,53.176],[-3.461,53.164],[-3.43,53.158],[-3.362,53.182],[-3.357,53.149],[-3.392,53.122],[-3.349,53.123],[-3.336,53.104],[-3.315,53.105],[-3.31,53.072],[-3.404,53.036],[-3.425,53.003],[-3.455,52.998],[-3.483,52.969],[-3.583,52.968],[-3.611,52.996],[-3.607,53.012],[-3.813,52.949],[-3.897,52.995],[-3.888,53.012],[-3.899,53.021],[-3.992,53.014],[-3.997,53.038],[-3.977,53.065],[-3.987,53.084],[-4.039,53.102],[-4.059,53.14],[-4.098,53.151],[-4.117,53.177],[-4.21,53.189],[-4.195,53.213],[-4.128,53.236],[-4.086,53.226],[-4.031,53.237],[-4.027,53.243],[-3.983,53.259],[-3.846,53.297],[-3.81,53.266],[-3.828,53.253],[-3.808,53.236],[-3.823,53.229],[-3.841,53.192],[-3.82,53.181],[-3.826,53.17],[-3.825,53.157],[-3.822,53.155],[-3.822,53.156],[-3.814,53.153],[-3.813,53.153],[-3.824,53.158],[-3.825,53.17],[-3.819,53.18],[-3.822,53.183],[-3.826,53.185],[-3.834,53.194],[-3.833,53.201],[-3.803,53.233],[-3.821,53.251],[-3.798,53.273],[-3.823,53.28],[-3.845,53.319],[-3.88,53.339],[-3.833,53.338],[-3.819,53.323],[-3.778,53.329],[-3.759,53.312]],[[-4.001,53.252],[-4.001,53.252],[-4.001,53.252],[-4.001,53.252]],[[-4.0,53.252],[-4.001,53.252],[-4.001,53.252],[-4.0,53.252]],[[-3.997,53.251],[-3.997,53.252],[-3.997,53.252],[-3.997,53.251]],[[-3.997,53.251],[-3.996,53.25],[-3.997,53.251],[-3.997,53.251]],[[-3.827,53.279],[-3.827,53.279],[-3.827,53.279],[-3.827,53.279]],[[-3.829,53.279],[-3.828,53.279],[-3.827,53.279],[-3.829,53.279]],[[-3.834,53.212],[-3.833,53.212],[-3.833,53.212],[-3.834,53.212]],[[-3.834,53.212],[-3.834,53.211],[-3.834,53.212],[-3.834,53.212]],[[-3.835,53.211],[-3.834,53.211],[-3.834,53.211],[-3.835,53.211]],[[-3.835,53.211],[-3.837,53.211],[-3.838,53.21],[-3.835,53.21],[-3.835,53.211]],[[-3.83,53.182],[-3.829,53.183],[-3.828,53.183],[-3.83,53.182]],[[-3.831,53.181],[-3.835,53.181],[-3.83,53.182],[-3.831,53.181]],[[-3.822,53.155],[-3.822,53.155],[-3.822,53.155],[-3.822,53.155]],[[-3.823,53.154],[-3.822,53.154],[-3.822,53.155],[-3.823,53.154]],[[-3.823,53.159],[-3.824,53.16],[-3.824,53.16],[-3.823,53.159]],[[-3.832,53.196],[-3.831,53.197],[-3.831,53.197],[-3.832,53.196]],[[-3.803,53.275],[-3.803,53.276],[-3.803,53.275],[-3.803,53.275]],[[-3.812,53.28],[-3.813,53.281],[-3.813,53.281],[-3.812,53.28]]]}},{"type":"Feature","properties":{"code":"E14001073","name":"Barking","centroidLat":51.53932,"centroidLong":0.106043},"geometry":{"type":"Polygon","coordinates":[[[0.143,51.515],[0.099,51.515],[0.069,51.544],[0.125,51.564],[0.162,51.544],[0.14,51.541],[0.143,51.515]]]}},{"type":"Feature","properties":{"code":"E14001074","name":"Barnsley North","centroidLat":53.57609,"centroidLong":-1.45061},"geometry":{"type":"Polygon","coordinates":[[[-1.377,53.606],[-1.331,53.54],[-1.369,53.563],[-1.45,53.554],[-1.464,53.539],[-1.541,53.563],[-1.577,53.591],[-1.562,53.607],[-1.484,53.595],[-1.448,53.613],[-1.377,53.606]]]}},{"type":"Feature","properties":{"code":"E14001075","name":"Barnsley South","centroidLat":53.51742,"centroidLong":-1.38372},"geometry":{"type":"Polygon","coordinates":[[[-1.332,53.563],[-1.297,53.551],[-1.276,53.521],[-1.379,53.515],[-1.452,53.485],[-1.455,53.472],[-1.49,53.51],[-1.482,53.527],[-1.508,53.539],[-1.49,53.557],[-1.464,53.539],[-1.45,53.554],[-1.369,53.563],[-1.331,53.54],[-1.332,53.563]]]}},{"type":"Feature","properties":{"code":"E14001076","name":"Barrow and Furness","centroidLat":54.35672,"centroidLong":-3.23122},"geometry":{"type":"MultiPolygon","coordinates":[[[[-3.243,54.098],[-3.221,54.081],[-3.205,54.052],[-3.171,54.049],[-3.21,54.048],[-3.247,54.082],[-3.273,54.118],[-3.271,54.148],[-3.252,54.151],[-3.267,54.142],[-3.264,54.142],[-3.263,54.14],[-3.264,54.139],[-3.265,54.139],[-3.264,54.139],[-3.263,54.14],[-3.261,54.139],[-3.262,54.138],[-3.262,54.137],[-3.264,54.137],[-3.262,54.135],[-3.261,54.138],[-3.261,54.136],[-3.261,54.138],[-3.259,54.138],[-3.256,54.135],[-3.25,54.125],[-3.243,54.099],[-3.247,54.098],[-3.247,54.098],[-3.25,54.099],[-3.251,54.098],[-3.252,54.1],[-3.253,54.1],[-3.253,54.099],[-3.254,54.099],[-3.254,54.099],[-3.252,54.098],[-3.248,54.098],[-3.251,54.096],[-3.253,54.097],[-3.252,54.095],[-3.25,54.097],[-3.248,54.097],[-3.25,54.096],[-3.248,54.095],[-3.25,54.094],[-3.247,54.095],[-3.246,54.096],[-3.248,54.096],[-3.247,54.097],[-3.243,54.098]],[[-3.209,54.055],[-3.208,54.055],[-3.208,54.055],[-3.209,54.055]],[[-3.267,54.143],[-3.266,54.143],[-3.266,54.143],[-3.267,54.143]],[[-3.264,54.141],[-3.264,54.141],[-3.264,54.141],[-3.264,54.141]],[[-3.264,54.14],[-3.265,54.14],[-3.266,54.14],[-3.264,54.14]],[[-3.264,54.139],[-3.264,54.139],[-3.264,54.139],[-3.264,54.139]],[[-3.263,54.139],[-3.263,54.139],[-3.263,54.139],[-3.263,54.139]],[[-3.263,54.139],[-3.263,54.139],[-3.263,54.139],[-3.263,54.139]],[[-3.261,54.138],[-3.261,54.138],[-3.261,54.138],[-3.261,54.138]],[[-3.262,54.138],[-3.262,54.138],[-3.262,54.138],[-3.263,54.138],[-3.262,54.138]],[[-3.262,54.138],[-3.262,54.138],[-3.262,54.138],[-3.262,54.138]],[[-3.262,54.138],[-3.263,54.139],[-3.263,54.138],[-3.262,54.138]],[[-3.263,54.138],[-3.263,54.138],[-3.263,54.138],[-3.263,54.138]],[[-3.264,54.138],[-3.264,54.138],[-3.263,54.138],[-3.264,54.138]],[[-3.26,54.137],[-3.26,54.137],[-3.26,54.137],[-3.26,54.137]],[[-3.26,54.137],[-3.26,54.137],[-3.26,54.137],[-3.26,54.137]],[[-3.257,54.135],[-3.257,54.135],[-3.257,54.135],[-3.257,54.135]],[[-3.258,54.135],[-3.258,54.135],[-3.257,54.135],[-3.258,54.135]],[[-3.255,54.133],[-3.255,54.133],[-3.255,54.133],[-3.255,54.133]],[[-3.256,54.133],[-3.256,54.133],[-3.255,54.133],[-3.256,54.133]],[[-3.256,54.133],[-3.257,54.133],[-3.256,54.133],[-3.256,54.133]],[[-3.256,54.133],[-3.256,54.133],[-3.256,54.133],[-3.256,54.133]],[[-3.258,54.133],[-3.258,54.133],[-3.256,54.133],[-3.258,54.133]],[[-3.256,54.131],[-3.255,54.131],[-3.255,54.131],[-3.256,54.131]],[[-3.252,54.097],[-3.252,54.098],[-3.252,54.098],[-3.252,54.097]],[[-3.252,54.097],[-3.253,54.098],[-3.253,54.097],[-3.252,54.097],[-3.252,54.097]],[[-3.249,54.095],[-3.249,54.095],[-3.249,54.095],[-3.249,54.095]],[[-3.249,54.095],[-3.249,54.095],[-3.251,54.095],[-3.251,54.094],[-3.249,54.095]],[[-3.245,54.097],[-3.245,54.097],[-3.245,54.097],[-3.245,54.097]],[[-3.247,54.094],[-3.248,54.094],[-3.247,54.094],[-3.247,54.094]],[[-3.248,54.094],[-3.249,54.094],[-3.248,54.094],[-3.248,54.094]],[[-3.246,54.093],[-3.248,54.093],[-3.246,54.093],[-3.246,54.093]],[[-3.259,54.137],[-3.26,54.136],[-3.258,54.136],[-3.259,54.137]]],[[[-3.244,54.221],[-3.244,54.225],[-3.245,54.226],[-3.243,54.227],[-3.248,54.227],[-3.244,54.224],[-3.247,54.22],[-3.248,54.223],[-3.25,54.218],[-3.252,54.217],[-3.25,54.219],[-3.25,54.221],[-3.253,54.222],[-3.251,54.219],[-3.256,54.217],[-3.255,54.222],[-3.256,54.217],[-3.256,54.217],[-3.254,54.217],[-3.253,54.216],[-3.256,54.215],[-3.257,54.217],[-3.265,54.213],[-3.258,54.214],[-3.257,54.213],[-3.258,54.212],[-3.256,54.213],[-3.256,54.212],[-3.256,54.212],[-3.257,54.215],[-3.251,54.216],[-3.239,54.203],[-3.254,54.192],[-3.323,54.191],[-3.42,54.283],[-3.425,54.333],[-3.412,54.35],[-3.412,54.338],[-3.401,54.332],[-3.387,54.344],[-3.385,54.344],[-3.383,54.345],[-3.383,54.35],[-3.381,54.351],[-3.377,54.349],[-3.374,54.35],[-3.374,54.355],[-3.371,54.353],[-3.369,54.354],[-3.367,54.356],[-3.368,54.357],[-3.362,54.357],[-3.361,54.358],[-3.355,54.362],[-3.374,54.356],[-3.375,54.35],[-3.38,54.351],[-3.384,54.35],[-3.39,54.342],[-3.405,54.338],[-3.412,54.353],[-3.316,54.399],[-3.304,54.425],[-3.197,54.466],[-3.167,54.454],[-3.157,54.43],[-3.114,54.421],[-3.124,54.377],[-3.149,54.352],[-3.122,54.304],[-3.143,54.278],[-3.135,54.249],[-3.086,54.277],[-3.052,54.219],[-3.045,54.219],[-3.033,54.213],[-3.064,54.186],[-3.061,54.162],[-3.174,54.073],[-3.194,54.104],[-3.221,54.092],[-3.239,54.104],[-3.237,54.155],[-3.258,54.165],[-3.217,54.177],[-3.212,54.208],[-3.182,54.238],[-3.192,54.235],[-3.19,54.232],[-3.192,54.232],[-3.193,54.232],[-3.194,54.232],[-3.193,54.229],[-3.194,54.228],[-3.196,54.229],[-3.211,54.254],[-3.229,54.258],[-3.224,54.265],[-3.222,54.281],[-3.223,54.281],[-3.224,54.281],[-3.224,54.282],[-3.228,54.279],[-3.225,54.265],[-3.233,54.26],[-3.23,54.26],[-3.23,54.257],[-3.223,54.253],[-3.225,54.25],[-3.229,54.252],[-3.226,54.25],[-3.232,54.251],[-3.234,54.249],[-3.226,54.249],[-3.216,54.237],[-3.221,54.235],[-3.221,54.236],[-3.224,54.236],[-3.224,54.238],[-3.225,54.238],[-3.226,54.235],[-3.225,54.237],[-3.224,54.236],[-3.221,54.236],[-3.221,54.235],[-3.219,54.235],[-3.219,54.232],[-3.222,54.229],[-3.222,54.232],[-3.222,54.23],[-3.225,54.23],[-3.225,54.232],[-3.224,54.233],[-3.226,54.232],[-3.225,54.234],[-3.227,54.234],[-3.227,54.234],[-3.23,54.234],[-3.226,54.233],[-3.226,54.231],[-3.23,54.229],[-3.232,54.232],[-3.231,54.233],[-3.232,54.234],[-3.232,54.235],[-3.232,54.236],[-3.231,54.237],[-3.232,54.239],[-3.231,54.237],[-3.234,54.235],[-3.231,54.233],[-3.233,54.232],[-3.237,54.234],[-3.238,54.233],[-3.237,54.231],[-3.238,54.232],[-3.241,54.233],[-3.242,54.233],[-3.238,54.231],[-3.237,54.231],[-3.237,54.232],[-3.234,54.232],[-3.235,54.229],[-3.233,54.23],[-3.233,54.228],[-3.231,54.229],[-3.227,54.228],[-3.225,54.227],[-3.233,54.226],[-3.226,54.227],[-3.23,54.225],[-3.233,54.226],[-3.229,54.225],[-3.227,54.226],[-3.237,54.221],[-3.24,54.223],[-3.236,54.228],[-3.239,54.229],[-3.237,54.229],[-3.237,54.23],[-3.238,54.23],[-3.242,54.229],[-3.242,54.231],[-3.243,54.231],[-3.242,54.229],[-3.237,54.23],[-3.239,54.229],[-3.236,54.228],[-3.24,54.224],[-3.243,54.225],[-3.241,54.222],[-3.243,54.222],[-3.242,54.221],[-3.243,54.221],[-3.244,54.221]],[[-3.243,54.225],[-3.244,54.225],[-3.244,54.225],[-3.243,54.225]],[[-3.243,54.225],[-3.241,54.226],[-3.243,54.225],[-3.243,54.225],[-3.243,54.225]],[[-3.243,54.225],[-3.243,54.225],[-3.243,54.225],[-3.243,54.225]],[[-3.242,54.226],[-3.242,54.226],[-3.243,54.225],[-3.242,54.226]],[[-3.243,54.226],[-3.243,54.226],[-3.243,54.226],[-3.243,54.226]],[[-3.242,54.226],[-3.243,54.227],[-3.243,54.226],[-3.242,54.226]],[[-3.243,54.225],[-3.243,54.226],[-3.243,54.225],[-3.243,54.225]],[[-3.245,54.227],[-3.245,54.227],[-3.245,54.227],[-3.245,54.227]],[[-3.244,54.227],[-3.244,54.228],[-3.244,54.228],[-3.245,54.228],[-3.244,54.228],[-3.245,54.227],[-3.244,54.227]],[[-3.245,54.228],[-3.245,54.228],[-3.245,54.228],[-3.245,54.228]],[[-3.245,54.228],[-3.245,54.229],[-3.245,54.228],[-3.245,54.228]],[[-3.245,54.229],[-3.245,54.229],[-3.245,54.229],[-3.245,54.229]],[[-3.245,54.229],[-3.246,54.229],[-3.245,54.229],[-3.245,54.229]],[[-3.245,54.227],[-3.246,54.227],[-3.245,54.227],[-3.245,54.227]],[[-3.246,54.227],[-3.246,54.227],[-3.246,54.227],[-3.246,54.227]],[[-3.246,54.228],[-3.247,54.228],[-3.246,54.227],[-3.246,54.228]],[[-3.247,54.228],[-3.247,54.228],[-3.247,54.228],[-3.247,54.228]],[[-3.248,54.229],[-3.247,54.228],[-3.247,54.228],[-3.248,54.229]],[[-3.248,54.227],[-3.248,54.227],[-3.248,54.227],[-3.248,54.227]],[[-3.248,54.228],[-3.249,54.228],[-3.249,54.227],[-3.248,54.228]],[[-3.248,54.225],[-3.248,54.225],[-3.248,54.225],[-3.248,54.225]],[[-3.248,54.225],[-3.248,54.225],[-3.248,54.225],[-3.248,54.225]],[[-3.248,54.225],[-3.248,54.225],[-3.248,54.225],[-3.248,54.225]],[[-3.248,54.225],[-3.249,54.226],[-3.249,54.225],[-3.248,54.225]],[[-3.249,54.224],[-3.249,54.224],[-3.249,54.224],[-3.249,54.224]],[[-3.25,54.225],[-3.25,54.224],[-3.249,54.224],[-3.25,54.225]],[[-3.249,54.222],[-3.249,54.222],[-3.249,54.221],[-3.249,54.222]],[[-3.249,54.222],[-3.25,54.222],[-3.249,54.222],[-3.249,54.222]],[[-3.249,54.222],[-3.249,54.222],[-3.249,54.222],[-3.249,54.222]],[[-3.249,54.222],[-3.25,54.222],[-3.249,54.222],[-3.249,54.222]],[[-3.248,54.222],[-3.249,54.223],[-3.249,54.222],[-3.248,54.222]],[[-3.25,54.218],[-3.25,54.218],[-3.25,54.218],[-3.25,54.218]],[[-3.25,54.218],[-3.25,54.218],[-3.251,54.218],[-3.25,54.218]],[[-3.251,54.222],[-3.251,54.222],[-3.251,54.222],[-3.251,54.222]],[[-3.253,54.223],[-3.251,54.223],[-3.253,54.223],[-3.252,54.224],[-3.253,54.223]],[[-3.252,54.224],[-3.252,54.224],[-3.252,54.224],[-3.252,54.224]],[[-3.253,54.224],[-3.253,54.224],[-3.254,54.224],[-3.253,54.224]],[[-3.252,54.224],[-3.252,54.224],[-3.252,54.224],[-3.252,54.224]],[[-3.252,54.226],[-3.252,54.227],[-3.251,54.228],[-3.252,54.227],[-3.252,54.226]],[[-3.254,54.22],[-3.254,54.221],[-3.254,54.22],[-3.254,54.22]],[[-3.256,54.217],[-3.256,54.216],[-3.256,54.217],[-3.256,54.217]],[[-3.256,54.217],[-3.256,54.216],[-3.256,54.217],[-3.256,54.217]],[[-3.26,54.213],[-3.26,54.213],[-3.26,54.213],[-3.26,54.213]],[[-3.26,54.213],[-3.26,54.213],[-3.26,54.213],[-3.26,54.213]],[[-3.257,54.213],[-3.257,54.213],[-3.257,54.213],[-3.257,54.213]],[[-3.259,54.213],[-3.258,54.213],[-3.257,54.213],[-3.259,54.213]],[[-3.259,54.213],[-3.259,54.213],[-3.259,54.213],[-3.259,54.213]],[[-3.26,54.213],[-3.26,54.213],[-3.259,54.213],[-3.26,54.213]],[[-3.26,54.213],[-3.26,54.213],[-3.26,54.213],[-3.26,54.213]],[[-3.26,54.213],[-3.259,54.213],[-3.26,54.213],[-3.26,54.213]],[[-3.258,54.212],[-3.258,54.212],[-3.258,54.212],[-3.258,54.212]],[[-3.259,54.212],[-3.259,54.212],[-3.258,54.212],[-3.259,54.212]],[[-3.259,54.212],[-3.259,54.212],[-3.259,54.212],[-3.259,54.212]],[[-3.26,54.212],[-3.261,54.212],[-3.259,54.212],[-3.26,54.212]],[[-3.256,54.212],[-3.256,54.212],[-3.256,54.212],[-3.256,54.212]],[[-3.256,54.212],[-3.256,54.212],[-3.256,54.212],[-3.256,54.212]],[[-3.254,54.211],[-3.257,54.211],[-3.254,54.21],[-3.254,54.211]],[[-3.256,54.215],[-3.256,54.215],[-3.256,54.215],[-3.256,54.215]],[[-3.256,54.214],[-3.256,54.215],[-3.256,54.215],[-3.256,54.214]],[[-3.287,54.199],[-3.288,54.197],[-3.288,54.197],[-3.287,54.199]],[[-3.4,54.333],[-3.4,54.333],[-3.4,54.333],[-3.4,54.333]],[[-3.4,54.333],[-3.4,54.332],[-3.4,54.333],[-3.4,54.333]],[[-3.392,54.339],[-3.392,54.339],[-3.392,54.339],[-3.392,54.339]],[[-3.391,54.339],[-3.393,54.337],[-3.393,54.337],[-3.392,54.337],[-3.392,54.337],[-3.391,54.339]],[[-3.374,54.35],[-3.374,54.351],[-3.374,54.35],[-3.374,54.35]],[[-3.373,54.351],[-3.373,54.351],[-3.374,54.351],[-3.373,54.351]],[[-3.354,54.364],[-3.354,54.364],[-3.354,54.364],[-3.354,54.364]],[[-3.354,54.366],[-3.354,54.365],[-3.353,54.366],[-3.354,54.366]],[[-3.043,54.218],[-3.043,54.218],[-3.043,54.218],[-3.043,54.218]],[[-3.043,54.218],[-3.042,54.217],[-3.043,54.218],[-3.043,54.218]],[[-3.182,54.238],[-3.182,54.238],[-3.182,54.238],[-3.182,54.238]],[[-3.181,54.241],[-3.18,54.238],[-3.18,54.239],[-3.18,54.24],[-3.181,54.241]],[[-3.193,54.233],[-3.193,54.233],[-3.193,54.232],[-3.193,54.233]],[[-3.193,54.233],[-3.193,54.234],[-3.194,54.233],[-3.193,54.233]],[[-3.195,54.23],[-3.195,54.229],[-3.194,54.229],[-3.195,54.23]],[[-3.195,54.23],[-3.195,54.23],[-3.195,54.23],[-3.195,54.23]],[[-3.195,54.231],[-3.195,54.23],[-3.195,54.23],[-3.195,54.231]],[[-3.195,54.231],[-3.195,54.231],[-3.196,54.231],[-3.195,54.231]],[[-3.216,54.256],[-3.215,54.257],[-3.216,54.256],[-3.216,54.256]],[[-3.217,54.256],[-3.22,54.257],[-3.217,54.256],[-3.217,54.256]],[[-3.231,54.259],[-3.231,54.259],[-3.231,54.259],[-3.231,54.259]],[[-3.229,54.252],[-3.229,54.252],[-3.229,54.252],[-3.229,54.252]],[[-3.229,54.252],[-3.23,54.252],[-3.229,54.252],[-3.229,54.252]],[[-3.229,54.252],[-3.229,54.252],[-3.229,54.252],[-3.229,54.252],[-3.229,54.252]],[[-3.228,54.253],[-3.228,54.253],[-3.229,54.252],[-3.228,54.253]],[[-3.234,54.249],[-3.234,54.249],[-3.234,54.249],[-3.234,54.249]],[[-3.234,54.248],[-3.235,54.248],[-3.239,54.248],[-3.239,54.247],[-3.234,54.248]],[[-3.227,54.247],[-3.226,54.247],[-3.227,54.247],[-3.227,54.247]],[[-3.226,54.247],[-3.226,54.247],[-3.226,54.247],[-3.226,54.247]],[[-3.226,54.246],[-3.226,54.246],[-3.226,54.247],[-3.226,54.246]],[[-3.226,54.247],[-3.227,54.247],[-3.228,54.247],[-3.227,54.246],[-3.226,54.247],[-3.226,54.246],[-3.226,54.247]],[[-3.225,54.244],[-3.225,54.244],[-3.225,54.244],[-3.225,54.244]],[[-3.225,54.244],[-3.225,54.244],[-3.225,54.244],[-3.225,54.244]],[[-3.226,54.244],[-3.225,54.244],[-3.225,54.244],[-3.226,54.244]],[[-3.226,54.244],[-3.226,54.244],[-3.226,54.244],[-3.226,54.244]],[[-3.226,54.243],[-3.226,54.243],[-3.227,54.244],[-3.227,54.243],[-3.226,54.243]],[[-3.224,54.242],[-3.224,54.242],[-3.224,54.242],[-3.224,54.242]],[[-3.225,54.242],[-3.225,54.242],[-3.226,54.242],[-3.225,54.242]],[[-3.225,54.241],[-3.225,54.241],[-3.225,54.241],[-3.225,54.241]],[[-3.227,54.241],[-3.225,54.241],[-3.225,54.241],[-3.227,54.241]],[[-3.226,54.24],[-3.225,54.241],[-3.225,54.241],[-3.226,54.24]],[[-3.221,54.241],[-3.222,54.24],[-3.221,54.241],[-3.221,54.241]],[[-3.221,54.237],[-3.221,54.237],[-3.22,54.236],[-3.221,54.237]],[[-3.222,54.238],[-3.221,54.237],[-3.221,54.237],[-3.222,54.238]],[[-3.222,54.237],[-3.224,54.237],[-3.223,54.237],[-3.222,54.237]],[[-3.221,54.234],[-3.221,54.234],[-3.221,54.234],[-3.221,54.234]],[[-3.221,54.234],[-3.222,54.234],[-3.221,54.234],[-3.221,54.234]],[[-3.221,54.234],[-3.221,54.234],[-3.221,54.234],[-3.221,54.234]],[[-3.221,54.234],[-3.222,54.236],[-3.224,54.236],[-3.225,54.235],[-3.222,54.236],[-3.221,54.234]],[[-3.224,54.235],[-3.224,54.235],[-3.224,54.235],[-3.224,54.235]],[[-3.224,54.234],[-3.223,54.235],[-3.223,54.235],[-3.224,54.234]],[[-3.222,54.235],[-3.223,54.235],[-3.222,54.235],[-3.222,54.235]],[[-3.223,54.235],[-3.223,54.234],[-3.223,54.235],[-3.223,54.235]],[[-3.221,54.234],[-3.221,54.234],[-3.221,54.234],[-3.221,54.234]],[[-3.222,54.234],[-3.222,54.234],[-3.221,54.234],[-3.222,54.234]],[[-3.222,54.234],[-3.223,54.233],[-3.222,54.234],[-3.222,54.234]],[[-3.223,54.234],[-3.223,54.233],[-3.223,54.233],[-3.223,54.234]],[[-3.223,54.233],[-3.223,54.233],[-3.223,54.233],[-3.223,54.233]],[[-3.222,54.233],[-3.221,54.233],[-3.221,54.233],[-3.222,54.233]],[[-3.224,54.231],[-3.224,54.231],[-3.224,54.231],[-3.224,54.231]],[[-3.224,54.232],[-3.224,54.232],[-3.224,54.231],[-3.224,54.232]],[[-3.225,54.232],[-3.225,54.232],[-3.225,54.232],[-3.225,54.232]],[[-3.225,54.232],[-3.224,54.232],[-3.225,54.232],[-3.225,54.232]],[[-3.224,54.233],[-3.224,54.233],[-3.224,54.233],[-3.224,54.233]],[[-3.224,54.233],[-3.224,54.233],[-3.224,54.233],[-3.224,54.233]],[[-3.225,54.233],[-3.225,54.233],[-3.225,54.233],[-3.225,54.233]],[[-3.225,54.233],[-3.225,54.233],[-3.225,54.233],[-3.225,54.233]],[[-3.225,54.233],[-3.224,54.233],[-3.225,54.233],[-3.225,54.233]],[[-3.225,54.234],[-3.225,54.234],[-3.225,54.234],[-3.225,54.234]],[[-3.225,54.234],[-3.225,54.234],[-3.225,54.234],[-3.225,54.234]],[[-3.226,54.234],[-3.226,54.234],[-3.226,54.234],[-3.226,54.234]],[[-3.226,54.234],[-3.226,54.234],[-3.227,54.234],[-3.226,54.234]],[[-3.228,54.235],[-3.227,54.234],[-3.226,54.235],[-3.228,54.235]],[[-3.23,54.234],[-3.23,54.234],[-3.23,54.234],[-3.23,54.234]],[[-3.23,54.234],[-3.23,54.234],[-3.23,54.234],[-3.23,54.234]],[[-3.227,54.232],[-3.227,54.232],[-3.227,54.232],[-3.227,54.232]],[[-3.227,54.232],[-3.228,54.233],[-3.227,54.232],[-3.227,54.232]],[[-3.228,54.233],[-3.228,54.232],[-3.228,54.232],[-3.228,54.233]],[[-3.231,54.231],[-3.231,54.231],[-3.231,54.231],[-3.231,54.231]],[[-3.228,54.23],[-3.229,54.231],[-3.228,54.23],[-3.228,54.23]],[[-3.23,54.238],[-3.23,54.238],[-3.231,54.238],[-3.23,54.238]],[[-3.23,54.238],[-3.231,54.238],[-3.23,54.238],[-3.23,54.238]],[[-3.233,54.237],[-3.233,54.237],[-3.232,54.237],[-3.233,54.237]],[[-3.232,54.234],[-3.233,54.233],[-3.232,54.233],[-3.232,54.234]],[[-3.233,54.233],[-3.233,54.234],[-3.233,54.233],[-3.233,54.233]],[[-3.239,54.233],[-3.239,54.233],[-3.238,54.233],[-3.239,54.233]],[[-3.24,54.234],[-3.236,54.234],[-3.236,54.235],[-3.24,54.234]],[[-3.234,54.23],[-3.234,54.23],[-3.234,54.23],[-3.234,54.23]],[[-3.233,54.229],[-3.233,54.229],[-3.233,54.229],[-3.233,54.229]],[[-3.233,54.229],[-3.234,54.229],[-3.235,54.229],[-3.234,54.228],[-3.233,54.229]],[[-3.228,54.228],[-3.228,54.228],[-3.228,54.228],[-3.228,54.228]],[[-3.228,54.228],[-3.229,54.228],[-3.23,54.228],[-3.23,54.228],[-3.228,54.228]],[[-3.23,54.228],[-3.23,54.228],[-3.23,54.228],[-3.23,54.228]],[[-3.231,54.228],[-3.233,54.228],[-3.23,54.228],[-3.231,54.228]],[[-3.23,54.226],[-3.231,54.226],[-3.23,54.226],[-3.23,54.226]],[[-3.231,54.225],[-3.231,54.225],[-3.231,54.225],[-3.231,54.225]],[[-3.231,54.225],[-3.232,54.225],[-3.231,54.225],[-3.233,54.225],[-3.232,54.224],[-3.231,54.225]],[[-3.233,54.225],[-3.232,54.225],[-3.232,54.225],[-3.233,54.225]],[[-3.232,54.223],[-3.232,54.223],[-3.232,54.223],[-3.232,54.223]],[[-3.231,54.224],[-3.232,54.224],[-3.232,54.223],[-3.231,54.224]],[[-3.232,54.224],[-3.232,54.224],[-3.232,54.224],[-3.232,54.224]],[[-3.236,54.222],[-3.236,54.222],[-3.236,54.222],[-3.236,54.222]],[[-3.236,54.222],[-3.236,54.223],[-3.236,54.223],[-3.236,54.222]],[[-3.236,54.224],[-3.236,54.224],[-3.236,54.224],[-3.236,54.224]],[[-3.236,54.224],[-3.235,54.224],[-3.235,54.224],[-3.236,54.224]],[[-3.236,54.224],[-3.236,54.224],[-3.236,54.224],[-3.236,54.224]],[[-3.24,54.23],[-3.242,54.232],[-3.24,54.23],[-3.24,54.23]],[[-3.239,54.228],[-3.239,54.228],[-3.239,54.228],[-3.239,54.228]],[[-3.239,54.228],[-3.239,54.228],[-3.239,54.228],[-3.239,54.228]],[[-3.239,54.228],[-3.239,54.228],[-3.239,54.228],[-3.239,54.228]],[[-3.239,54.228],[-3.24,54.228],[-3.239,54.228],[-3.239,54.228]],[[-3.241,54.228],[-3.239,54.228],[-3.239,54.228],[-3.241,54.228]],[[-3.239,54.226],[-3.24,54.226],[-3.239,54.226],[-3.239,54.226]],[[-3.24,54.227],[-3.24,54.227],[-3.241,54.228],[-3.24,54.227]],[[-3.241,54.228],[-3.241,54.228],[-3.241,54.228],[-3.241,54.228]],[[-3.241,54.227],[-3.241,54.227],[-3.242,54.228],[-3.241,54.227]],[[-3.242,54.223],[-3.242,54.223],[-3.242,54.223],[-3.242,54.223]],[[-3.243,54.224],[-3.243,54.223],[-3.242,54.223],[-3.243,54.224]],[[-3.242,54.223],[-3.242,54.223],[-3.242,54.223],[-3.242,54.223]],[[-3.243,54.223],[-3.242,54.223],[-3.242,54.223],[-3.243,54.223]],[[-3.242,54.223],[-3.242,54.223],[-3.242,54.223],[-3.242,54.223]],[[-3.243,54.223],[-3.242,54.222],[-3.242,54.223],[-3.243,54.223]],[[-3.242,54.222],[-3.242,54.222],[-3.242,54.222],[-3.242,54.222]],[[-3.243,54.223],[-3.243,54.222],[-3.242,54.222],[-3.243,54.223]],[[-3.243,54.222],[-3.243,54.222],[-3.243,54.222],[-3.243,54.222]],[[-3.243,54.223],[-3.243,54.222],[-3.243,54.222],[-3.243,54.223]],[[-3.243,54.223],[-3.244,54.222],[-3.243,54.222],[-3.243,54.223]],[[-3.243,54.221],[-3.243,54.222],[-3.243,54.221],[-3.243,54.221]],[[-3.235,54.226],[-3.236,54.227],[-3.236,54.226],[-3.235,54.226]],[[-3.247,54.223],[-3.247,54.223],[-3.248,54.223],[-3.247,54.223]],[[-3.249,54.223],[-3.248,54.223],[-3.248,54.223],[-3.249,54.223]],[[-3.254,54.224],[-3.254,54.226],[-3.254,54.224],[-3.254,54.224]]]]}},{"type":"Feature","properties":{"code":"E14001077","name":"Basildon and Billericay","centroidLat":51.60566,"centroidLong":0.440099},"geometry":{"type":"Polygon","coordinates":[[[0.495,51.624],[0.5,51.564],[0.383,51.566],[0.375,51.615],[0.402,51.651],[0.443,51.647],[0.447,51.627],[0.495,51.624]]]}},{"type":"Feature","properties":{"code":"E14001078","name":"Basingstoke","centroidLat":51.24808,"centroidLong":-1.1558},"geometry":{"type":"Polygon","coordinates":[[[-1.065,51.258],[-1.158,51.228],[-1.191,51.203],[-1.249,51.191],[-1.221,51.269],[-1.178,51.282],[-1.177,51.297],[-1.149,51.277],[-1.113,51.276],[-1.042,51.302],[-1.065,51.258]]]}},{"type":"Feature","properties":{"code":"E14001079","name":"Bassetlaw","centroidLat":53.36062,"centroidLong":-0.99444},"geometry":{"type":"Polygon","coordinates":[[[-0.798,53.455],[-0.821,53.44],[-0.778,53.397],[-0.787,53.384],[-0.945,53.407],[-0.924,53.356],[-0.962,53.343],[-0.926,53.342],[-0.922,53.325],[-0.871,53.328],[-0.903,53.318],[-0.905,53.301],[-0.971,53.297],[-0.952,53.27],[-0.998,53.271],[-1.124,53.225],[-1.209,53.218],[-1.213,53.248],[-1.166,53.278],[-1.177,53.305],[-1.2,53.311],[-1.139,53.341],[-1.163,53.357],[-1.139,53.356],[-1.133,53.392],[-1.087,53.426],[-1.014,53.426],[-0.996,53.437],[-0.986,53.472],[-0.936,53.503],[-0.9,53.475],[-0.916,53.46],[-0.798,53.455]]]}},{"type":"Feature","properties":{"code":"E14001080","name":"Bath","centroidLat":51.39501,"centroidLong":-2.36832},"geometry":{"type":"Polygon","coordinates":[[[-2.295,51.429],[-2.279,51.416],[-2.297,51.395],[-2.294,51.367],[-2.308,51.365],[-2.3,51.379],[-2.316,51.386],[-2.318,51.363],[-2.347,51.353],[-2.383,51.352],[-2.414,51.376],[-2.409,51.392],[-2.451,51.403],[-2.444,51.422],[-2.403,51.432],[-2.295,51.429]]]}},{"type":"Feature","properties":{"code":"S14000068","name":"Bathgate and Linlithgow","centroidLat":55.92001,"centroidLong":-3.62753},"geometry":{"type":"Polygon","coordinates":[[[-3.425,55.991],[-3.448,55.978],[-3.428,55.952],[-3.554,55.955],[-3.552,55.943],[-3.596,55.928],[-3.563,55.914],[-3.589,55.899],[-3.554,55.875],[-3.584,55.854],[-3.607,55.863],[-3.744,55.839],[-3.747,55.866],[-3.712,55.882],[-3.796,55.874],[-3.831,55.894],[-3.667,55.946],[-3.674,55.954],[-3.632,55.974],[-3.629,55.986],[-3.694,55.999],[-3.675,56.012],[-3.598,56.021],[-3.425,55.991]],[[-3.663,56.013],[-3.663,56.013],[-3.663,56.013],[-3.663,56.013]],[[-3.662,56.013],[-3.662,56.013],[-3.663,56.013],[-3.662,56.013]]]}},{"type":"Feature","properties":{"code":"E14001081","name":"Battersea","centroidLat":51.46643,"centroidLong":-0.15703},"geometry":{"type":"Polygon","coordinates":[[[-0.126,51.484],[-0.151,51.466],[-0.143,51.441],[-0.187,51.464],[-0.166,51.481],[-0.126,51.484]]]}},{"type":"Feature","properties":{"code":"E14001082","name":"Beaconsfield","centroidLat":51.55944,"centroidLong":-0.58484},"geometry":{"type":"Polygon","coordinates":[[[-0.522,51.605],[-0.501,51.6],[-0.477,51.559],[-0.495,51.539],[-0.49,51.495],[-0.532,51.493],[-0.527,51.51],[-0.569,51.511],[-0.567,51.533],[-0.59,51.523],[-0.631,51.539],[-0.66,51.528],[-0.659,51.505],[-0.634,51.492],[-0.666,51.488],[-0.703,51.511],[-0.691,51.557],[-0.716,51.577],[-0.791,51.553],[-0.804,51.563],[-0.765,51.584],[-0.768,51.612],[-0.692,51.603],[-0.643,51.619],[-0.64,51.635],[-0.613,51.632],[-0.616,51.614],[-0.596,51.595],[-0.607,51.588],[-0.559,51.568],[-0.538,51.569],[-0.522,51.605]]]}},{"type":"Feature","properties":{"code":"E14001083","name":"Beckenham and Penge","centroidLat":51.40086,"centroidLong":-0.0331},"geometry":{"type":"Polygon","coordinates":[[[-0.03,51.426],[0.015,51.399],[-0.02,51.364],[-0.081,51.417],[-0.03,51.426]]]}},{"type":"Feature","properties":{"code":"E14001084","name":"Bedford","centroidLat":52.13484,"centroidLong":-0.45508},"geometry":{"type":"Polygon","coordinates":[[[-0.409,52.129],[-0.472,52.12],[-0.504,52.103],[-0.522,52.116],[-0.462,52.166],[-0.41,52.156],[-0.409,52.129]]]}},{"type":"Feature","properties":{"code":"N05000001","name":"Belfast East","centroidLat":54.59517,"centroidLong":-5.84357},"geometry":{"type":"Polygon","coordinates":[[[-5.855,54.634],[-5.856,54.601],[-5.786,54.62],[-5.757,54.581],[-5.805,54.553],[-5.906,54.564],[-5.893,54.582],[-5.92,54.603],[-5.875,54.639],[-5.855,54.634]]]}},{"type":"Feature","properties":{"code":"N05000002","name":"Belfast North","centroidLat":54.64393,"centroidLong":-5.9498},"geometry":{"type":"Polygon","coordinates":[[[-5.973,54.688],[-5.896,54.674],[-5.913,54.648],[-5.875,54.639],[-5.92,54.6],[-6.021,54.612],[-6.024,54.629],[-5.975,54.669],[-5.973,54.688]]]}},{"type":"Feature","properties":{"code":"N05000003","name":"Belfast South and Mid Down","centroidLat":54.52425,"centroidLong":-5.90977},"geometry":{"type":"Polygon","coordinates":[[[-5.92,54.6],[-5.893,54.582],[-5.903,54.563],[-5.791,54.55],[-5.818,54.536],[-5.833,54.505],[-5.803,54.459],[-5.853,54.452],[-5.894,54.499],[-5.983,54.497],[-5.976,54.516],[-6.003,54.526],[-5.993,54.565],[-5.92,54.6]]]}},{"type":"Feature","properties":{"code":"N05000004","name":"Belfast West","centroidLat":54.58249,"centroidLong":-5.999},"geometry":{"type":"Polygon","coordinates":[[[-5.935,54.603],[-5.991,54.567],[-5.998,54.541],[-6.032,54.532],[-6.063,54.556],[-6.041,54.564],[-6.041,54.613],[-5.935,54.603]]]}},{"type":"Feature","properties":{"code":"E14001085","name":"Bermondsey and Old Southwark","centroidLat":51.49768,"centroidLong":-0.07125},"geometry":{"type":"Polygon","coordinates":[[[-0.032,51.493],[-0.066,51.487],[-0.111,51.496],[-0.109,51.508],[-0.039,51.507],[-0.032,51.493]]]}},{"type":"Feature","properties":{"code":"S14000108","name":"Berwickshire, Roxburgh and Selkirk","centroidLat":55.5122,"centroidLong":-2.6961},"geometry":{"type":"Polygon","coordinates":[[[-2.034,55.811],[-2.086,55.793],[-2.086,55.763],[-2.108,55.76],[-2.118,55.739],[-2.177,55.719],[-2.167,55.706],[-2.248,55.652],[-2.234,55.641],[-2.304,55.647],[-2.336,55.632],[-2.309,55.629],[-2.316,55.62],[-2.289,55.604],[-2.289,55.58],[-2.24,55.556],[-2.202,55.476],[-2.167,55.467],[-2.231,55.428],[-2.336,55.408],[-2.337,55.367],[-2.379,55.349],[-2.481,55.354],[-2.52,55.323],[-2.559,55.318],[-2.647,55.26],[-2.611,55.247],[-2.63,55.245],[-2.631,55.224],[-2.667,55.222],[-2.703,55.173],[-2.825,55.138],[-2.852,55.108],[-2.865,55.135],[-2.9,55.152],[-2.897,55.194],[-2.862,55.223],[-2.864,55.236],[-2.921,55.237],[-2.885,55.263],[-2.898,55.283],[-2.962,55.29],[-2.996,55.269],[-3.043,55.272],[-3.055,55.281],[-3.047,55.296],[-3.099,55.332],[-3.102,55.352],[-3.175,55.347],[-3.217,55.376],[-3.292,55.342],[-3.32,55.349],[-3.303,55.394],[-3.244,55.428],[-3.327,55.444],[-3.357,55.475],[-3.349,55.501],[-3.306,55.527],[-3.268,55.518],[-3.185,55.572],[-3.123,55.546],[-3.094,55.554],[-3.074,55.591],[-3.057,55.565],[-3.023,55.57],[-3.013,55.589],[-2.985,55.585],[-2.973,55.601],[-2.98,55.628],[-2.92,55.616],[-2.953,55.631],[-3.011,55.696],[-3.104,55.731],[-3.075,55.76],[-2.952,55.819],[-2.929,55.793],[-2.87,55.824],[-2.84,55.818],[-2.777,55.844],[-2.74,55.828],[-2.669,55.847],[-2.594,55.829],[-2.535,55.861],[-2.57,55.892],[-2.554,55.912],[-2.505,55.912],[-2.485,55.89],[-2.467,55.884],[-2.367,55.946],[-2.33,55.93],[-2.224,55.933],[-2.138,55.917],[-2.135,55.892],[-2.092,55.867],[-2.077,55.873],[-2.07,55.843],[-2.034,55.811]]]}},{"type":"Feature","properties":{"code":"E14001086","name":"Bethnal Green and Stepney","centroidLat":51.52233,"centroidLong":-0.05638},"geometry":{"type":"Polygon","coordinates":[[[-0.053,51.535],[-0.036,51.513],[-0.075,51.51],[-0.077,51.527],[-0.053,51.535]]]}},{"type":"Feature","properties":{"code":"E14001087","name":"Beverley and Holderness","centroidLat":53.74772,"centroidLong":-0.12941},"geometry":{"type":"MultiPolygon","coordinates":[[[[-0.38,53.912],[-0.272,53.903],[-0.253,53.88],[-0.183,53.89],[-0.15,53.853],[-0.102,53.846],[0.118,53.661],[0.141,53.623],[0.147,53.609],[0.147,53.6],[0.137,53.59],[0.108,53.571],[0.146,53.608],[0.089,53.638],[0.03,53.649],[-0.058,53.63],[-0.133,53.651],[-0.23,53.711],[-0.252,53.781],[-0.278,53.782],[-0.316,53.813],[-0.354,53.809],[-0.354,53.812],[-0.354,53.814],[-0.358,53.817],[-0.369,53.825],[-0.382,53.827],[-0.38,53.832],[-0.381,53.835],[-0.385,53.839],[-0.4,53.843],[-0.4,53.845],[-0.396,53.848],[-0.393,53.854],[-0.393,53.856],[-0.399,53.878],[-0.407,53.885],[-0.401,53.883],[-0.395,53.885],[-0.394,53.888],[-0.395,53.896],[-0.383,53.901],[-0.381,53.904],[-0.384,53.909],[-0.38,53.912]],[[-0.167,53.677],[-0.169,53.677],[-0.169,53.677],[-0.167,53.677]],[[-0.169,53.679],[-0.169,53.679],[-0.169,53.678],[-0.169,53.679]],[[-0.169,53.679],[-0.17,53.68],[-0.169,53.679],[-0.169,53.679]]],[[[-0.414,53.883],[-0.4,53.846],[-0.4,53.843],[-0.385,53.839],[-0.382,53.827],[-0.355,53.815],[-0.355,53.807],[-0.426,53.803],[-0.445,53.821],[-0.619,53.799],[-0.651,53.816],[-0.641,53.836],[-0.573,53.849],[-0.603,53.901],[-0.643,53.919],[-0.624,53.936],[-0.489,53.939],[-0.394,53.919],[-0.382,53.904],[-0.392,53.9],[-0.396,53.896],[-0.398,53.896],[-0.399,53.896],[-0.404,53.896],[-0.418,53.902],[-0.435,53.907],[-0.437,53.906],[-0.404,53.896],[-0.396,53.896],[-0.414,53.883]]]]}},{"type":"Feature","properties":{"code":"E14001088","name":"Bexhill and Battle","centroidLat":50.93812,"centroidLong":0.525092},"geometry":{"type":"Polygon","coordinates":[[[0.571,51.003],[0.665,51.016],[0.681,51.001],[0.651,50.949],[0.711,50.957],[0.725,50.935],[0.625,50.928],[0.628,50.902],[0.606,50.879],[0.531,50.893],[0.521,50.852],[0.498,50.841],[0.41,50.829],[0.339,50.799],[0.313,50.81],[0.312,50.837],[0.292,50.846],[0.31,50.865],[0.307,50.89],[0.374,50.898],[0.358,50.913],[0.367,50.933],[0.324,50.964],[0.323,51.0],[0.354,51.018],[0.363,51.067],[0.398,51.084],[0.411,51.066],[0.471,51.049],[0.472,51.03],[0.571,51.003]]]}},{"type":"Feature","properties":{"code":"E14001089","name":"Bexleyheath and Crayford","centroidLat":51.46244,"centroidLong":0.164996},"geometry":{"type":"Polygon","coordinates":[[[0.203,51.454],[0.171,51.441],[0.12,51.449],[0.112,51.473],[0.218,51.48],[0.203,51.454]],[[0.198,51.479],[0.197,51.479],[0.198,51.479],[0.198,51.479]],[[0.198,51.458],[0.198,51.458],[0.198,51.458],[0.198,51.458]],[[0.197,51.458],[0.198,51.458],[0.198,51.458],[0.197,51.458]]]}},{"type":"Feature","properties":{"code":"E14001090","name":"Bicester and Woodstock","centroidLat":51.88226,"centroidLong":-1.24575},"geometry":{"type":"Polygon","coordinates":[[[-1.056,51.943],[-1.087,51.923],[-1.094,51.894],[-1.069,51.887],[-1.078,51.877],[-1.047,51.84],[-1.141,51.835],[-1.11,51.817],[-1.124,51.794],[-1.154,51.797],[-1.167,51.814],[-1.195,51.797],[-1.242,51.81],[-1.248,51.787],[-1.284,51.796],[-1.303,51.781],[-1.336,51.785],[-1.363,51.762],[-1.406,51.774],[-1.431,51.748],[-1.479,51.775],[-1.457,51.783],[-1.453,51.811],[-1.476,51.838],[-1.437,51.845],[-1.436,51.865],[-1.409,51.874],[-1.428,51.906],[-1.383,51.921],[-1.333,51.896],[-1.325,51.923],[-1.285,51.924],[-1.294,51.943],[-1.235,51.939],[-1.217,51.973],[-1.134,51.997],[-1.115,52.017],[-1.053,52.002],[-1.095,51.957],[-1.056,51.943]]]}},{"type":"Feature","properties":{"code":"E14001091","name":"Birkenhead","centroidLat":53.37448,"centroidLong":-3.04191},"geometry":{"type":"Polygon","coordinates":[[[-3.013,53.402],[-2.995,53.368],[-3.021,53.338],[-3.068,53.363],[-3.089,53.4],[-3.066,53.416],[-3.013,53.402]]]}},{"type":"Feature","properties":{"code":"E14001092","name":"Birmingham Edgbaston","centroidLat":52.45346,"centroidLong":-1.95751},"geometry":{"type":"Polygon","coordinates":[[[-1.901,52.455],[-1.977,52.445],[-1.985,52.416],[-2.017,52.433],[-2.013,52.462],[-1.943,52.492],[-1.901,52.455]]]}},{"type":"Feature","properties":{"code":"E14001093","name":"Birmingham Erdington","centroidLat":52.53195,"centroidLong":-1.84562},"geometry":{"type":"Polygon","coordinates":[[[-1.772,52.52],[-1.853,52.506],[-1.912,52.54],[-1.881,52.559],[-1.772,52.52]]]}},{"type":"Feature","properties":{"code":"E14001094","name":"Birmingham Hall Green and Moseley","centroidLat":52.44054,"centroidLong":-1.87636},"geometry":{"type":"Polygon","coordinates":[[[-1.876,52.471],[-1.825,52.429],[-1.844,52.411],[-1.856,52.434],[-1.91,52.426],[-1.909,52.45],[-1.883,52.454],[-1.876,52.471]]]}},{"type":"Feature","properties":{"code":"E14001095","name":"Birmingham Hodge Hill and Solihull North","centroidLat":52.48876,"centroidLong":-1.79707},"geometry":{"type":"Polygon","coordinates":[[[-1.754,52.513],[-1.733,52.492],[-1.76,52.495],[-1.756,52.472],[-1.782,52.463],[-1.796,52.483],[-1.817,52.485],[-1.828,52.47],[-1.847,52.478],[-1.832,52.49],[-1.857,52.499],[-1.754,52.513]]]}},{"type":"Feature","properties":{"code":"E14001096","name":"Birmingham Ladywood","centroidLat":52.48152,"centroidLong":-1.88993},"geometry":{"type":"Polygon","coordinates":[[[-1.951,52.502],[-1.832,52.506],[-1.857,52.499],[-1.831,52.485],[-1.859,52.465],[-1.876,52.471],[-1.883,52.454],[-1.932,52.472],[-1.928,52.487],[-1.951,52.502]]]}},{"type":"Feature","properties":{"code":"E14001097","name":"Birmingham Northfield","centroidLat":52.41677,"centroidLong":-1.97366},"geometry":{"type":"Polygon","coordinates":[[[-1.979,52.442],[-1.946,52.435],[-1.961,52.411],[-1.916,52.42],[-1.934,52.387],[-1.998,52.381],[-2.034,52.402],[-1.975,52.42],[-1.979,52.442]]]}},{"type":"Feature","properties":{"code":"E14001098","name":"Birmingham Perry Barr","centroidLat":52.52457,"centroidLong":-1.91267},"geometry":{"type":"Polygon","coordinates":[[[-1.883,52.559],[-1.912,52.54],[-1.881,52.534],[-1.862,52.509],[-1.916,52.496],[-1.963,52.505],[-1.96,52.531],[-1.929,52.531],[-1.933,52.546],[-1.883,52.559]]]}},{"type":"Feature","properties":{"code":"E14001099","name":"Birmingham Selly Oak","centroidLat":52.42491,"centroidLong":-1.93195},"geometry":{"type":"Polygon","coordinates":[[[-1.909,52.45],[-1.912,52.438],[-1.905,52.422],[-1.856,52.434],[-1.849,52.411],[-1.883,52.4],[-1.917,52.408],[-1.917,52.421],[-1.93,52.415],[-1.96,52.41],[-1.961,52.411],[-1.946,52.435],[-1.96,52.446],[-1.909,52.45]]]}},{"type":"Feature","properties":{"code":"E14001100","name":"Birmingham Yardley","centroidLat":52.46653,"centroidLong":-1.80729},"geometry":{"type":"Polygon","coordinates":[[[-1.759,52.469],[-1.76,52.452],[-1.8,52.458],[-1.825,52.429],[-1.86,52.464],[-1.817,52.485],[-1.782,52.463],[-1.759,52.469]]]}},{"type":"Feature","properties":{"code":"E14001101","name":"Bishop Auckland","centroidLat":54.66082,"centroidLong":-1.95045},"geometry":{"type":"Polygon","coordinates":[[[-1.952,54.854],[-2.014,54.829],[-2.032,54.799],[-1.975,54.771],[-1.945,54.797],[-1.916,54.797],[-1.807,54.747],[-1.728,54.758],[-1.736,54.727],[-1.706,54.714],[-1.71,54.701],[-1.729,54.704],[-1.725,54.686],[-1.683,54.673],[-1.684,54.705],[-1.636,54.677],[-1.605,54.68],[-1.606,54.639],[-1.619,54.619],[-1.682,54.618],[-1.679,54.586],[-1.709,54.574],[-1.691,54.556],[-1.705,54.549],[-1.697,54.536],[-1.78,54.532],[-1.776,54.507],[-1.793,54.484],[-1.839,54.508],[-1.858,54.504],[-1.859,54.482],[-1.943,54.453],[-2.043,54.484],[-2.17,54.458],[-2.159,54.472],[-2.172,54.532],[-2.198,54.533],[-2.209,54.552],[-2.305,54.596],[-2.325,54.632],[-2.288,54.65],[-2.293,54.664],[-2.354,54.692],[-2.326,54.727],[-2.314,54.79],[-2.283,54.798],[-2.219,54.782],[-2.199,54.807],[-2.169,54.804],[-2.138,54.842],[-2.083,54.838],[-1.995,54.87],[-1.952,54.854]]]}},{"type":"Feature","properties":{"code":"E14001102","name":"Blackburn","centroidLat":53.74726,"centroidLong":-2.50048},"geometry":{"type":"Polygon","coordinates":[[[-2.466,53.781],[-2.439,53.748],[-2.458,53.717],[-2.493,53.729],[-2.503,53.714],[-2.539,53.715],[-2.564,53.739],[-2.548,53.759],[-2.466,53.781]]]}},{"type":"Feature","properties":{"code":"E14001103","name":"Blackley and Middleton South","centroidLat":53.52466,"centroidLong":-2.21169},"geometry":{"type":"Polygon","coordinates":[[[-2.172,53.555],[-2.186,53.529],[-2.17,53.528],[-2.171,53.524],[-2.159,53.522],[-2.155,53.518],[-2.156,53.516],[-2.229,53.492],[-2.257,53.518],[-2.247,53.529],[-2.268,53.535],[-2.172,53.555]]]}},{"type":"Feature","properties":{"code":"E14001104","name":"Blackpool North and Fleetwood","centroidLat":53.88956,"centroidLong":-3.01311},"geometry":{"type":"Polygon","coordinates":[[[-2.969,53.875],[-2.987,53.858],[-2.997,53.862],[-3.04,53.829],[-3.056,53.841],[-3.049,53.921],[-3.006,53.928],[-3.013,53.92],[-3.006,53.917],[-3.006,53.903],[-3.008,53.901],[-3.008,53.904],[-3.01,53.903],[-3.009,53.901],[-2.969,53.875]],[[-3.007,53.914],[-3.008,53.914],[-3.007,53.914],[-3.007,53.914]],[[-3.007,53.902],[-3.007,53.902],[-3.007,53.902],[-3.007,53.902]],[[-3.008,53.902],[-3.008,53.904],[-3.007,53.902],[-3.008,53.902]],[[-3.006,53.898],[-3.007,53.898],[-3.006,53.898],[-3.006,53.898]]]}},{"type":"Feature","properties":{"code":"E14001105","name":"Blackpool South","centroidLat":53.80708,"centroidLong":-3.02167},"geometry":{"type":"Polygon","coordinates":[[[-3.02,53.841],[-2.983,53.794],[-3.004,53.791],[-2.996,53.775],[-3.057,53.777],[-3.056,53.841],[-3.04,53.829],[-3.02,53.841]]]}},{"type":"Feature","properties":{"code":"W07000084","name":"Blaenau Gwent and Rhymney","centroidLat":51.74807,"centroidLong":-3.26665},"geometry":{"type":"Polygon","coordinates":[[[-3.283,51.825],[-3.146,51.805],[-3.157,51.796],[-3.134,51.793],[-3.144,51.786],[-3.106,51.761],[-3.11,51.702],[-3.126,51.682],[-3.21,51.75],[-3.211,51.731],[-3.224,51.729],[-3.212,51.68],[-3.272,51.681],[-3.329,51.759],[-3.334,51.79],[-3.31,51.794],[-3.283,51.825]]]}},{"type":"Feature","properties":{"code":"E14001106","name":"Blaydon and Consett","centroidLat":54.91333,"centroidLong":-1.78126},"geometry":{"type":"Polygon","coordinates":[[[-1.785,54.984],[-1.68,54.964],[-1.737,54.924],[-1.697,54.907],[-1.744,54.888],[-1.809,54.828],[-1.876,54.837],[-1.854,54.891],[-1.821,54.906],[-1.853,54.917],[-1.827,54.93],[-1.834,54.953],[-1.785,54.984]]]}},{"type":"Feature","properties":{"code":"E14001107","name":"Blyth and Ashington","centroidLat":55.15312,"centroidLong":-1.56885},"geometry":{"type":"Polygon","coordinates":[[[-1.495,55.102],[-1.639,55.117],[-1.65,55.139],[-1.621,55.151],[-1.651,55.171],[-1.591,55.206],[-1.519,55.207],[-1.499,55.185],[-1.54,55.161],[-1.527,55.161],[-1.496,55.126],[-1.519,55.143],[-1.558,55.147],[-1.534,55.137],[-1.565,55.134],[-1.567,55.133],[-1.569,55.131],[-1.518,55.135],[-1.492,55.119],[-1.495,55.102]]]}},{"type":"Feature","properties":{"code":"E14001108","name":"Bognor Regis and Littlehampton","centroidLat":50.80214,"centroidLong":-0.5874},"geometry":{"type":"MultiPolygon","coordinates":[[[[-0.576,50.827],[-0.489,50.818],[-0.495,50.803],[-0.542,50.801],[-0.545,50.808],[-0.552,50.811],[-0.56,50.812],[-0.562,50.819],[-0.566,50.819],[-0.572,50.817],[-0.572,50.823],[-0.576,50.827]]],[[[-0.623,50.833],[-0.567,50.829],[-0.574,50.829],[-0.576,50.827],[-0.577,50.825],[-0.573,50.817],[-0.542,50.8],[-0.731,50.774],[-0.72,50.79],[-0.629,50.803],[-0.644,50.814],[-0.623,50.833]]]]}},{"type":"Feature","properties":{"code":"E14001109","name":"Bolsover","centroidLat":53.19679,"centroidLong":-1.2872},"geometry":{"type":"Polygon","coordinates":[[[-1.322,53.309],[-1.174,53.303],[-1.175,53.265],[-1.213,53.248],[-1.197,53.185],[-1.323,53.162],[-1.301,53.102],[-1.308,53.086],[-1.353,53.086],[-1.377,53.109],[-1.465,53.111],[-1.455,53.162],[-1.401,53.152],[-1.394,53.171],[-1.359,53.184],[-1.401,53.234],[-1.319,53.24],[-1.331,53.257],[-1.301,53.264],[-1.322,53.309]]]}},{"type":"Feature","properties":{"code":"E14001110","name":"Bolton North East","centroidLat":53.59705,"centroidLong":-2.41481},"geometry":{"type":"Polygon","coordinates":[[[-2.379,53.631],[-2.363,53.61],[-2.377,53.582],[-2.36,53.553],[-2.382,53.55],[-2.422,53.58],[-2.456,53.574],[-2.446,53.598],[-2.473,53.616],[-2.439,53.646],[-2.422,53.624],[-2.379,53.631]]]}},{"type":"Feature","properties":{"code":"E14001111","name":"Bolton South and Walkden","centroidLat":53.54597,"centroidLong":-2.39077},"geometry":{"type":"Polygon","coordinates":[[[-2.422,53.58],[-2.337,53.535],[-2.37,53.513],[-2.415,53.512],[-2.454,53.526],[-2.435,53.55],[-2.465,53.572],[-2.422,53.58]]]}},{"type":"Feature","properties":{"code":"E14001112","name":"Bolton West","centroidLat":53.5692,"centroidLong":-2.53182},"geometry":{"type":"Polygon","coordinates":[[[-2.511,53.627],[-2.446,53.598],[-2.465,53.572],[-2.435,53.55],[-2.448,53.528],[-2.506,53.539],[-2.534,53.523],[-2.569,53.548],[-2.56,53.561],[-2.578,53.581],[-2.629,53.59],[-2.596,53.611],[-2.569,53.596],[-2.511,53.627]]]}},{"type":"Feature","properties":{"code":"E14001113","name":"Bootle","centroidLat":53.46765,"centroidLong":-2.99696},"geometry":{"type":"Polygon","coordinates":[[[-2.952,53.491],[-2.975,53.443],[-2.991,53.44],[-3.009,53.438],[-3.044,53.477],[-3.021,53.494],[-2.952,53.491]]]}},{"type":"Feature","properties":{"code":"E14001114","name":"Boston and Skegness","centroidLat":53.06638,"centroidLong":0.078987},"geometry":{"type":"Polygon","coordinates":[[[0.061,52.923],[0.052,52.917],[0.049,52.919],[0.051,52.92],[0.048,52.92],[0.049,52.922],[0.049,52.923],[0.05,52.924],[0.05,52.925],[0.047,52.921],[0.045,52.925],[0.047,52.927],[0.043,52.928],[0.044,52.928],[0.045,52.928],[0.046,52.928],[0.047,52.929],[0.042,52.928],[0.043,52.931],[0.037,52.93],[0.042,52.928],[0.049,52.918],[0.044,52.919],[0.05,52.917],[0.043,52.918],[0.044,52.923],[0.042,52.923],[0.044,52.924],[0.043,52.924],[0.029,52.921],[0.041,52.923],[0.043,52.917],[0.042,52.918],[0.041,52.917],[0.047,52.916],[0.04,52.914],[0.038,52.915],[0.038,52.917],[0.037,52.918],[0.034,52.917],[0.038,52.917],[0.037,52.914],[0.04,52.914],[0.044,52.915],[0.043,52.912],[0.038,52.913],[0.045,52.911],[0.039,52.906],[0.037,52.913],[0.029,52.918],[0.028,52.917],[0.026,52.917],[0.025,52.915],[0.022,52.915],[0.021,52.915],[0.02,52.914],[0.013,52.916],[0.019,52.911],[0.021,52.915],[0.023,52.914],[0.028,52.916],[0.037,52.912],[0.034,52.911],[0.037,52.91],[0.034,52.908],[0.038,52.909],[0.036,52.905],[0.031,52.907],[0.031,52.907],[0.031,52.908],[0.031,52.908],[0.032,52.909],[0.03,52.91],[0.029,52.912],[0.028,52.912],[0.028,52.914],[0.028,52.912],[0.029,52.912],[0.03,52.91],[0.032,52.909],[0.031,52.908],[0.031,52.907],[0.027,52.91],[0.026,52.908],[0.025,52.909],[0.036,52.904],[0.034,52.904],[0.031,52.904],[0.029,52.904],[0.029,52.906],[0.024,52.908],[0.028,52.904],[0.021,52.906],[0.013,52.903],[0.036,52.903],[0.03,52.9],[0.028,52.902],[0.023,52.903],[0.011,52.902],[0.012,52.902],[0.011,52.901],[0.009,52.9],[0.009,52.899],[0.013,52.902],[0.016,52.901],[0.025,52.902],[0.03,52.9],[-0.039,52.872],[-0.085,52.865],[-0.143,52.885],[-0.157,52.912],[-0.246,52.928],[-0.19,52.996],[-0.225,53.029],[-0.211,53.07],[-0.138,53.03],[-0.138,53.046],[-0.1,53.045],[-0.115,53.068],[-0.068,53.087],[-0.059,53.114],[-0.04,53.112],[-0.05,53.124],[0.032,53.103],[0.141,53.129],[0.118,53.181],[0.131,53.216],[0.114,53.22],[0.111,53.252],[0.16,53.257],[0.22,53.236],[0.247,53.255],[0.322,53.266],[0.356,53.192],[0.334,53.087],[0.335,53.094],[0.326,53.09],[0.319,53.092],[0.32,53.093],[0.318,53.093],[0.316,53.094],[0.32,53.095],[0.321,53.096],[0.319,53.101],[0.318,53.102],[0.317,53.102],[0.315,53.102],[0.314,53.103],[0.308,53.106],[0.315,53.102],[0.319,53.101],[0.316,53.092],[0.319,53.091],[0.308,53.093],[0.31,53.092],[0.308,53.092],[0.309,53.092],[0.305,53.092],[0.305,53.091],[0.302,53.092],[0.3,53.091],[0.294,53.088],[0.301,53.092],[0.305,53.091],[0.314,53.092],[0.316,53.089],[0.241,53.047],[0.18,53.022],[0.176,53.027],[0.173,53.025],[0.179,53.023],[0.179,53.022],[0.178,53.021],[0.143,53.0],[0.142,53.002],[0.14,53.002],[0.138,53.004],[0.137,53.004],[0.14,53.001],[0.143,53.0],[0.108,52.967],[0.103,52.965],[0.101,52.966],[0.101,52.968],[0.096,52.969],[0.099,52.968],[0.097,52.964],[0.091,52.964],[0.094,52.962],[0.092,52.96],[0.086,52.962],[0.087,52.959],[0.091,52.959],[0.093,52.961],[0.096,52.96],[0.077,52.933],[0.026,52.939],[-0.009,52.967],[-0.013,52.968],[-0.025,52.967],[-0.022,52.973],[-0.024,52.977],[-0.03,52.981],[-0.026,52.967],[-0.01,52.967],[0.022,52.939],[0.022,52.94],[0.023,52.939],[0.032,52.937],[0.037,52.933],[0.05,52.931],[0.078,52.932],[0.068,52.926],[0.066,52.928],[0.065,52.928],[0.065,52.928],[0.065,52.928],[0.064,52.928],[0.063,52.928],[0.065,52.929],[0.063,52.929],[0.062,52.928],[0.063,52.928],[0.065,52.927],[0.064,52.927],[0.063,52.926],[0.061,52.927],[0.058,52.926],[0.056,52.927],[0.056,52.928],[0.056,52.926],[0.058,52.926],[0.062,52.926],[0.059,52.925],[0.063,52.926],[0.065,52.927],[0.067,52.926],[0.065,52.924],[0.055,52.924],[0.061,52.923]],[[0.059,52.923],[0.059,52.923],[0.059,52.923],[0.059,52.923]],[[0.057,52.923],[0.057,52.923],[0.056,52.924],[0.057,52.923]],[[0.059,52.923],[0.058,52.924],[0.058,52.923],[0.059,52.923]],[[0.057,52.922],[0.057,52.922],[0.057,52.922],[0.057,52.922]],[[0.057,52.923],[0.055,52.923],[0.057,52.922],[0.057,52.923]],[[0.053,52.924],[0.053,52.924],[0.053,52.924],[0.053,52.924]],[[0.05,52.926],[0.052,52.926],[0.053,52.927],[0.053,52.928],[0.05,52.926]],[[0.054,52.924],[0.054,52.925],[0.053,52.925],[0.054,52.924]],[[0.053,52.925],[0.053,52.925],[0.053,52.925],[0.053,52.925]],[[0.054,52.925],[0.055,52.928],[0.054,52.926],[0.053,52.925],[0.054,52.925]],[[0.054,52.927],[0.054,52.926],[0.054,52.926],[0.054,52.927]],[[0.053,52.928],[0.053,52.928],[0.053,52.928],[0.053,52.928]],[[0.052,52.928],[0.053,52.929],[0.053,52.928],[0.052,52.928]],[[0.051,52.924],[0.051,52.923],[0.051,52.923],[0.051,52.924]],[[0.051,52.923],[0.052,52.923],[0.051,52.923],[0.051,52.923]],[[0.051,52.923],[0.051,52.923],[0.051,52.923],[0.051,52.923]],[[0.051,52.922],[0.053,52.921],[0.053,52.921],[0.051,52.922]],[[0.053,52.921],[0.053,52.921],[0.053,52.921],[0.053,52.921]],[[0.053,52.921],[0.051,52.922],[0.053,52.921],[0.053,52.921]],[[0.053,52.921],[0.053,52.921],[0.053,52.921],[0.053,52.921]],[[0.054,52.92],[0.054,52.92],[0.054,52.92],[0.054,52.92]],[[0.053,52.92],[0.053,52.92],[0.054,52.92],[0.053,52.92]],[[0.052,52.92],[0.052,52.92],[0.052,52.92],[0.052,52.92]],[[0.052,52.918],[0.052,52.918],[0.052,52.918],[0.052,52.918]],[[0.051,52.919],[0.051,52.92],[0.051,52.919],[0.051,52.919]],[[0.051,52.92],[0.05,52.921],[0.05,52.92],[0.051,52.92]],[[0.046,52.923],[0.046,52.923],[0.046,52.923],[0.046,52.923]],[[0.047,52.923],[0.046,52.924],[0.046,52.923],[0.047,52.923]],[[0.047,52.923],[0.047,52.923],[0.047,52.923],[0.047,52.923]],[[0.047,52.923],[0.048,52.924],[0.047,52.923],[0.047,52.923]],[[0.048,52.924],[0.048,52.924],[0.048,52.924],[0.048,52.924]],[[0.049,52.924],[0.048,52.924],[0.048,52.924],[0.049,52.924]],[[0.048,52.927],[0.048,52.927],[0.047,52.927],[0.048,52.927]],[[0.048,52.927],[0.048,52.927],[0.048,52.927],[0.048,52.927]],[[0.048,52.927],[0.048,52.927],[0.048,52.927],[0.048,52.927]],[[0.05,52.927],[0.05,52.927],[0.048,52.927],[0.05,52.927]],[[0.05,52.927],[0.05,52.927],[0.05,52.927],[0.05,52.927]],[[0.05,52.927],[0.051,52.927],[0.05,52.927],[0.05,52.927]],[[0.048,52.927],[0.048,52.927],[0.048,52.927],[0.048,52.927]],[[0.049,52.928],[0.049,52.928],[0.048,52.927],[0.049,52.928]],[[0.049,52.928],[0.048,52.928],[0.049,52.928],[0.049,52.928]],[[0.046,52.928],[0.046,52.928],[0.046,52.928],[0.046,52.928]],[[0.047,52.928],[0.048,52.929],[0.049,52.929],[0.05,52.93],[0.048,52.929],[0.047,52.928],[0.046,52.928],[0.047,52.928]],[[0.045,52.929],[0.045,52.929],[0.045,52.929],[0.045,52.929]],[[0.045,52.929],[0.045,52.929],[0.045,52.929],[0.045,52.929]],[[0.039,52.931],[0.038,52.931],[0.039,52.931],[0.039,52.931]],[[0.039,52.931],[0.039,52.932],[0.039,52.931],[0.039,52.931]],[[0.037,52.93],[0.037,52.931],[0.037,52.93],[0.037,52.93]],[[0.037,52.93],[0.037,52.93],[0.037,52.93],[0.037,52.93]],[[0.035,52.929],[0.035,52.931],[0.035,52.931],[0.035,52.929]],[[0.034,52.931],[0.035,52.931],[0.035,52.931],[0.034,52.931]],[[0.043,52.924],[0.043,52.924],[0.043,52.924],[0.043,52.924]],[[0.04,52.927],[0.043,52.925],[0.043,52.926],[0.04,52.927]],[[0.04,52.927],[0.039,52.927],[0.04,52.927],[0.04,52.927]],[[0.039,52.927],[0.039,52.927],[0.039,52.927],[0.039,52.927]],[[0.039,52.927],[0.039,52.927],[0.039,52.927],[0.039,52.927]],[[0.039,52.927],[0.038,52.927],[0.039,52.927],[0.039,52.927]],[[0.039,52.926],[0.039,52.926],[0.039,52.926],[0.039,52.926]],[[0.037,52.926],[0.039,52.926],[0.039,52.926],[0.037,52.926]],[[0.038,52.924],[0.038,52.924],[0.039,52.924],[0.038,52.924]],[[0.038,52.924],[0.038,52.924],[0.038,52.924],[0.038,52.924]],[[0.036,52.925],[0.036,52.925],[0.036,52.924],[0.036,52.925]],[[0.036,52.926],[0.035,52.926],[0.036,52.925],[0.036,52.926]],[[0.035,52.924],[0.035,52.924],[0.035,52.924],[0.035,52.924]],[[0.035,52.924],[0.035,52.924],[0.035,52.924],[0.035,52.924]],[[0.035,52.924],[0.035,52.924],[0.035,52.924],[0.035,52.924]],[[0.035,52.925],[0.035,52.924],[0.035,52.924],[0.035,52.925]],[[0.033,52.924],[0.035,52.924],[0.035,52.924],[0.033,52.924]],[[0.029,52.921],[0.029,52.921],[0.029,52.921],[0.029,52.921]],[[0.027,52.924],[0.029,52.923],[0.029,52.924],[0.029,52.925],[0.027,52.924]],[[0.029,52.92],[0.029,52.92],[0.029,52.92],[0.029,52.92]],[[0.029,52.92],[0.029,52.919],[0.029,52.92],[0.029,52.92]],[[0.036,52.921],[0.036,52.921],[0.036,52.921],[0.036,52.921]],[[0.037,52.92],[0.035,52.92],[0.036,52.92],[0.037,52.92]],[[0.041,52.919],[0.041,52.919],[0.042,52.919],[0.041,52.919]],[[0.041,52.919],[0.04,52.921],[0.041,52.92],[0.039,52.919],[0.041,52.92],[0.041,52.919]],[[0.041,52.921],[0.041,52.92],[0.041,52.92],[0.041,52.921]],[[0.041,52.922],[0.041,52.921],[0.041,52.921],[0.041,52.922]],[[0.041,52.921],[0.041,52.921],[0.041,52.921],[0.041,52.921]],[[0.041,52.921],[0.04,52.922],[0.04,52.922],[0.041,52.921]],[[0.04,52.921],[0.039,52.921],[0.039,52.921],[0.04,52.921]],[[0.038,52.921],[0.038,52.921],[0.037,52.92],[0.038,52.921]],[[0.04,52.92],[0.039,52.92],[0.04,52.92],[0.04,52.92]],[[0.041,52.919],[0.041,52.919],[0.041,52.919],[0.041,52.919]],[[0.041,52.919],[0.041,52.919],[0.041,52.919],[0.041,52.919]],[[0.042,52.918],[0.042,52.918],[0.042,52.918],[0.042,52.918]],[[0.041,52.918],[0.041,52.918],[0.04,52.918],[0.041,52.918]],[[0.043,52.916],[0.043,52.916],[0.043,52.915],[0.043,52.916]],[[0.043,52.916],[0.042,52.915],[0.043,52.916],[0.043,52.916]],[[0.042,52.915],[0.042,52.915],[0.042,52.915],[0.042,52.915]],[[0.042,52.915],[0.042,52.916],[0.041,52.916],[0.042,52.915]],[[0.04,52.915],[0.04,52.915],[0.039,52.915],[0.04,52.915]],[[0.04,52.915],[0.039,52.916],[0.04,52.915],[0.04,52.915]],[[0.036,52.918],[0.036,52.918],[0.037,52.918],[0.036,52.918]],[[0.036,52.919],[0.035,52.92],[0.035,52.919],[0.034,52.919],[0.032,52.917],[0.036,52.919]],[[0.035,52.92],[0.034,52.92],[0.035,52.92],[0.035,52.92]],[[0.034,52.92],[0.033,52.92],[0.034,52.92],[0.034,52.92]],[[0.036,52.917],[0.036,52.917],[0.036,52.917],[0.036,52.917]],[[0.036,52.915],[0.036,52.915],[0.037,52.916],[0.036,52.915]],[[0.034,52.915],[0.036,52.916],[0.035,52.916],[0.034,52.915]],[[0.036,52.915],[0.036,52.915],[0.036,52.915],[0.036,52.915]],[[0.035,52.915],[0.036,52.915],[0.036,52.915],[0.035,52.915]],[[0.042,52.912],[0.042,52.912],[0.042,52.912],[0.042,52.912]],[[0.041,52.913],[0.041,52.912],[0.042,52.912],[0.041,52.913]],[[0.041,52.912],[0.041,52.912],[0.041,52.912],[0.041,52.912]],[[0.041,52.912],[0.041,52.912],[0.041,52.912],[0.041,52.912]],[[0.04,52.913],[0.04,52.913],[0.04,52.912],[0.04,52.913]],[[0.04,52.913],[0.039,52.914],[0.04,52.913],[0.04,52.913]],[[0.039,52.912],[0.039,52.912],[0.039,52.912],[0.039,52.912]],[[0.039,52.912],[0.038,52.912],[0.039,52.912],[0.039,52.912]],[[0.042,52.91],[0.042,52.91],[0.042,52.91],[0.042,52.91]],[[0.04,52.91],[0.04,52.91],[0.039,52.911],[0.04,52.91]],[[0.028,52.917],[0.028,52.917],[0.028,52.917],[0.028,52.917]],[[0.027,52.918],[0.027,52.917],[0.028,52.917],[0.027,52.918]],[[0.028,52.918],[0.027,52.918],[0.027,52.918],[0.028,52.918]],[[0.027,52.918],[0.025,52.917],[0.027,52.917],[0.027,52.918]],[[0.024,52.917],[0.025,52.917],[0.025,52.917],[0.024,52.917]],[[0.021,52.916],[0.022,52.915],[0.022,52.915],[0.021,52.916]],[[0.025,52.914],[0.025,52.915],[0.025,52.915],[0.025,52.914]],[[0.034,52.912],[0.034,52.912],[0.034,52.912],[0.034,52.912]],[[0.035,52.912],[0.035,52.912],[0.035,52.912],[0.035,52.912]],[[0.033,52.913],[0.034,52.912],[0.035,52.912],[0.033,52.913]],[[0.034,52.912],[0.034,52.912],[0.034,52.912],[0.034,52.912]],[[0.033,52.912],[0.033,52.912],[0.034,52.912],[0.033,52.912]],[[0.036,52.91],[0.034,52.911],[0.035,52.91],[0.036,52.91]],[[0.034,52.91],[0.035,52.909],[0.036,52.909],[0.034,52.91]],[[0.034,52.91],[0.034,52.909],[0.034,52.909],[0.034,52.91]],[[0.034,52.91],[0.032,52.91],[0.034,52.91],[0.034,52.91]],[[0.034,52.909],[0.034,52.909],[0.034,52.909],[0.034,52.909]],[[0.033,52.909],[0.034,52.909],[0.034,52.909],[0.033,52.909]],[[0.033,52.908],[0.034,52.908],[0.034,52.908],[0.033,52.908]],[[0.032,52.907],[0.032,52.907],[0.032,52.907],[0.032,52.907]],[[0.033,52.907],[0.034,52.907],[0.032,52.907],[0.033,52.907]],[[0.031,52.907],[0.032,52.907],[0.031,52.907],[0.031,52.907]],[[0.03,52.911],[0.03,52.913],[0.03,52.911],[0.03,52.911]],[[0.028,52.91],[0.028,52.91],[0.028,52.909],[0.028,52.91]],[[0.027,52.91],[0.027,52.91],[0.027,52.91],[0.027,52.91]],[[0.024,52.911],[0.027,52.911],[0.026,52.912],[0.024,52.911]],[[0.024,52.909],[0.025,52.909],[0.025,52.909],[0.024,52.909]],[[0.024,52.909],[0.023,52.91],[0.022,52.909],[0.024,52.909]],[[0.023,52.91],[0.023,52.91],[0.023,52.91],[0.023,52.91]],[[0.023,52.91],[0.023,52.911],[0.023,52.91],[0.023,52.91]],[[0.022,52.911],[0.022,52.911],[0.023,52.911],[0.022,52.911]],[[0.031,52.905],[0.031,52.905],[0.032,52.905],[0.031,52.905]],[[0.031,52.905],[0.031,52.905],[0.031,52.905],[0.031,52.905]],[[0.021,52.906],[0.021,52.906],[0.021,52.906],[0.021,52.906]],[[0.021,52.906],[0.02,52.907],[0.021,52.906],[0.021,52.906]],[[0.014,52.905],[0.014,52.905],[0.014,52.905],[0.014,52.905]],[[0.013,52.906],[0.015,52.908],[0.01,52.904],[0.013,52.906]],[[0.031,52.901],[0.031,52.901],[0.031,52.901],[0.031,52.901]],[[0.031,52.901],[0.03,52.902],[0.031,52.901],[0.031,52.901]],[[0.029,52.901],[0.029,52.902],[0.029,52.901],[0.029,52.901]],[[0.029,52.903],[0.029,52.903],[0.028,52.903],[0.029,52.903]],[[0.01,52.902],[0.009,52.903],[0.009,52.903],[0.01,52.902]],[[0.009,52.903],[0.009,52.903],[0.009,52.903],[0.009,52.903]],[[0.008,52.902],[0.008,52.902],[0.009,52.903],[0.008,52.902]],[[0.016,52.901],[0.016,52.901],[0.016,52.901],[0.016,52.901]],[[0.015,52.901],[0.015,52.9],[0.016,52.901],[0.015,52.901]],[[0.025,52.901],[0.025,52.901],[0.025,52.901],[0.025,52.901]],[[0.024,52.9],[0.024,52.9],[0.024,52.899],[0.024,52.9]],[[0.027,52.899],[0.026,52.899],[0.027,52.899],[0.027,52.899]],[[0.014,52.895],[0.014,52.895],[0.014,52.895],[0.014,52.895]],[[0.014,52.895],[0.014,52.895],[0.013,52.896],[0.014,52.895]],[[0.014,52.896],[0.014,52.896],[0.014,52.896],[0.014,52.896]],[[0.013,52.897],[0.015,52.897],[0.014,52.897],[0.013,52.897]],[[0.011,52.896],[0.01,52.896],[0.011,52.896],[0.011,52.896]],[[0.005,52.895],[0.006,52.895],[0.006,52.895],[0.005,52.895]],[[-0.001,52.895],[-0.0,52.895],[-0.0,52.895],[-0.001,52.895]],[[-0.001,52.895],[-0.003,52.895],[-0.003,52.895],[-0.002,52.894],[-0.001,52.895]],[[0.006,52.893],[0.006,52.893],[0.006,52.893],[0.006,52.893]],[[0.004,52.893],[0.004,52.894],[0.004,52.893],[0.003,52.894],[0.002,52.894],[0.004,52.893]],[[0.005,52.891],[0.005,52.891],[0.005,52.891],[0.005,52.891]],[[0.005,52.892],[0.005,52.891],[0.005,52.891],[0.005,52.892]],[[-0.0,52.892],[-0.0,52.892],[-0.001,52.891],[-0.0,52.892]],[[0.0,52.892],[-0.0,52.892],[-0.0,52.892],[0.0,52.892]],[[-0.002,52.889],[-0.002,52.889],[-0.002,52.889],[-0.002,52.889]],[[-0.002,52.889],[-0.002,52.889],[-0.002,52.889],[-0.002,52.889]],[[-0.007,52.886],[-0.007,52.886],[-0.007,52.886],[-0.007,52.886]],[[-0.007,52.886],[-0.005,52.888],[-0.005,52.888],[-0.008,52.886],[-0.007,52.886]],[[-0.01,52.885],[-0.011,52.885],[-0.011,52.885],[-0.01,52.885]],[[-0.009,52.886],[-0.008,52.886],[-0.01,52.885],[-0.009,52.886]],[[-0.011,52.885],[-0.012,52.884],[-0.012,52.884],[-0.011,52.885]],[[-0.013,52.884],[-0.017,52.882],[-0.012,52.884],[-0.013,52.884]],[[0.326,53.092],[0.326,53.092],[0.325,53.092],[0.326,53.092]],[[0.326,53.092],[0.325,53.093],[0.325,53.093],[0.326,53.092]],[[0.326,53.092],[0.326,53.092],[0.326,53.093],[0.326,53.092],[0.326,53.092]],[[0.326,53.093],[0.326,53.093],[0.326,53.093],[0.326,53.093]],[[0.326,53.093],[0.327,53.093],[0.326,53.093],[0.326,53.093]],[[0.325,53.094],[0.324,53.093],[0.324,53.093],[0.325,53.094]],[[0.32,53.093],[0.32,53.093],[0.32,53.093],[0.32,53.093]],[[0.321,53.093],[0.321,53.094],[0.32,53.093],[0.321,53.093]],[[0.321,53.093],[0.321,53.093],[0.321,53.093],[0.321,53.093]],[[0.321,53.092],[0.321,53.093],[0.321,53.093],[0.321,53.092]],[[0.321,53.092],[0.321,53.093],[0.321,53.093],[0.321,53.092]],[[0.322,53.094],[0.322,53.095],[0.323,53.097],[0.322,53.095],[0.322,53.094],[0.321,53.093],[0.322,53.094]],[[0.317,53.093],[0.317,53.093],[0.317,53.093],[0.317,53.093]],[[0.319,53.094],[0.318,53.094],[0.317,53.093],[0.319,53.094]],[[0.308,53.106],[0.308,53.106],[0.308,53.106],[0.308,53.106]],[[0.308,53.106],[0.307,53.11],[0.304,53.111],[0.308,53.106]],[[0.315,53.093],[0.315,53.093],[0.315,53.093],[0.315,53.093]],[[0.315,53.093],[0.315,53.093],[0.314,53.093],[0.315,53.093]],[[0.314,53.093],[0.313,53.094],[0.314,53.093],[0.314,53.093]],[[0.311,53.095],[0.311,53.094],[0.313,53.094],[0.311,53.095]],[[0.311,53.095],[0.311,53.095],[0.311,53.095],[0.311,53.095]],[[0.312,53.095],[0.311,53.095],[0.311,53.095],[0.312,53.095]],[[0.314,53.094],[0.312,53.095],[0.312,53.095],[0.314,53.094]],[[0.314,53.094],[0.315,53.094],[0.315,53.095],[0.314,53.094]],[[0.311,53.095],[0.311,53.095],[0.311,53.095],[0.311,53.095]],[[0.312,53.095],[0.311,53.095],[0.311,53.095],[0.312,53.095]],[[0.308,53.087],[0.309,53.086],[0.309,53.086],[0.308,53.087]],[[0.308,53.087],[0.307,53.087],[0.308,53.087],[0.308,53.087]],[[0.308,53.086],[0.308,53.086],[0.308,53.086],[0.308,53.086]],[[0.307,53.087],[0.308,53.086],[0.308,53.086],[0.307,53.087]],[[0.305,53.086],[0.306,53.086],[0.306,53.085],[0.305,53.086]],[[0.303,53.087],[0.304,53.087],[0.305,53.086],[0.303,53.087]],[[0.287,53.077],[0.287,53.076],[0.287,53.076],[0.287,53.077]],[[0.287,53.077],[0.285,53.078],[0.287,53.077],[0.287,53.077]],[[0.285,53.078],[0.285,53.078],[0.285,53.078],[0.285,53.078]],[[0.285,53.078],[0.285,53.079],[0.286,53.08],[0.285,53.078]],[[0.286,53.08],[0.286,53.08],[0.286,53.08],[0.286,53.08]],[[0.283,53.08],[0.283,53.08],[0.282,53.08],[0.283,53.08]],[[0.286,53.075],[0.284,53.075],[0.286,53.075],[0.286,53.075]],[[0.282,53.076],[0.281,53.076],[0.284,53.075],[0.282,53.076]],[[0.279,53.072],[0.279,53.072],[0.278,53.071],[0.279,53.072]],[[0.279,53.072],[0.278,53.072],[0.279,53.072],[0.279,53.072]],[[0.279,53.072],[0.279,53.072],[0.279,53.072],[0.279,53.072]],[[0.277,53.071],[0.277,53.071],[0.277,53.071],[0.277,53.071]],[[0.276,53.069],[0.276,53.07],[0.275,53.069],[0.276,53.069]],[[0.276,53.07],[0.275,53.071],[0.276,53.07],[0.276,53.07]],[[0.274,53.069],[0.274,53.069],[0.274,53.069],[0.274,53.069]],[[0.273,53.07],[0.274,53.069],[0.274,53.069],[0.273,53.07]],[[0.272,53.068],[0.272,53.068],[0.272,53.068],[0.272,53.068]],[[0.272,53.068],[0.272,53.069],[0.271,53.07],[0.272,53.068]],[[0.268,53.066],[0.267,53.066],[0.268,53.066],[0.268,53.066]],[[0.267,53.066],[0.267,53.066],[0.267,53.066],[0.267,53.066]],[[0.267,53.066],[0.267,53.066],[0.267,53.066],[0.267,53.066]],[[0.266,53.066],[0.266,53.066],[0.267,53.066],[0.266,53.066]],[[0.266,53.066],[0.266,53.066],[0.266,53.066],[0.266,53.066]],[[0.265,53.064],[0.264,53.064],[0.265,53.064],[0.265,53.064]],[[0.263,53.064],[0.262,53.064],[0.264,53.064],[0.263,53.064]],[[0.262,53.064],[0.262,53.064],[0.262,53.064],[0.262,53.064]],[[0.261,53.064],[0.261,53.064],[0.26,53.064],[0.259,53.064],[0.257,53.064],[0.257,53.061],[0.261,53.064]],[[0.262,53.062],[0.263,53.063],[0.263,53.063],[0.262,53.062]],[[0.249,53.056],[0.249,53.056],[0.249,53.056],[0.249,53.056]],[[0.249,53.056],[0.249,53.056],[0.249,53.056],[0.249,53.056]],[[0.249,53.056],[0.249,53.056],[0.249,53.056],[0.249,53.056]],[[0.248,53.055],[0.248,53.055],[0.248,53.055],[0.248,53.055]],[[0.248,53.055],[0.247,53.055],[0.248,53.055],[0.248,53.055]],[[0.246,53.055],[0.247,53.054],[0.247,53.054],[0.246,53.055]],[[0.245,53.055],[0.243,53.057],[0.246,53.055],[0.245,53.055]],[[0.247,53.053],[0.246,53.054],[0.247,53.053],[0.247,53.053]],[[0.246,53.053],[0.245,53.053],[0.246,53.053],[0.246,53.053]],[[0.247,53.052],[0.248,53.052],[0.247,53.052],[0.247,53.052]],[[0.248,53.052],[0.246,53.052],[0.247,53.052],[0.248,53.052]],[[0.244,53.052],[0.244,53.052],[0.244,53.052],[0.244,53.052]],[[0.244,53.052],[0.244,53.052],[0.244,53.052],[0.244,53.052]],[[0.244,53.052],[0.245,53.052],[0.244,53.052],[0.244,53.052]],[[0.244,53.052],[0.241,53.054],[0.244,53.052],[0.244,53.052]],[[0.24,53.051],[0.24,53.051],[0.24,53.051],[0.24,53.051]],[[0.239,53.05],[0.239,53.05],[0.238,53.05],[0.239,53.05]],[[0.231,53.045],[0.231,53.045],[0.231,53.045],[0.231,53.045]],[[0.231,53.045],[0.23,53.045],[0.23,53.045],[0.23,53.045],[0.231,53.045]],[[0.231,53.045],[0.23,53.045],[0.23,53.045],[0.231,53.045]],[[0.231,53.045],[0.23,53.045],[0.231,53.045],[0.231,53.045]],[[0.23,53.046],[0.23,53.045],[0.23,53.045],[0.23,53.046]],[[0.23,53.046],[0.23,53.046],[0.23,53.046],[0.23,53.046]],[[0.23,53.046],[0.23,53.046],[0.23,53.046],[0.23,53.046]],[[0.223,53.04],[0.222,53.041],[0.223,53.04],[0.223,53.04]],[[0.216,53.039],[0.216,53.038],[0.217,53.038],[0.216,53.039]],[[0.212,53.037],[0.212,53.037],[0.212,53.037],[0.212,53.037]],[[0.211,53.038],[0.211,53.038],[0.212,53.037],[0.211,53.038]],[[0.212,53.037],[0.21,53.038],[0.212,53.037],[0.212,53.037]],[[0.208,53.035],[0.208,53.036],[0.208,53.035],[0.208,53.035]],[[0.207,53.035],[0.207,53.035],[0.208,53.035],[0.207,53.035]],[[0.208,53.035],[0.207,53.035],[0.207,53.035],[0.208,53.035]],[[0.195,53.032],[0.195,53.032],[0.195,53.032],[0.195,53.032]],[[0.195,53.032],[0.191,53.034],[0.189,53.035],[0.195,53.032]],[[0.193,53.03],[0.193,53.03],[0.193,53.03],[0.193,53.03]],[[0.193,53.03],[0.192,53.031],[0.192,53.03],[0.192,53.031],[0.192,53.03],[0.193,53.03]],[[0.191,53.03],[0.192,53.03],[0.192,53.03],[0.191,53.03]],[[0.191,53.031],[0.191,53.031],[0.191,53.031],[0.191,53.031]],[[0.19,53.031],[0.19,53.031],[0.191,53.031],[0.19,53.031]],[[0.19,53.031],[0.19,53.031],[0.19,53.031],[0.19,53.031]],[[0.193,53.029],[0.193,53.029],[0.193,53.029],[0.193,53.029]],[[0.193,53.029],[0.192,53.029],[0.193,53.029],[0.193,53.029]],[[0.192,53.029],[0.192,53.029],[0.192,53.029],[0.192,53.029]],[[0.191,53.029],[0.191,53.03],[0.192,53.029],[0.191,53.029]],[[0.19,53.029],[0.19,53.03],[0.191,53.029],[0.19,53.029]],[[0.19,53.03],[0.189,53.03],[0.188,53.03],[0.19,53.03]],[[0.191,53.028],[0.191,53.028],[0.191,53.028],[0.191,53.028]],[[0.189,53.029],[0.19,53.028],[0.191,53.028],[0.189,53.029]],[[0.185,53.025],[0.184,53.025],[0.184,53.025],[0.185,53.025]],[[0.184,53.025],[0.184,53.027],[0.183,53.027],[0.184,53.025]],[[0.184,53.027],[0.184,53.026],[0.184,53.026],[0.184,53.027]],[[0.184,53.027],[0.183,53.027],[0.184,53.027],[0.184,53.027]],[[0.183,53.025],[0.183,53.024],[0.183,53.024],[0.183,53.025]],[[0.184,53.025],[0.184,53.026],[0.183,53.025],[0.184,53.025]],[[0.183,53.024],[0.183,53.024],[0.183,53.024],[0.183,53.024]],[[0.183,53.024],[0.183,53.024],[0.183,53.024],[0.183,53.024]],[[0.183,53.025],[0.183,53.025],[0.183,53.024],[0.183,53.025]],[[0.183,53.025],[0.182,53.026],[0.183,53.025],[0.183,53.025]],[[0.181,53.023],[0.181,53.025],[0.181,53.022],[0.181,53.023]],[[0.179,53.026],[0.179,53.026],[0.179,53.026],[0.179,53.026]],[[0.179,53.022],[0.179,53.022],[0.179,53.022],[0.179,53.022]],[[0.178,53.022],[0.178,53.022],[0.179,53.022],[0.178,53.022]],[[0.178,53.022],[0.177,53.022],[0.178,53.022],[0.178,53.022]],[[0.178,53.021],[0.178,53.021],[0.178,53.021],[0.178,53.021]],[[0.178,53.021],[0.178,53.021],[0.177,53.021],[0.178,53.021]],[[0.178,53.021],[0.177,53.022],[0.177,53.021],[0.178,53.021]],[[0.176,53.022],[0.176,53.022],[0.176,53.022],[0.176,53.022]],[[0.174,53.02],[0.174,53.02],[0.174,53.02],[0.174,53.02]],[[0.172,53.02],[0.172,53.02],[0.172,53.02],[0.172,53.02]],[[0.172,53.02],[0.171,53.02],[0.172,53.02],[0.172,53.02]],[[0.172,53.02],[0.171,53.02],[0.172,53.02],[0.172,53.02]],[[0.171,53.02],[0.171,53.021],[0.169,53.021],[0.171,53.02]],[[0.171,53.019],[0.171,53.019],[0.171,53.019],[0.171,53.019]],[[0.17,53.02],[0.17,53.019],[0.171,53.019],[0.17,53.02]],[[0.169,53.019],[0.169,53.019],[0.169,53.019],[0.169,53.019]],[[0.168,53.019],[0.168,53.02],[0.169,53.019],[0.168,53.019]],[[0.162,53.012],[0.161,53.012],[0.162,53.012],[0.162,53.012]],[[0.161,53.013],[0.161,53.013],[0.161,53.012],[0.161,53.013]],[[0.16,53.013],[0.161,53.012],[0.161,53.013],[0.16,53.013]],[[0.16,53.012],[0.16,53.012],[0.16,53.012],[0.16,53.012]],[[0.16,53.012],[0.16,53.012],[0.16,53.012],[0.16,53.012]],[[0.16,53.012],[0.16,53.012],[0.16,53.012],[0.16,53.012]],[[0.16,53.012],[0.16,53.012],[0.16,53.012],[0.16,53.012]],[[0.159,53.012],[0.159,53.013],[0.16,53.012],[0.159,53.012]],[[0.159,53.013],[0.159,53.013],[0.159,53.013],[0.159,53.013]],[[0.159,53.013],[0.159,53.014],[0.159,53.013],[0.159,53.013]],[[0.159,53.011],[0.16,53.011],[0.16,53.011],[0.159,53.011]],[[0.16,53.011],[0.159,53.011],[0.16,53.011],[0.16,53.011]],[[0.158,53.011],[0.158,53.012],[0.158,53.012],[0.158,53.011]],[[0.157,53.012],[0.157,53.012],[0.158,53.012],[0.157,53.012]],[[0.158,53.013],[0.157,53.013],[0.157,53.012],[0.158,53.013]],[[0.158,53.013],[0.157,53.014],[0.158,53.013],[0.158,53.013]],[[0.157,53.014],[0.157,53.014],[0.157,53.014],[0.157,53.014]],[[0.157,53.014],[0.157,53.014],[0.157,53.014],[0.157,53.014]],[[0.157,53.011],[0.157,53.011],[0.157,53.011],[0.157,53.011]],[[0.157,53.011],[0.155,53.011],[0.154,53.013],[0.155,53.011],[0.157,53.011]],[[0.156,53.01],[0.156,53.01],[0.156,53.01],[0.156,53.01]],[[0.156,53.01],[0.155,53.011],[0.156,53.01],[0.156,53.01]],[[0.151,53.012],[0.151,53.011],[0.152,53.011],[0.151,53.012]],[[0.151,53.011],[0.151,53.011],[0.151,53.011],[0.151,53.011]],[[0.154,53.009],[0.153,53.009],[0.154,53.009],[0.154,53.009]],[[0.152,53.008],[0.151,53.009],[0.152,53.008],[0.152,53.008]],[[0.149,53.005],[0.149,53.005],[0.149,53.005],[0.149,53.005]],[[0.149,53.005],[0.149,53.005],[0.147,53.005],[0.149,53.005]],[[0.145,53.005],[0.145,53.005],[0.145,53.005],[0.145,53.005]],[[0.145,53.005],[0.145,53.005],[0.144,53.005],[0.145,53.005]],[[0.144,53.002],[0.144,53.002],[0.144,53.002],[0.144,53.002]],[[0.143,53.003],[0.144,53.002],[0.144,53.002],[0.143,53.003]],[[0.143,53.002],[0.144,53.002],[0.144,53.002],[0.143,53.002]],[[0.144,53.0],[0.144,53.0],[0.144,53.0],[0.144,53.0]],[[0.144,53.001],[0.144,53.001],[0.144,53.0],[0.144,53.001]],[[0.137,53.004],[0.137,53.004],[0.137,53.004],[0.137,53.004]],[[0.136,52.998],[0.136,52.998],[0.136,52.998],[0.136,52.998]],[[0.136,52.997],[0.135,52.997],[0.134,52.997],[0.136,52.997]],[[0.136,52.995],[0.134,52.996],[0.136,52.995],[0.136,52.995]],[[0.135,52.995],[0.135,52.995],[0.135,52.995],[0.135,52.995]],[[0.134,52.995],[0.135,52.994],[0.135,52.994],[0.134,52.995]],[[0.132,52.995],[0.132,52.995],[0.133,52.994],[0.132,52.995]],[[0.131,52.995],[0.131,52.994],[0.132,52.995],[0.131,52.995]],[[0.134,52.992],[0.134,52.992],[0.134,52.992],[0.134,52.992]],[[0.134,52.992],[0.133,52.992],[0.134,52.992],[0.134,52.992]],[[0.132,52.992],[0.132,52.992],[0.132,52.992],[0.132,52.992]],[[0.132,52.994],[0.131,52.993],[0.132,52.992],[0.132,52.994]],[[0.129,52.99],[0.129,52.99],[0.129,52.99],[0.129,52.99]],[[0.129,52.99],[0.128,52.99],[0.127,52.99],[0.129,52.99]],[[0.128,52.991],[0.128,52.991],[0.128,52.991],[0.128,52.991]],[[0.129,52.992],[0.128,52.991],[0.128,52.991],[0.129,52.992]],[[0.126,52.987],[0.126,52.987],[0.126,52.987],[0.126,52.987]],[[0.123,52.99],[0.124,52.987],[0.123,52.988],[0.123,52.988],[0.123,52.99]],[[0.126,52.987],[0.126,52.988],[0.126,52.987],[0.126,52.987]],[[0.124,52.987],[0.125,52.986],[0.125,52.986],[0.124,52.987]],[[0.125,52.986],[0.125,52.986],[0.125,52.986],[0.125,52.986]],[[0.124,52.986],[0.125,52.986],[0.125,52.986],[0.124,52.986]],[[0.124,52.986],[0.125,52.986],[0.125,52.986],[0.124,52.986]],[[0.12,52.982],[0.121,52.982],[0.122,52.982],[0.12,52.982]],[[0.119,52.98],[0.12,52.98],[0.12,52.98],[0.119,52.98]],[[0.119,52.98],[0.118,52.982],[0.119,52.983],[0.118,52.983],[0.118,52.981],[0.119,52.98]],[[0.119,52.983],[0.119,52.982],[0.119,52.983],[0.119,52.983]],[[0.119,52.983],[0.119,52.983],[0.119,52.983],[0.119,52.983]],[[0.119,52.983],[0.12,52.983],[0.121,52.985],[0.119,52.983],[0.119,52.983]],[[0.121,52.985],[0.121,52.985],[0.121,52.985],[0.121,52.985]],[[0.114,52.978],[0.115,52.978],[0.115,52.978],[0.114,52.978]],[[0.114,52.979],[0.113,52.979],[0.114,52.978],[0.114,52.979]],[[0.113,52.98],[0.113,52.979],[0.113,52.979],[0.113,52.98]],[[0.113,52.98],[0.114,52.98],[0.113,52.98],[0.113,52.98]],[[0.111,52.975],[0.111,52.976],[0.111,52.975],[0.111,52.975]],[[0.111,52.975],[0.111,52.975],[0.111,52.975],[0.111,52.975]],[[0.11,52.975],[0.11,52.978],[0.112,52.979],[0.112,52.979],[0.11,52.978],[0.11,52.976],[0.109,52.977],[0.11,52.975]],[[0.109,52.976],[0.109,52.976],[0.109,52.976],[0.109,52.976]],[[0.109,52.976],[0.109,52.976],[0.109,52.977],[0.109,52.976]],[[0.111,52.973],[0.111,52.973],[0.111,52.973],[0.111,52.973]],[[0.111,52.973],[0.109,52.973],[0.111,52.973],[0.111,52.973]],[[0.11,52.971],[0.109,52.972],[0.111,52.971],[0.11,52.971]],[[0.108,52.972],[0.108,52.972],[0.109,52.971],[0.108,52.972]],[[0.108,52.972],[0.108,52.972],[0.107,52.972],[0.108,52.972]],[[0.108,52.971],[0.108,52.971],[0.108,52.971],[0.108,52.971]],[[0.108,52.971],[0.107,52.972],[0.108,52.971],[0.108,52.971]],[[0.107,52.971],[0.108,52.971],[0.108,52.971],[0.107,52.971]],[[0.108,52.971],[0.108,52.971],[0.108,52.971],[0.108,52.971]],[[0.108,52.971],[0.105,52.973],[0.103,52.972],[0.106,52.973],[0.106,52.974],[0.103,52.972],[0.103,52.972],[0.104,52.972],[0.105,52.973],[0.105,52.971],[0.108,52.971]],[[0.106,52.974],[0.106,52.974],[0.105,52.974],[0.106,52.974]],[[0.106,52.974],[0.106,52.974],[0.106,52.974],[0.106,52.974]],[[0.107,52.971],[0.107,52.971],[0.107,52.971],[0.107,52.971]],[[0.105,52.971],[0.105,52.97],[0.107,52.971],[0.105,52.971]],[[0.105,52.97],[0.105,52.97],[0.105,52.97],[0.105,52.97]],[[0.105,52.97],[0.105,52.97],[0.105,52.97],[0.105,52.97]],[[0.105,52.97],[0.104,52.971],[0.105,52.97],[0.105,52.97]],[[0.105,52.97],[0.105,52.97],[0.105,52.97],[0.105,52.97]],[[0.104,52.971],[0.104,52.97],[0.105,52.97],[0.104,52.971]],[[0.106,52.969],[0.107,52.968],[0.107,52.968],[0.106,52.969]],[[0.104,52.97],[0.103,52.97],[0.106,52.969],[0.104,52.97]],[[0.105,52.968],[0.106,52.967],[0.107,52.967],[0.105,52.968]],[[0.105,52.967],[0.106,52.967],[0.106,52.967],[0.105,52.967]],[[0.103,52.968],[0.103,52.968],[0.103,52.968],[0.103,52.968]],[[0.102,52.968],[0.102,52.968],[0.102,52.968],[0.102,52.968]],[[0.102,52.968],[0.102,52.968],[0.101,52.968],[0.102,52.968]],[[0.102,52.969],[0.101,52.969],[0.102,52.969],[0.102,52.969]],[[0.101,52.969],[0.101,52.969],[0.101,52.969],[0.101,52.969]],[[0.101,52.968],[0.101,52.969],[0.101,52.969],[0.101,52.968]],[[0.102,52.967],[0.102,52.967],[0.102,52.967],[0.102,52.967]],[[0.102,52.967],[0.101,52.968],[0.102,52.967],[0.102,52.967]],[[0.101,52.968],[0.1,52.968],[0.101,52.968],[0.101,52.968]],[[0.1,52.969],[0.1,52.969],[0.099,52.969],[0.1,52.969]],[[0.1,52.969],[0.099,52.969],[0.1,52.969],[0.1,52.969]],[[0.1,52.969],[0.1,52.969],[0.1,52.969],[0.1,52.969]],[[0.1,52.97],[0.098,52.97],[0.1,52.969],[0.1,52.97]],[[0.096,52.966],[0.097,52.965],[0.097,52.965],[0.096,52.966]],[[0.09,52.962],[0.09,52.962],[0.091,52.961],[0.09,52.962]],[[0.09,52.962],[0.089,52.962],[0.09,52.962],[0.09,52.962]],[[0.094,52.96],[0.093,52.96],[0.093,52.96],[0.094,52.96]],[[0.087,52.958],[0.087,52.958],[0.087,52.958],[0.087,52.958]],[[0.086,52.957],[0.088,52.958],[0.087,52.958],[0.086,52.957]],[[0.091,52.956],[0.091,52.956],[0.092,52.956],[0.091,52.956]],[[0.09,52.957],[0.09,52.957],[0.091,52.956],[0.09,52.957]],[[0.09,52.957],[0.089,52.957],[0.09,52.957],[0.09,52.957]],[[0.09,52.957],[0.09,52.957],[0.09,52.957],[0.09,52.957]],[[0.089,52.956],[0.088,52.957],[0.087,52.956],[0.089,52.956]],[[0.087,52.956],[0.087,52.956],[0.087,52.956],[0.087,52.956]],[[0.087,52.956],[0.085,52.957],[0.084,52.955],[0.087,52.956]],[[0.091,52.956],[0.091,52.956],[0.091,52.956],[0.091,52.956]],[[0.09,52.956],[0.091,52.956],[0.091,52.956],[0.09,52.956]],[[0.09,52.956],[0.091,52.956],[0.091,52.956],[0.09,52.956]],[[0.088,52.955],[0.088,52.955],[0.088,52.955],[0.088,52.955]],[[0.088,52.955],[0.089,52.956],[0.088,52.956],[0.088,52.955]],[[0.087,52.955],[0.087,52.955],[0.088,52.955],[0.087,52.955]],[[0.088,52.953],[0.088,52.953],[0.088,52.953],[0.088,52.953]],[[0.088,52.955],[0.087,52.954],[0.088,52.953],[0.088,52.955]],[[0.087,52.953],[0.087,52.953],[0.087,52.953],[0.087,52.953]],[[0.085,52.954],[0.087,52.953],[0.086,52.954],[0.085,52.954]],[[0.088,52.955],[0.087,52.955],[0.087,52.954],[0.088,52.955]],[[0.087,52.955],[0.087,52.955],[0.087,52.955],[0.087,52.955]],[[0.085,52.952],[0.085,52.953],[0.085,52.952],[0.085,52.952]],[[0.085,52.953],[0.085,52.953],[0.084,52.954],[0.083,52.954],[0.085,52.953]],[[0.084,52.954],[0.084,52.954],[0.084,52.953],[0.084,52.954]],[[0.084,52.954],[0.084,52.954],[0.083,52.954],[0.084,52.954]],[[0.084,52.954],[0.084,52.954],[0.084,52.954],[0.084,52.954]],[[0.085,52.954],[0.084,52.955],[0.084,52.954],[0.085,52.954]],[[0.085,52.952],[0.085,52.952],[0.085,52.952],[0.085,52.952]],[[0.085,52.952],[0.084,52.953],[0.085,52.952],[0.085,52.952]],[[0.085,52.952],[0.085,52.952],[0.085,52.952],[0.085,52.952]],[[0.084,52.952],[0.085,52.952],[0.085,52.952],[0.084,52.952]],[[0.084,52.952],[0.084,52.952],[0.084,52.952],[0.084,52.952]],[[0.084,52.952],[0.083,52.952],[0.084,52.952],[0.084,52.952]],[[0.084,52.952],[0.084,52.952],[0.084,52.952],[0.084,52.952]],[[0.084,52.952],[0.083,52.953],[0.084,52.952],[0.084,52.952]],[[0.084,52.952],[0.084,52.953],[0.084,52.952],[0.084,52.952]],[[0.083,52.952],[0.082,52.952],[0.083,52.952],[0.083,52.952]],[[0.083,52.951],[0.083,52.951],[0.084,52.951],[0.083,52.951]],[[0.083,52.952],[0.083,52.952],[0.083,52.951],[0.083,52.952]],[[0.082,52.952],[0.082,52.952],[0.082,52.952],[0.082,52.952]],[[0.083,52.952],[0.082,52.952],[0.082,52.952],[0.083,52.952]],[[0.082,52.951],[0.082,52.951],[0.082,52.951],[0.082,52.951]],[[0.081,52.951],[0.081,52.951],[0.082,52.951],[0.081,52.951]],[[0.081,52.949],[0.082,52.949],[0.082,52.95],[0.081,52.949]],[[0.081,52.949],[0.081,52.949],[0.081,52.949],[0.081,52.949]],[[0.081,52.949],[0.081,52.949],[0.081,52.949],[0.081,52.949]],[[0.082,52.948],[0.083,52.948],[0.083,52.948],[0.082,52.948]],[[0.082,52.949],[0.082,52.948],[0.082,52.948],[0.082,52.949]],[[0.084,52.948],[0.084,52.948],[0.084,52.948],[0.084,52.948]],[[0.084,52.948],[0.083,52.948],[0.084,52.948],[0.084,52.948]],[[0.083,52.948],[0.083,52.948],[0.083,52.948],[0.083,52.948]],[[0.083,52.948],[0.082,52.948],[0.083,52.948],[0.083,52.948]],[[0.081,52.948],[0.081,52.948],[0.082,52.947],[0.081,52.948]],[[0.081,52.948],[0.081,52.948],[0.08,52.948],[0.081,52.948]],[[0.082,52.946],[0.082,52.946],[0.082,52.946],[0.082,52.946]],[[0.081,52.947],[0.081,52.947],[0.082,52.946],[0.081,52.947]],[[0.081,52.945],[0.081,52.945],[0.081,52.945],[0.081,52.945]],[[0.08,52.945],[0.08,52.947],[0.079,52.946],[0.08,52.947],[0.079,52.946],[0.08,52.945],[0.079,52.945],[0.08,52.945],[0.079,52.945],[0.08,52.945]],[[0.079,52.944],[0.079,52.944],[0.08,52.944],[0.079,52.944]],[[0.079,52.944],[0.078,52.944],[0.078,52.944],[0.079,52.944]],[[0.077,52.944],[0.077,52.943],[0.077,52.943],[0.077,52.944]],[[0.076,52.943],[0.077,52.943],[0.077,52.943],[0.076,52.943]],[[0.076,52.941],[0.076,52.941],[0.076,52.941],[0.076,52.941]],[[0.076,52.942],[0.076,52.941],[0.076,52.941],[0.076,52.942]],[[0.076,52.941],[0.076,52.941],[0.076,52.941],[0.076,52.941]],[[0.075,52.942],[0.075,52.941],[0.076,52.941],[0.075,52.942]],[[0.077,52.941],[0.077,52.941],[0.077,52.941],[0.077,52.941]],[[0.076,52.941],[0.076,52.941],[0.077,52.941],[0.076,52.941]],[[0.075,52.941],[0.075,52.941],[0.076,52.94],[0.075,52.941]],[[0.075,52.941],[0.075,52.941],[0.074,52.94],[0.075,52.941]],[[0.078,52.939],[0.078,52.94],[0.078,52.939],[0.078,52.939]],[[0.077,52.94],[0.076,52.94],[0.077,52.94],[0.077,52.94]],[[0.075,52.939],[0.075,52.939],[0.076,52.939],[0.075,52.939]],[[0.075,52.939],[0.075,52.939],[0.075,52.939],[0.075,52.939]],[[0.075,52.94],[0.075,52.94],[0.075,52.939],[0.075,52.94]],[[0.075,52.94],[0.074,52.94],[0.075,52.94],[0.075,52.94]],[[0.075,52.938],[0.075,52.939],[0.074,52.939],[0.072,52.939],[0.072,52.938],[0.073,52.939],[0.075,52.938]],[[0.075,52.938],[0.074,52.938],[0.075,52.938],[0.075,52.938]],[[0.075,52.938],[0.074,52.938],[0.075,52.938],[0.075,52.938]],[[0.073,52.937],[0.073,52.937],[0.073,52.937],[0.073,52.937]],[[0.072,52.937],[0.072,52.937],[0.073,52.937],[0.072,52.937]],[[0.074,52.937],[0.073,52.937],[0.074,52.937],[0.074,52.937]],[[0.075,52.937],[0.075,52.937],[0.075,52.937],[0.075,52.937]],[[0.075,52.937],[0.075,52.937],[0.075,52.937],[0.075,52.937]],[[0.075,52.937],[0.074,52.937],[0.075,52.937],[0.075,52.937]],[[0.074,52.937],[0.073,52.937],[0.074,52.937],[0.074,52.937]],[[0.075,52.937],[0.076,52.937],[0.076,52.937],[0.075,52.937]],[[0.073,52.937],[0.074,52.936],[0.075,52.936],[0.073,52.937]],[[0.072,52.936],[0.072,52.936],[0.072,52.936],[0.072,52.936]],[[0.076,52.936],[0.075,52.936],[0.076,52.936],[0.076,52.936]],[[0.075,52.934],[0.076,52.934],[0.076,52.934],[0.075,52.934]],[[0.072,52.936],[0.075,52.935],[0.074,52.936],[0.073,52.936],[0.072,52.936]],[[-0.001,52.959],[-0.001,52.959],[-0.001,52.959],[-0.001,52.959]],[[-0.0,52.958],[-0.001,52.958],[-0.001,52.959],[-0.0,52.958]],[[0.022,52.939],[0.023,52.938],[0.022,52.939],[0.022,52.939]],[[0.023,52.938],[0.025,52.937],[0.023,52.938],[0.023,52.938]],[[0.023,52.939],[0.023,52.939],[0.023,52.939],[0.023,52.939]],[[0.034,52.934],[0.034,52.934],[0.034,52.934],[0.034,52.934]],[[0.034,52.934],[0.03,52.934],[0.028,52.936],[0.034,52.934]],[[0.07,52.929],[0.07,52.929],[0.07,52.929],[0.07,52.929]],[[0.07,52.929],[0.067,52.929],[0.066,52.929],[0.07,52.929]],[[0.068,52.929],[0.068,52.929],[0.068,52.929],[0.068,52.929]],[[0.068,52.929],[0.067,52.929],[0.068,52.929],[0.068,52.929]],[[0.065,52.929],[0.066,52.929],[0.066,52.929],[0.065,52.929]],[[0.069,52.928],[0.07,52.928],[0.07,52.928],[0.069,52.928]],[[0.066,52.928],[0.067,52.928],[0.068,52.928],[0.066,52.928]],[[0.065,52.929],[0.065,52.929],[0.066,52.928],[0.065,52.929]],[[0.065,52.929],[0.065,52.929],[0.065,52.929],[0.065,52.929]],[[0.066,52.928],[0.066,52.928],[0.066,52.928],[0.066,52.928]],[[0.062,52.928],[0.062,52.928],[0.062,52.928],[0.062,52.928]],[[0.061,52.929],[0.061,52.928],[0.062,52.928],[0.061,52.929]],[[0.061,52.929],[0.06,52.929],[0.061,52.929],[0.061,52.929]],[[0.063,52.928],[0.061,52.928],[0.061,52.928],[0.063,52.928]],[[0.061,52.928],[0.059,52.929],[0.058,52.927],[0.061,52.928]],[[0.059,52.927],[0.058,52.926],[0.059,52.927],[0.059,52.927]],[[0.057,52.927],[0.056,52.928],[0.058,52.927],[0.057,52.927]],[[0.056,52.926],[0.056,52.926],[0.056,52.926],[0.056,52.926]],[[0.056,52.926],[0.056,52.926],[0.056,52.926],[0.056,52.926]],[[0.055,52.927],[0.055,52.927],[0.056,52.926],[0.055,52.927]],[[0.055,52.927],[0.055,52.926],[0.055,52.927],[0.055,52.927]],[[0.058,52.925],[0.058,52.925],[0.059,52.925],[0.058,52.925]],[[0.055,52.926],[0.057,52.925],[0.058,52.925],[0.055,52.926]],[[0.064,52.926],[0.065,52.925],[0.066,52.925],[0.064,52.926]],[[0.063,52.925],[0.063,52.925],[0.064,52.925],[0.063,52.925]],[[0.063,52.925],[0.062,52.926],[0.061,52.925],[0.063,52.925]],[[0.108,52.973],[0.107,52.973],[0.109,52.972],[0.108,52.973]],[[0.313,53.095],[0.312,53.095],[0.312,53.095],[0.313,53.095]],[[0.161,53.017],[0.164,53.015],[0.164,53.014],[0.163,53.016],[0.161,53.017]],[[0.161,53.014],[0.161,53.013],[0.162,53.013],[0.161,53.014],[0.161,53.014]],[[0.146,53.005],[0.146,53.005],[0.146,53.005],[0.146,53.005]],[[0.131,52.994],[0.132,52.994],[0.131,52.994],[0.131,52.994]],[[0.111,52.974],[0.111,52.974],[0.111,52.973],[0.111,52.974]],[[0.108,52.973],[0.108,52.973],[0.111,52.974],[0.108,52.973]],[[0.108,52.974],[0.108,52.973],[0.108,52.973],[0.108,52.974]],[[0.107,52.974],[0.108,52.974],[0.108,52.974],[0.107,52.974]],[[0.107,52.975],[0.108,52.975],[0.107,52.975],[0.107,52.975]],[[0.107,52.975],[0.107,52.975],[0.107,52.975],[0.107,52.975]],[[0.108,52.975],[0.109,52.975],[0.108,52.976],[0.107,52.975],[0.108,52.975]],[[0.109,52.975],[0.109,52.975],[0.109,52.975],[0.109,52.975]],[[0.109,52.975],[0.109,52.975],[0.109,52.975],[0.109,52.975]],[[0.109,52.975],[0.109,52.975],[0.109,52.975],[0.109,52.975]],[[0.108,52.975],[0.108,52.975],[0.109,52.975],[0.108,52.975]],[[0.102,52.967],[0.102,52.967],[0.102,52.967],[0.102,52.967]],[[0.094,52.967],[0.093,52.967],[0.094,52.967],[0.094,52.967]],[[0.036,52.926],[0.036,52.926],[0.036,52.926],[0.036,52.926]],[[0.037,52.919],[0.037,52.919],[0.037,52.92],[0.037,52.919]],[[0.039,52.913],[0.039,52.913],[0.039,52.913],[0.039,52.913]],[[0.026,52.909],[0.026,52.909],[0.026,52.909],[0.026,52.909]],[[0.02,52.909],[0.02,52.909],[0.022,52.907],[0.02,52.909]],[[0.02,52.909],[0.02,52.909],[0.02,52.909],[0.02,52.909]],[[0.02,52.909],[0.019,52.909],[0.018,52.91],[0.019,52.911],[0.018,52.909],[0.019,52.908],[0.016,52.908],[0.019,52.908],[0.02,52.909]],[[0.018,52.909],[0.018,52.909],[0.018,52.909],[0.018,52.909]],[[0.017,52.91],[0.018,52.91],[0.018,52.909],[0.017,52.91]],[[0.013,52.897],[0.012,52.897],[0.013,52.897],[0.013,52.897]],[[0.012,52.897],[0.013,52.897],[0.012,52.897],[0.012,52.897]],[[0.005,52.9],[0.006,52.901],[0.003,52.898],[0.005,52.9]]]}},{"type":"Feature","properties":{"code":"E14001115","name":"Bournemouth East","centroidLat":50.74241,"centroidLong":-1.83683},"geometry":{"type":"Polygon","coordinates":[[[-1.851,50.774],[-1.774,50.73],[-1.761,50.72],[-1.761,50.718],[-1.739,50.724],[-1.749,50.711],[-1.865,50.717],[-1.874,50.732],[-1.861,50.743],[-1.883,50.753],[-1.851,50.774]],[[-1.763,50.719],[-1.763,50.719],[-1.763,50.719],[-1.763,50.719]],[[-1.764,50.72],[-1.763,50.72],[-1.764,50.72],[-1.764,50.72],[-1.765,50.72],[-1.764,50.72]],[[-1.747,50.718],[-1.748,50.718],[-1.747,50.718],[-1.747,50.718]]]}},{"type":"Feature","properties":{"code":"E14001116","name":"Bournemouth West","centroidLat":50.74546,"centroidLong":-1.90332},"geometry":{"type":"Polygon","coordinates":[[[-1.874,50.765],[-1.883,50.753],[-1.861,50.743],[-1.874,50.732],[-1.865,50.717],[-1.902,50.708],[-1.946,50.747],[-1.896,50.78],[-1.874,50.765]]]}},{"type":"Feature","properties":{"code":"E14001117","name":"Bracknell","centroidLat":51.37155,"centroidLong":-0.77784},"geometry":{"type":"Polygon","coordinates":[[[-0.735,51.365],[-0.775,51.332],[-0.837,51.353],[-0.789,51.372],[-0.801,51.404],[-0.776,51.409],[-0.779,51.421],[-0.728,51.432],[-0.718,51.415],[-0.735,51.365]]]}},{"type":"Feature","properties":{"code":"E14001118","name":"Bradford East","centroidLat":53.79653,"centroidLong":-1.73692},"geometry":{"type":"Polygon","coordinates":[[[-1.693,53.853],[-1.701,53.802],[-1.733,53.787],[-1.72,53.777],[-1.779,53.778],[-1.743,53.794],[-1.768,53.819],[-1.734,53.826],[-1.753,53.843],[-1.708,53.864],[-1.693,53.853]]]}},{"type":"Feature","properties":{"code":"E14001119","name":"Bradford South","centroidLat":53.75979,"centroidLong":-1.76121},"geometry":{"type":"Polygon","coordinates":[[[-1.78,53.781],[-1.737,53.769],[-1.714,53.783],[-1.732,53.789],[-1.71,53.793],[-1.712,53.783],[-1.64,53.778],[-1.682,53.756],[-1.714,53.762],[-1.774,53.724],[-1.809,53.764],[-1.873,53.755],[-1.864,53.785],[-1.813,53.775],[-1.784,53.795],[-1.78,53.781]]]}},{"type":"Feature","properties":{"code":"E14001120","name":"Bradford West","centroidLat":53.80076,"centroidLong":-1.81182},"geometry":{"type":"Polygon","coordinates":[[[-1.775,53.829],[-1.743,53.794],[-1.758,53.782],[-1.792,53.795],[-1.813,53.775],[-1.896,53.781],[-1.867,53.798],[-1.882,53.809],[-1.775,53.829]]]}},{"type":"Feature","properties":{"code":"E14001121","name":"Braintree","centroidLat":51.94994,"centroidLong":0.542924},"geometry":{"type":"Polygon","coordinates":[[[0.781,51.967],[0.729,51.953],[0.687,51.989],[0.664,51.956],[0.675,51.951],[0.66,51.938],[0.68,51.927],[0.659,51.918],[0.667,51.909],[0.601,51.922],[0.584,51.871],[0.566,51.865],[0.575,51.849],[0.53,51.83],[0.519,51.85],[0.445,51.829],[0.423,51.845],[0.427,51.875],[0.385,51.902],[0.402,51.904],[0.392,51.916],[0.413,51.93],[0.343,51.974],[0.341,51.998],[0.308,52.02],[0.364,52.044],[0.389,52.036],[0.38,52.05],[0.39,52.06],[0.467,52.078],[0.502,52.054],[0.684,52.087],[0.713,52.071],[0.703,52.065],[0.716,52.049],[0.697,52.039],[0.741,52.031],[0.739,52.011],[0.781,51.967]]]}},{"type":"Feature","properties":{"code":"W07000085","name":"Brecon, Radnor and Cwm Tawe","centroidLat":52.10812,"centroidLong":-3.44861},"geometry":{"type":"Polygon","coordinates":[[[-3.231,52.453],[-3.22,52.421],[-3.063,52.349],[-2.955,52.349],[-2.967,52.329],[-3.001,52.322],[-3.013,52.279],[-2.993,52.273],[-2.965,52.274],[-2.95,52.269],[-3.036,52.257],[-3.044,52.238],[-3.073,52.236],[-3.072,52.213],[-3.102,52.203],[-3.095,52.184],[-3.122,52.163],[-3.073,52.156],[-3.142,52.128],[-3.105,52.117],[-3.126,52.078],[-3.091,52.051],[-3.099,52.023],[-3.067,51.983],[-3.093,51.965],[-3.09,51.95],[-3.04,51.885],[-3.072,51.875],[-3.063,51.863],[-3.101,51.832],[-3.121,51.839],[-3.153,51.817],[-3.239,51.812],[-3.283,51.825],[-3.31,51.794],[-3.351,51.79],[-3.358,51.807],[-3.402,51.814],[-3.417,51.835],[-3.442,51.816],[-3.46,51.83],[-3.591,51.755],[-3.603,51.774],[-3.67,51.787],[-3.77,51.755],[-3.797,51.707],[-3.876,51.704],[-3.889,51.739],[-3.937,51.771],[-3.887,51.769],[-3.882,51.788],[-3.9,51.804],[-3.865,51.81],[-3.807,51.788],[-3.773,51.846],[-3.714,51.887],[-3.728,51.911],[-3.72,51.942],[-3.7,51.946],[-3.711,51.962],[-3.647,52.039],[-3.679,52.061],[-3.667,52.074],[-3.723,52.085],[-3.72,52.117],[-3.758,52.128],[-3.742,52.139],[-3.753,52.252],[-3.707,52.274],[-3.745,52.318],[-3.658,52.348],[-3.685,52.368],[-3.667,52.385],[-3.588,52.358],[-3.593,52.372],[-3.536,52.405],[-3.477,52.391],[-3.391,52.441],[-3.344,52.435],[-3.256,52.464],[-3.231,52.453]]]}},{"type":"Feature","properties":{"code":"E14001122","name":"Brent East","centroidLat":51.55703,"centroidLong":-0.24495},"geometry":{"type":"Polygon","coordinates":[[[-0.249,51.569],[-0.202,51.545],[-0.215,51.537],[-0.289,51.532],[-0.262,51.562],[-0.278,51.58],[-0.268,51.595],[-0.249,51.569]]]}},{"type":"Feature","properties":{"code":"E14001123","name":"Brent West","centroidLat":51.56003,"centroidLong":-0.29847},"geometry":{"type":"Polygon","coordinates":[[[-0.313,51.584],[-0.261,51.564],[-0.279,51.539],[-0.307,51.533],[-0.336,51.557],[-0.313,51.584]]]}},{"type":"Feature","properties":{"code":"E14001124","name":"Brentford and Isleworth","centroidLat":51.47584,"centroidLong":-0.3437},"geometry":{"type":"Polygon","coordinates":[[[-0.379,51.493],[-0.287,51.49],[-0.346,51.448],[-0.401,51.458],[-0.366,51.468],[-0.379,51.493]]]}},{"type":"Feature","properties":{"code":"E14001125","name":"Brentwood and Ongar","centroidLat":51.6778,"centroidLong":0.266181},"geometry":{"type":"Polygon","coordinates":[[[0.377,51.699],[0.413,51.671],[0.375,51.615],[0.383,51.566],[0.29,51.564],[0.254,51.602],[0.264,51.609],[0.224,51.632],[0.129,51.621],[0.105,51.645],[0.128,51.658],[0.114,51.681],[0.136,51.689],[0.141,51.723],[0.174,51.736],[0.161,51.758],[0.181,51.771],[0.297,51.79],[0.299,51.772],[0.347,51.768],[0.339,51.702],[0.377,51.699]]]}},{"type":"Feature","properties":{"code":"W07000086","name":"Bridgend","centroidLat":51.522,"centroidLong":-3.57205},"geometry":{"type":"Polygon","coordinates":[[[-3.484,51.573],[-3.463,51.543],[-3.53,51.501],[-3.533,51.482],[-3.555,51.493],[-3.638,51.47],[-3.7,51.473],[-3.736,51.499],[-3.654,51.518],[-3.671,51.538],[-3.653,51.544],[-3.655,51.565],[-3.613,51.572],[-3.57,51.554],[-3.484,51.573]]]}},{"type":"Feature","properties":{"code":"E14001126","name":"Bridgwater","centroidLat":51.1288,"centroidLong":-3.10688},"geometry":{"type":"MultiPolygon","coordinates":[[[[-2.935,51.083],[-2.949,51.073],[-2.927,51.062],[-2.958,51.047],[-3.031,51.048],[-3.025,51.06],[-3.046,51.066],[-3.138,51.072],[-3.16,51.091],[-3.142,51.109],[-3.168,51.104],[-3.216,51.13],[-3.023,51.219],[-3.029,51.2],[-3.04,51.204],[-3.066,51.192],[-3.03,51.199],[-3.055,51.188],[-3.06,51.174],[-3.043,51.164],[-3.036,51.162],[-3.019,51.176],[-3.004,51.162],[-2.99,51.162],[-2.999,51.152],[-2.999,51.145],[-2.993,51.142],[-2.997,51.14],[-3.002,51.137],[-3.004,51.134],[-2.996,51.119],[-2.993,51.117],[-2.979,51.115],[-2.97,51.105],[-2.969,51.104],[-2.966,51.103],[-2.966,51.1],[-2.965,51.1],[-2.959,51.095],[-2.954,51.092],[-2.949,51.091],[-2.945,51.091],[-2.943,51.088],[-2.939,51.084],[-2.938,51.084],[-2.935,51.083]]],[[[-2.993,51.301],[-2.975,51.296],[-2.993,51.277],[-2.983,51.235],[-2.956,51.22],[-2.972,51.218],[-2.978,51.188],[-2.896,51.183],[-2.906,51.142],[-2.939,51.145],[-2.915,51.119],[-2.85,51.103],[-2.857,51.078],[-2.888,51.069],[-2.912,51.085],[-2.939,51.085],[-2.945,51.091],[-2.965,51.1],[-2.966,51.103],[-2.979,51.115],[-2.995,51.119],[-2.99,51.163],[-3.02,51.177],[-3.039,51.164],[-3.056,51.178],[-3.023,51.196],[-3.002,51.226],[-3.0,51.222],[-2.984,51.22],[-3.022,51.265],[-3.012,51.321],[-3.035,51.329],[-2.994,51.321],[-2.993,51.301]]]]}},{"type":"Feature","properties":{"code":"E14001127","name":"Bridlington and The Wolds","centroidLat":54.00231,"centroidLong":-0.54937},"geometry":{"type":"Polygon","coordinates":[[[-0.213,54.158],[-0.076,54.116],[-0.17,54.097],[-0.206,54.069],[-0.216,54.035],[-0.157,53.902],[-0.102,53.846],[-0.15,53.853],[-0.183,53.89],[-0.253,53.88],[-0.272,53.903],[-0.366,53.909],[-0.368,53.91],[-0.366,53.914],[-0.368,53.918],[-0.356,53.925],[-0.356,53.934],[-0.382,53.911],[-0.453,53.934],[-0.579,53.941],[-0.644,53.923],[-0.603,53.901],[-0.58,53.858],[-0.706,53.828],[-0.726,53.873],[-0.778,53.899],[-0.751,53.923],[-0.759,53.948],[-0.84,53.943],[-0.88,53.975],[-0.878,54.0],[-0.909,53.997],[-0.876,54.018],[-0.734,54.03],[-0.73,54.013],[-0.683,54.009],[-0.687,54.031],[-0.645,54.055],[-0.66,54.063],[-0.466,54.108],[-0.459,54.126],[-0.427,54.137],[-0.433,54.164],[-0.418,54.174],[-0.391,54.177],[-0.375,54.154],[-0.304,54.136],[-0.23,54.132],[-0.213,54.158]]]}},{"type":"Feature","properties":{"code":"E14001128","name":"Brigg and Immingham","centroidLat":53.5775,"centroidLong":-0.45991},"geometry":{"type":"Polygon","coordinates":[[[-0.118,53.584],[-0.15,53.568],[-0.124,53.543],[-0.052,53.551],[0.018,53.525],[-0.065,53.519],[-0.075,53.489],[-0.108,53.47],[-0.082,53.451],[-0.12,53.434],[-0.144,53.441],[-0.154,53.466],[-0.211,53.486],[-0.204,53.512],[-0.22,53.533],[-0.192,53.568],[-0.223,53.568],[-0.287,53.612],[-0.309,53.614],[-0.301,53.595],[-0.336,53.559],[-0.429,53.575],[-0.501,53.542],[-0.562,53.545],[-0.599,53.571],[-0.594,53.597],[-0.643,53.622],[-0.627,53.626],[-0.628,53.648],[-0.528,53.651],[-0.529,53.675],[-0.475,53.697],[-0.394,53.7],[-0.392,53.692],[-0.391,53.689],[-0.388,53.702],[-0.294,53.714],[-0.118,53.584]],[[-0.443,53.693],[-0.443,53.691],[-0.443,53.694],[-0.443,53.693]],[[-0.443,53.69],[-0.443,53.689],[-0.443,53.691],[-0.443,53.69]]]}},{"type":"Feature","properties":{"code":"E14001129","name":"Brighton Kemptown and Peacehaven","centroidLat":50.82417,"centroidLong":-0.09068},"geometry":{"type":"Polygon","coordinates":[[[0.03,50.783],[-0.106,50.808],[-0.136,50.823],[-0.083,50.863],[-0.073,50.841],[-0.037,50.841],[-0.046,50.822],[0.014,50.811],[0.03,50.783]]]}},{"type":"Feature","properties":{"code":"E14001130","name":"Brighton Pavilion","centroidLat":50.85238,"centroidLong":-0.13704},"geometry":{"type":"Polygon","coordinates":[[[-0.178,50.89],[-0.083,50.863],[-0.124,50.838],[-0.104,50.835],[-0.157,50.822],[-0.148,50.831],[-0.19,50.874],[-0.178,50.89]]]}},{"type":"Feature","properties":{"code":"E14001131","name":"Bristol Central","centroidLat":51.46382,"centroidLong":-2.59894},"geometry":{"type":"Polygon","coordinates":[[[-2.576,51.476],[-2.586,51.446],[-2.63,51.458],[-2.601,51.483],[-2.576,51.476]]]}},{"type":"Feature","properties":{"code":"E14001132","name":"Bristol East","centroidLat":51.43645,"centroidLong":-2.54893},"geometry":{"type":"Polygon","coordinates":[[[-2.513,51.467],[-2.539,51.446],[-2.51,51.429],[-2.526,51.435],[-2.528,51.434],[-2.543,51.407],[-2.587,51.433],[-2.57,51.44],[-2.573,51.443],[-2.571,51.443],[-2.561,51.445],[-2.558,51.447],[-2.558,51.449],[-2.554,51.451],[-2.585,51.449],[-2.565,51.472],[-2.513,51.467]]]}},{"type":"Feature","properties":{"code":"E14001133","name":"Bristol North East","centroidLat":51.47512,"centroidLong":-2.53006},"geometry":{"type":"Polygon","coordinates":[[[-2.477,51.476],[-2.5,51.451],[-2.518,51.456],[-2.513,51.467],[-2.568,51.469],[-2.582,51.488],[-2.571,51.5],[-2.516,51.494],[-2.515,51.482],[-2.49,51.492],[-2.477,51.476]]]}},{"type":"Feature","properties":{"code":"E14001134","name":"Bristol North West","centroidLat":51.50111,"centroidLong":-2.649},"geometry":{"type":"Polygon","coordinates":[[[-2.654,51.514],[-2.581,51.517],[-2.591,51.51],[-2.571,51.5],[-2.576,51.476],[-2.601,51.483],[-2.63,51.458],[-2.66,51.487],[-2.679,51.481],[-2.718,51.506],[-2.674,51.544],[-2.654,51.514]]]}},{"type":"Feature","properties":{"code":"E14001135","name":"Bristol South","centroidLat":51.42387,"centroidLong":-2.59956},"geometry":{"type":"Polygon","coordinates":[[[-2.573,51.443],[-2.587,51.434],[-2.564,51.428],[-2.571,51.399],[-2.635,51.406],[-2.633,51.447],[-2.573,51.443]]]}},{"type":"Feature","properties":{"code":"E14001136","name":"Broadland and Fakenham","centroidLat":52.73562,"centroidLong":1.237737},"geometry":{"type":"Polygon","coordinates":[[[1.402,52.716],[1.434,52.689],[1.461,52.705],[1.474,52.689],[1.513,52.689],[1.507,52.676],[1.55,52.681],[1.57,52.647],[1.56,52.64],[1.59,52.638],[1.592,52.637],[1.593,52.632],[1.593,52.629],[1.606,52.624],[1.644,52.63],[1.678,52.613],[1.642,52.604],[1.631,52.593],[1.645,52.588],[1.592,52.558],[1.542,52.556],[1.455,52.595],[1.434,52.621],[1.381,52.606],[1.354,52.679],[1.33,52.669],[1.292,52.685],[1.249,52.668],[1.219,52.704],[1.206,52.698],[1.218,52.673],[1.206,52.66],[1.191,52.679],[1.174,52.665],[1.147,52.671],[1.135,52.643],[1.098,52.649],[1.108,52.683],[1.084,52.703],[1.105,52.715],[1.045,52.769],[1.0,52.766],[0.996,52.795],[0.974,52.808],[0.938,52.788],[0.918,52.803],[0.891,52.791],[0.839,52.811],[0.796,52.769],[0.708,52.788],[0.756,52.816],[0.728,52.855],[0.791,52.86],[0.795,52.884],[0.822,52.893],[0.788,52.908],[0.885,52.914],[0.914,52.899],[0.942,52.85],[0.999,52.861],[1.017,52.834],[1.085,52.84],[1.15,52.812],[1.145,52.824],[1.167,52.83],[1.193,52.815],[1.218,52.829],[1.308,52.807],[1.327,52.767],[1.406,52.733],[1.402,52.716]],[[1.589,52.638],[1.589,52.638],[1.589,52.638],[1.589,52.638]],[[1.591,52.637],[1.589,52.638],[1.589,52.638],[1.591,52.637]],[[1.591,52.637],[1.592,52.637],[1.592,52.637],[1.591,52.637]],[[1.591,52.635],[1.592,52.637],[1.592,52.637],[1.591,52.635]],[[1.433,52.622],[1.433,52.622],[1.433,52.622],[1.433,52.622]],[[1.434,52.621],[1.433,52.622],[1.433,52.622],[1.434,52.621]]]}},{"type":"Feature","properties":{"code":"E14001137","name":"Bromley and Biggin Hill","centroidLat":51.36081,"centroidLong":0.022632},"geometry":{"type":"Polygon","coordinates":[[[0.035,51.423],[0.066,51.389],[0.04,51.349],[0.051,51.304],[0.015,51.292],[-0.02,51.364],[0.015,51.399],[-0.004,51.409],[-0.007,51.416],[0.035,51.423]]]}},{"type":"Feature","properties":{"code":"E14001138","name":"Bromsgrove","centroidLat":52.36169,"centroidLong":-2.00377},"geometry":{"type":"Polygon","coordinates":[[[-2.056,52.441],[-1.986,52.417],[-2.034,52.402],[-1.998,52.381],[-1.934,52.387],[-1.914,52.407],[-1.845,52.4],[-1.889,52.361],[-1.865,52.333],[-1.869,52.315],[-1.955,52.321],[-2.009,52.278],[-2.092,52.289],[-2.086,52.315],[-2.124,52.315],[-2.113,52.337],[-2.137,52.35],[-2.119,52.358],[-2.138,52.394],[-2.126,52.403],[-2.158,52.409],[-2.165,52.43],[-2.136,52.426],[-2.099,52.445],[-2.062,52.427],[-2.056,52.441]]]}},{"type":"Feature","properties":{"code":"E14001139","name":"Broxbourne","centroidLat":51.7409,"centroidLong":-0.03467},"geometry":{"type":"Polygon","coordinates":[[[0.042,51.775],[-0.013,51.743],[-0.012,51.681],[-0.106,51.692],[-0.114,51.721],[-0.086,51.748],[-0.096,51.75],[-0.084,51.781],[0.034,51.81],[0.042,51.775]]]}},{"type":"Feature","properties":{"code":"E14001140","name":"Broxtowe","centroidLat":52.935,"centroidLong":-1.26008},"geometry":{"type":"Polygon","coordinates":[[[-1.336,53.052],[-1.239,53.033],[-1.275,53.009],[-1.278,52.985],[-1.182,52.917],[-1.236,52.892],[-1.282,52.91],[-1.288,52.97],[-1.336,53.052]]]}},{"type":"Feature","properties":{"code":"E14001141","name":"Buckingham and Bletchley","centroidLat":51.96883,"centroidLong":-0.86846},"geometry":{"type":"Polygon","coordinates":[[[-0.871,52.04],[-0.816,52.005],[-0.72,52.013],[-0.7,51.984],[-0.651,51.968],[-0.702,51.909],[-0.733,51.923],[-0.801,51.891],[-0.838,51.897],[-0.863,51.877],[-0.859,51.859],[-0.943,51.858],[-0.986,51.883],[-0.918,51.907],[-0.901,51.926],[-0.91,51.938],[-0.97,51.956],[-1.021,51.935],[-1.079,51.943],[-1.095,51.957],[-1.053,52.002],[-1.137,52.022],[-1.12,52.046],[-1.026,52.064],[-1.042,52.074],[-0.952,52.082],[-0.908,52.022],[-0.871,52.04]]]}},{"type":"Feature","properties":{"code":"E14001142","name":"Burnley","centroidLat":53.77967,"centroidLong":-2.23308},"geometry":{"type":"Polygon","coordinates":[[[-2.112,53.806],[-2.136,53.78],[-2.131,53.752],[-2.173,53.723],[-2.252,53.755],[-2.269,53.742],[-2.314,53.747],[-2.342,53.795],[-2.302,53.821],[-2.283,53.807],[-2.277,53.824],[-2.232,53.836],[-2.112,53.806]]]}},{"type":"Feature","properties":{"code":"E14001143","name":"Burton and Uttoxeter","centroidLat":52.91011,"centroidLong":-1.93645},"geometry":{"type":"Polygon","coordinates":[[[-1.795,53.039],[-1.759,53.037],[-1.762,53.0],[-1.827,52.977],[-1.829,52.948],[-1.855,52.92],[-1.823,52.883],[-1.627,52.855],[-1.592,52.836],[-1.611,52.816],[-1.588,52.802],[-1.611,52.781],[-1.678,52.776],[-1.704,52.812],[-1.78,52.82],[-1.778,52.845],[-1.804,52.855],[-1.83,52.843],[-2.044,52.917],[-1.971,52.941],[-1.91,52.94],[-1.925,52.963],[-1.86,52.978],[-1.884,53.02],[-1.83,53.033],[-1.796,53.013],[-1.785,53.025],[-1.795,53.039]]]}},{"type":"Feature","properties":{"code":"E14001144","name":"Bury North","centroidLat":53.61785,"centroidLong":-2.31421},"geometry":{"type":"Polygon","coordinates":[[[-2.272,53.614],[-2.245,53.6],[-2.277,53.591],[-2.295,53.564],[-2.341,53.59],[-2.352,53.58],[-2.335,53.567],[-2.374,53.57],[-2.363,53.61],[-2.383,53.626],[-2.369,53.635],[-2.371,53.667],[-2.317,53.655],[-2.299,53.667],[-2.272,53.614]]]}},{"type":"Feature","properties":{"code":"E14001145","name":"Bury South","centroidLat":53.54512,"centroidLong":-2.28816},"geometry":{"type":"Polygon","coordinates":[[[-2.301,53.562],[-2.259,53.585],[-2.237,53.559],[-2.237,53.539],[-2.269,53.537],[-2.247,53.529],[-2.251,53.508],[-2.284,53.502],[-2.374,53.554],[-2.335,53.567],[-2.352,53.58],[-2.341,53.59],[-2.304,53.577],[-2.301,53.562]]]}},{"type":"Feature","properties":{"code":"E14001146","name":"Bury St Edmunds and Stowmarket","centroidLat":52.27736,"centroidLong":0.852784},"geometry":{"type":"Polygon","coordinates":[[[0.967,52.37],[0.957,52.34],[0.926,52.327],[0.931,52.313],[0.883,52.3],[0.88,52.278],[0.911,52.257],[0.956,52.256],[0.918,52.225],[0.927,52.213],[0.961,52.218],[0.966,52.202],[1.033,52.183],[0.993,52.153],[0.892,52.15],[0.787,52.178],[0.765,52.174],[0.762,52.158],[0.723,52.165],[0.716,52.178],[0.771,52.188],[0.776,52.211],[0.732,52.228],[0.705,52.222],[0.674,52.249],[0.685,52.257],[0.665,52.257],[0.681,52.288],[0.725,52.296],[0.738,52.348],[0.675,52.357],[0.712,52.395],[0.75,52.383],[0.854,52.4],[0.967,52.37]]]}},{"type":"Feature","properties":{"code":"W07000087","name":"Caerfyrddin","centroidLat":51.93731,"centroidLong":-4.17124},"geometry":{"type":"Polygon","coordinates":[[[-4.438,51.754],[-4.418,51.745],[-4.464,51.732],[-4.633,51.735],[-4.623,51.768],[-4.644,51.777],[-4.634,51.785],[-4.645,51.797],[-4.617,51.812],[-4.646,51.831],[-4.704,51.839],[-4.694,51.86],[-4.723,51.896],[-4.718,51.912],[-4.668,51.934],[-4.636,51.919],[-4.6,51.941],[-4.578,51.932],[-4.542,51.957],[-4.493,51.961],[-4.487,51.989],[-4.546,52.018],[-4.56,52.044],[-4.541,52.052],[-4.351,52.027],[-4.298,52.052],[-4.233,52.038],[-4.206,52.063],[-4.164,52.068],[-4.144,52.094],[-4.06,52.114],[-4.019,52.097],[-3.94,52.138],[-3.907,52.12],[-3.86,52.142],[-3.786,52.105],[-3.749,52.128],[-3.716,52.113],[-3.723,52.085],[-3.667,52.074],[-3.679,52.061],[-3.647,52.039],[-3.711,51.962],[-3.7,51.946],[-3.72,51.942],[-3.728,51.911],[-3.714,51.887],[-3.773,51.846],[-3.807,51.788],[-3.865,51.81],[-3.9,51.804],[-3.882,51.788],[-3.89,51.768],[-3.98,51.765],[-4.002,51.786],[-4.064,51.769],[-4.067,51.819],[-4.087,51.835],[-4.178,51.794],[-4.202,51.829],[-4.271,51.824],[-4.322,51.837],[-4.315,51.837],[-4.312,51.839],[-4.313,51.841],[-4.319,51.842],[-4.315,51.843],[-4.316,51.851],[-4.295,51.854],[-4.287,51.859],[-4.289,51.863],[-4.275,51.858],[-4.257,51.86],[-4.252,51.862],[-4.254,51.863],[-4.275,51.858],[-4.288,51.863],[-4.323,51.851],[-4.317,51.851],[-4.319,51.842],[-4.313,51.84],[-4.322,51.838],[-4.329,51.829],[-4.326,51.801],[-4.363,51.797],[-4.404,51.757],[-4.436,51.764],[-4.449,51.77],[-4.437,51.773],[-4.439,51.774],[-4.438,51.774],[-4.438,51.775],[-4.436,51.776],[-4.436,51.776],[-4.436,51.777],[-4.438,51.777],[-4.438,51.775],[-4.441,51.774],[-4.455,51.789],[-4.454,51.791],[-4.452,51.793],[-4.451,51.795],[-4.471,51.79],[-4.493,51.817],[-4.494,51.809],[-4.497,51.81],[-4.503,51.811],[-4.504,51.811],[-4.504,51.81],[-4.507,51.809],[-4.51,51.808],[-4.515,51.812],[-4.518,51.812],[-4.523,51.81],[-4.51,51.808],[-4.507,51.808],[-4.504,51.809],[-4.504,51.811],[-4.497,51.81],[-4.472,51.789],[-4.459,51.788],[-4.448,51.781],[-4.459,51.76],[-4.438,51.754]],[[-4.439,51.753],[-4.439,51.753],[-4.439,51.753],[-4.439,51.753]],[[-4.438,51.753],[-4.439,51.752],[-4.438,51.753],[-4.438,51.753]],[[-4.314,51.847],[-4.315,51.847],[-4.315,51.847],[-4.314,51.847]],[[-4.278,51.862],[-4.278,51.862],[-4.278,51.862],[-4.278,51.862]],[[-4.439,51.767],[-4.44,51.767],[-4.44,51.767],[-4.439,51.767]],[[-4.439,51.767],[-4.439,51.767],[-4.439,51.767],[-4.439,51.767]],[[-4.439,51.767],[-4.439,51.767],[-4.439,51.767],[-4.439,51.767]],[[-4.436,51.777],[-4.436,51.778],[-4.436,51.777],[-4.436,51.777]],[[-4.436,51.779],[-4.435,51.779],[-4.436,51.778],[-4.436,51.779]],[[-4.436,51.778],[-4.437,51.778],[-4.437,51.777],[-4.436,51.778]],[[-4.436,51.779],[-4.437,51.78],[-4.437,51.778],[-4.436,51.779]],[[-4.438,51.78],[-4.439,51.781],[-4.438,51.78],[-4.438,51.78]],[[-4.439,51.782],[-4.437,51.781],[-4.437,51.782],[-4.439,51.782]],[[-4.456,51.795],[-4.456,51.795],[-4.456,51.795],[-4.456,51.795]],[[-4.457,51.797],[-4.453,51.797],[-4.455,51.799],[-4.453,51.799],[-4.451,51.799],[-4.451,51.801],[-4.453,51.802],[-4.451,51.799],[-4.455,51.799],[-4.457,51.797]],[[-4.453,51.783],[-4.451,51.783],[-4.451,51.783],[-4.453,51.783]],[[-4.453,51.783],[-4.456,51.785],[-4.453,51.783],[-4.453,51.783]],[[-4.46,51.769],[-4.46,51.769],[-4.46,51.769],[-4.46,51.769]],[[-4.46,51.769],[-4.461,51.769],[-4.46,51.769],[-4.46,51.769]],[[-4.46,51.769],[-4.461,51.77],[-4.46,51.769],[-4.46,51.769]],[[-4.463,51.769],[-4.462,51.769],[-4.462,51.769],[-4.463,51.769]],[[-4.441,51.755],[-4.441,51.755],[-4.441,51.755],[-4.441,51.755]],[[-4.441,51.755],[-4.442,51.755],[-4.441,51.755],[-4.441,51.755]],[[-4.441,51.755],[-4.441,51.755],[-4.441,51.755],[-4.441,51.755]],[[-4.441,51.754],[-4.441,51.754],[-4.441,51.754],[-4.441,51.754]],[[-4.441,51.754],[-4.441,51.754],[-4.441,51.754],[-4.441,51.754]],[[-4.439,51.754],[-4.439,51.754],[-4.439,51.754],[-4.439,51.754]],[[-4.44,51.754],[-4.439,51.754],[-4.439,51.754],[-4.44,51.754]]]}},{"type":"Feature","properties":{"code":"W07000088","name":"Caerphilly","centroidLat":51.61686,"centroidLong":-3.21692},"geometry":{"type":"Polygon","coordinates":[[[-3.212,51.68],[-3.213,51.663],[-3.17,51.662],[-3.167,51.64],[-3.111,51.604],[-3.124,51.584],[-3.093,51.564],[-3.119,51.546],[-3.164,51.561],[-3.228,51.55],[-3.287,51.587],[-3.314,51.645],[-3.264,51.686],[-3.231,51.671],[-3.212,51.68]]]}},{"type":"Feature","properties":{"code":"S14000069","name":"Caithness, Sutherland and Easter Ross","centroidLat":58.00812,"centroidLong":-4.57679},"geometry":{"type":"MultiPolygon","coordinates":[[[[-5.635,57.848],[-5.602,57.822],[-5.645,57.84],[-5.635,57.848]]],[[[-5.398,58.243],[-5.373,58.264],[-5.31,58.224],[-5.218,58.256],[-5.159,58.233],[-5.173,58.242],[-5.166,58.258],[-5.12,58.247],[-5.132,58.263],[-5.109,58.27],[-5.054,58.246],[-5.007,58.255],[-5.003,58.24],[-4.936,58.214],[-4.995,58.251],[-4.923,58.258],[-5.082,58.264],[-5.123,58.28],[-5.121,58.294],[-5.14,58.291],[-5.147,58.302],[-5.127,58.311],[-5.147,58.312],[-5.128,58.32],[-5.17,58.322],[-5.158,58.335],[-5.183,58.351],[-5.155,58.353],[-5.176,58.362],[-5.144,58.385],[-5.153,58.401],[-5.142,58.412],[-5.035,58.38],[-5.045,58.373],[-5.02,58.377],[-5.071,58.402],[-5.031,58.411],[-5.095,58.407],[-5.114,58.414],[-5.072,58.415],[-5.116,58.428],[-5.061,58.449],[-5.079,58.449],[-5.075,58.452],[-5.032,58.449],[-4.993,58.423],[-4.991,58.44],[-5.016,58.453],[-5.077,58.457],[-5.055,58.463],[-5.126,58.494],[-5.113,58.522],[-5.051,58.541],[-5.014,58.578],[-5.016,58.615],[-5.003,58.627],[-4.825,58.597],[-4.821,58.563],[-4.793,58.547],[-4.831,58.523],[-4.812,58.527],[-4.813,58.511],[-4.778,58.547],[-4.806,58.564],[-4.766,58.581],[-4.777,58.593],[-4.787,58.595],[-4.792,58.601],[-4.768,58.605],[-4.735,58.566],[-4.654,58.552],[-4.664,58.549],[-4.653,58.533],[-4.712,58.496],[-4.753,58.445],[-4.664,58.482],[-4.668,58.499],[-4.642,58.52],[-4.616,58.513],[-4.593,58.535],[-4.604,58.555],[-4.589,58.578],[-4.514,58.579],[-4.457,58.562],[-4.456,58.547],[-4.437,58.556],[-4.424,58.55],[-4.43,58.53],[-4.409,58.522],[-4.455,58.496],[-4.485,58.446],[-4.476,58.44],[-4.423,58.474],[-4.427,58.491],[-4.449,58.493],[-4.45,58.495],[-4.384,58.51],[-4.351,58.539],[-4.268,58.537],[-4.266,58.518],[-4.236,58.526],[-4.212,58.495],[-4.241,58.537],[-4.213,58.53],[-4.214,58.551],[-4.176,58.541],[-4.126,58.569],[-4.074,58.551],[-4.019,58.602],[-4.01,58.587],[-4.013,58.581],[-4.006,58.575],[-4.007,58.571],[-4.005,58.564],[-4.004,58.563],[-3.933,58.573],[-3.9,58.538],[-3.903,58.566],[-3.801,58.574],[-3.78,58.563],[-3.656,58.621],[-3.536,58.623],[-3.552,58.608],[-3.513,58.599],[-3.527,58.588],[-3.5,58.605],[-3.463,58.612],[-3.369,58.595],[-3.349,58.619],[-3.414,58.64],[-3.408,58.659],[-3.377,58.672],[-3.345,58.647],[-3.31,58.643],[-3.19,58.66],[-3.158,58.637],[-3.024,58.644],[-3.043,58.598],[-3.072,58.592],[-3.06,58.581],[-3.068,58.564],[-3.126,58.527],[-3.134,58.501],[-3.137,58.504],[-3.146,58.506],[-3.144,58.507],[-3.144,58.507],[-3.146,58.51],[-3.15,58.511],[-3.149,58.513],[-3.151,58.514],[-3.15,58.51],[-3.144,58.507],[-3.146,58.506],[-3.133,58.5],[-3.124,58.483],[-3.112,58.476],[-3.049,58.478],[-3.061,58.442],[-3.123,58.449],[-3.068,58.431],[-3.108,58.371],[-3.221,58.305],[-3.382,58.27],[-3.508,58.172],[-3.642,58.115],[-3.659,58.12],[-3.745,58.068],[-3.804,58.057],[-3.833,58.039],[-3.848,58.007],[-3.983,57.97],[-4.008,57.934],[-4.03,57.934],[-4.013,57.946],[-4.009,57.95],[-4.009,57.952],[-4.082,57.951],[-4.069,57.937],[-4.002,57.928],[-3.992,57.903],[-4.013,57.891],[-4.011,57.859],[-4.073,57.867],[-4.112,57.849],[-4.147,57.855],[-4.135,57.87],[-4.164,57.859],[-4.232,57.875],[-4.291,57.862],[-4.362,57.907],[-4.396,57.915],[-4.409,57.939],[-4.467,57.957],[-4.483,57.955],[-4.494,57.957],[-4.508,57.955],[-4.533,57.957],[-4.542,57.963],[-4.579,57.974],[-4.605,57.974],[-4.531,57.955],[-4.424,57.942],[-4.397,57.91],[-4.351,57.895],[-4.355,57.876],[-4.297,57.852],[-4.194,57.863],[-4.164,57.834],[-4.119,57.829],[-4.139,57.844],[-4.11,57.841],[-4.109,57.835],[-4.044,57.814],[-3.961,57.846],[-3.919,57.838],[-3.898,57.829],[-3.894,57.825],[-3.907,57.831],[-3.952,57.812],[-3.909,57.823],[-3.859,57.825],[-3.828,57.835],[-3.813,57.86],[-3.772,57.867],[-3.975,57.694],[-4.038,57.695],[-4.008,57.73],[-4.01,57.734],[-4.009,57.734],[-4.009,57.741],[-4.009,57.742],[-4.073,57.732],[-4.168,57.685],[-4.289,57.681],[-4.301,57.668],[-4.28,57.665],[-4.338,57.65],[-4.416,57.606],[-4.408,57.593],[-4.413,57.597],[-4.416,57.598],[-4.421,57.599],[-4.429,57.599],[-4.407,57.593],[-4.424,57.584],[-4.426,57.576],[-4.438,57.573],[-4.444,57.567],[-4.445,57.564],[-4.234,57.669],[-4.166,57.676],[-4.168,57.663],[-4.161,57.658],[-4.164,57.657],[-4.037,57.684],[-3.994,57.677],[-4.102,57.607],[-4.113,57.59],[-4.091,57.574],[-4.141,57.577],[-4.188,57.546],[-4.252,57.549],[-4.194,57.538],[-4.234,57.501],[-4.383,57.512],[-4.436,57.497],[-4.475,57.474],[-4.413,57.498],[-4.387,57.478],[-4.306,57.484],[-4.283,57.471],[-4.342,57.436],[-4.409,57.426],[-4.457,57.365],[-4.604,57.373],[-4.629,57.396],[-4.617,57.443],[-4.673,57.494],[-4.728,57.476],[-4.761,57.499],[-4.962,57.473],[-5.032,57.449],[-5.049,57.437],[-5.04,57.429],[-5.086,57.422],[-5.248,57.422],[-5.23,57.455],[-5.205,57.457],[-5.206,57.478],[-5.156,57.503],[-5.168,57.526],[-5.197,57.521],[-5.229,57.537],[-5.179,57.538],[-5.199,57.567],[-5.136,57.629],[-5.136,57.652],[-5.154,57.658],[-5.148,57.68],[-5.226,57.686],[-5.352,57.73],[-5.412,57.726],[-5.475,57.775],[-5.507,57.768],[-5.508,57.791],[-5.591,57.808],[-5.584,57.84],[-5.642,57.856],[-5.656,57.878],[-5.645,57.903],[-5.621,57.924],[-5.61,57.925],[-5.552,57.913],[-5.56,57.903],[-5.538,57.868],[-5.488,57.861],[-5.468,57.853],[-5.452,57.853],[-5.422,57.909],[-5.31,57.861],[-5.212,57.846],[-5.406,57.928],[-5.361,57.939],[-5.33,57.914],[-5.24,57.918],[-5.128,57.875],[-5.087,57.83],[-5.072,57.816],[-5.072,57.818],[-5.068,57.816],[-5.099,57.869],[-5.224,57.925],[-5.179,57.941],[-5.174,57.956],[-5.192,57.944],[-5.192,57.957],[-5.311,57.979],[-5.331,58.007],[-5.355,58.007],[-5.357,58.026],[-5.42,58.033],[-5.413,58.053],[-5.456,58.07],[-5.447,58.097],[-5.427,58.106],[-5.381,58.087],[-5.357,58.058],[-5.339,58.08],[-5.301,58.064],[-5.267,58.102],[-5.303,58.12],[-5.262,58.121],[-5.299,58.137],[-5.24,58.147],[-5.31,58.155],[-5.279,58.167],[-5.31,58.162],[-5.318,58.17],[-5.304,58.176],[-5.339,58.185],[-5.398,58.243]],[[-4.485,58.445],[-4.485,58.445],[-4.485,58.445],[-4.485,58.445]],[[-4.486,58.444],[-4.484,58.444],[-4.485,58.445],[-4.486,58.444]],[[-4.518,57.957],[-4.516,57.956],[-4.516,57.957],[-4.518,57.957]],[[-3.932,57.834],[-3.932,57.834],[-3.932,57.834],[-3.932,57.834]],[[-3.934,57.834],[-3.933,57.834],[-3.932,57.834],[-3.934,57.834]],[[-3.934,57.835],[-3.934,57.834],[-3.934,57.834],[-3.934,57.835]],[[-3.935,57.836],[-3.936,57.836],[-3.938,57.837],[-3.936,57.836],[-3.935,57.836],[-3.934,57.835],[-3.935,57.836]],[[-3.938,57.836],[-3.94,57.837],[-3.937,57.836],[-3.938,57.836]],[[-3.94,57.835],[-3.94,57.835],[-3.94,57.834],[-3.94,57.835]],[[-3.941,57.814],[-3.941,57.814],[-3.941,57.814],[-3.941,57.814]],[[-3.941,57.814],[-3.94,57.813],[-3.941,57.814],[-3.941,57.814]],[[-4.242,57.686],[-4.242,57.686],[-4.242,57.686],[-4.242,57.686]],[[-4.243,57.686],[-4.243,57.685],[-4.242,57.686],[-4.243,57.686]],[[-4.427,57.577],[-4.429,57.577],[-4.427,57.576],[-4.427,57.577]],[[-4.164,57.659],[-4.165,57.659],[-4.163,57.658],[-4.164,57.659]],[[-4.165,57.658],[-4.165,57.658],[-4.165,57.658],[-4.165,57.658]],[[-4.163,57.657],[-4.164,57.657],[-4.163,57.657],[-4.163,57.657]],[[-4.165,57.657],[-4.166,57.657],[-4.164,57.657],[-4.165,57.657]],[[-5.487,57.857],[-5.487,57.857],[-5.487,57.857],[-5.487,57.857]],[[-5.487,57.857],[-5.488,57.856],[-5.487,57.857],[-5.487,57.857]],[[-5.069,57.815],[-5.071,57.816],[-5.071,57.816],[-5.069,57.815]],[[-4.037,57.813],[-4.036,57.813],[-4.037,57.812],[-4.037,57.813]]],[[[-3.122,58.695],[-3.106,58.671],[-3.14,58.668],[-3.122,58.695]]]]}},{"type":"Feature","properties":{"code":"E14001147","name":"Calder Valley","centroidLat":53.72047,"centroidLong":-2.04897},"geometry":{"type":"Polygon","coordinates":[[[-1.951,53.786],[-1.92,53.739],[-1.933,53.729],[-1.92,53.712],[-1.942,53.713],[-1.96,53.7],[-1.95,53.693],[-1.927,53.688],[-1.903,53.708],[-1.851,53.692],[-1.814,53.7],[-1.821,53.724],[-1.844,53.724],[-1.793,53.745],[-1.736,53.713],[-1.727,53.683],[-1.747,53.695],[-1.854,53.673],[-1.844,53.666],[-1.895,53.645],[-1.934,53.648],[-2.023,53.616],[-2.051,53.684],[-2.118,53.671],[-2.144,53.678],[-2.172,53.717],[-2.13,53.755],[-2.128,53.799],[-2.085,53.819],[-2.061,53.826],[-1.951,53.786]]]}},{"type":"Feature","properties":{"code":"E14001148","name":"Camborne and Redruth","centroidLat":50.22012,"centroidLong":-5.26361},"geometry":{"type":"Polygon","coordinates":[[[-5.145,50.139],[-5.081,50.11],[-5.099,50.1],[-5.14,50.1],[-5.13,50.11],[-5.138,50.112],[-5.163,50.097],[-5.159,50.108],[-5.163,50.112],[-5.165,50.113],[-5.169,50.1],[-5.159,50.094],[-5.197,50.09],[-5.189,50.108],[-5.213,50.12],[-5.214,50.138],[-5.179,50.166],[-5.228,50.205],[-5.275,50.179],[-5.317,50.196],[-5.328,50.17],[-5.382,50.159],[-5.43,50.175],[-5.407,50.193],[-5.434,50.192],[-5.394,50.226],[-5.395,50.241],[-5.325,50.244],[-5.244,50.287],[-5.236,50.318],[-5.2,50.32],[-5.149,50.356],[-5.095,50.31],[-5.197,50.255],[-5.122,50.23],[-5.152,50.207],[-5.15,50.176],[-5.117,50.173],[-5.145,50.139]]]}},{"type":"Feature","properties":{"code":"E14001149","name":"Cambridge","centroidLat":52.19987,"centroidLong":0.123846},"geometry":{"type":"Polygon","coordinates":[[[0.171,52.234],[0.155,52.226],[0.18,52.202],[0.16,52.2],[0.17,52.192],[0.159,52.184],[0.133,52.187],[0.132,52.168],[0.103,52.158],[0.105,52.191],[0.069,52.215],[0.171,52.234]]]}},{"type":"Feature","properties":{"code":"E14001150","name":"Cannock Chase","centroidLat":52.70167,"centroidLong":-1.98277},"geometry":{"type":"Polygon","coordinates":[[[-1.944,52.774],[-1.912,52.759],[-1.938,52.716],[-1.916,52.711],[-1.959,52.684],[-1.961,52.643],[-1.985,52.64],[-2.002,52.667],[-2.05,52.677],[-2.018,52.759],[-1.944,52.774]]]}},{"type":"Feature","properties":{"code":"E14001151","name":"Canterbury","centroidLat":51.27306,"centroidLong":1.089267},"geometry":{"type":"Polygon","coordinates":[[[1.082,51.368],[1.085,51.315],[1.121,51.285],[1.203,51.323],[1.229,51.316],[1.2,51.292],[1.212,51.283],[1.193,51.257],[1.212,51.252],[1.186,51.218],[1.222,51.207],[1.195,51.184],[1.154,51.191],[1.148,51.177],[1.058,51.205],[1.04,51.182],[0.99,51.188],[1.005,51.208],[0.986,51.236],[0.998,51.251],[0.973,51.269],[1.006,51.284],[1.017,51.313],[0.95,51.346],[1.025,51.365],[1.068,51.369],[1.082,51.368]],[[1.067,51.367],[1.068,51.369],[1.068,51.369],[1.067,51.367]],[[1.07,51.369],[1.071,51.368],[1.068,51.369],[1.07,51.369]],[[1.071,51.368],[1.071,51.368],[1.071,51.368],[1.071,51.368]],[[1.07,51.367],[1.071,51.368],[1.071,51.368],[1.07,51.367]],[[1.07,51.367],[1.07,51.367],[1.07,51.367],[1.07,51.367]],[[1.068,51.367],[1.067,51.366],[1.07,51.367],[1.068,51.367]]]}},{"type":"Feature","properties":{"code":"W07000089","name":"Cardiff East","centroidLat":51.51099,"centroidLong":-3.12511},"geometry":{"type":"Polygon","coordinates":[[[-3.082,51.5],[-3.126,51.489],[-3.128,51.496],[-3.141,51.502],[-3.139,51.504],[-3.139,51.505],[-3.141,51.505],[-3.138,51.507],[-3.142,51.512],[-3.144,51.508],[-3.139,51.507],[-3.141,51.505],[-3.141,51.502],[-3.136,51.498],[-3.172,51.477],[-3.182,51.525],[-3.113,51.521],[-3.093,51.536],[-3.069,51.52],[-3.09,51.51],[-3.082,51.5]],[[-3.139,51.505],[-3.139,51.505],[-3.139,51.505],[-3.139,51.505]]]}},{"type":"Feature","properties":{"code":"W07000090","name":"Cardiff North","centroidLat":51.53366,"centroidLong":-3.1749},"geometry":{"type":"Polygon","coordinates":[[[-3.286,51.571],[-3.228,51.55],[-3.164,51.561],[-3.094,51.536],[-3.114,51.521],[-3.167,51.533],[-3.184,51.499],[-3.224,51.498],[-3.286,51.571]]]}},{"type":"Feature","properties":{"code":"W07000091","name":"Cardiff South and Penarth","centroidLat":51.4381,"centroidLong":-3.19084},"geometry":{"type":"Polygon","coordinates":[[[-3.136,51.498],[-3.124,51.486],[-3.165,51.451],[-3.17,51.406],[-3.239,51.397],[-3.231,51.415],[-3.261,51.433],[-3.238,51.45],[-3.258,51.465],[-3.182,51.476],[-3.196,51.495],[-3.183,51.505],[-3.172,51.477],[-3.136,51.498]]]}},{"type":"Feature","properties":{"code":"W07000092","name":"Cardiff West","centroidLat":51.5079,"centroidLong":-3.28287},"geometry":{"type":"Polygon","coordinates":[[[-3.273,51.548],[-3.241,51.509],[-3.197,51.497],[-3.182,51.476],[-3.271,51.465],[-3.312,51.507],[-3.379,51.513],[-3.402,51.499],[-3.414,51.513],[-3.393,51.533],[-3.273,51.548]]]}},{"type":"Feature","properties":{"code":"E14001152","name":"Carlisle","centroidLat":54.97828,"centroidLong":-2.80479},"geometry":{"type":"Polygon","coordinates":[[[-3.057,54.989],[-3.026,55.036],[-3.051,55.053],[-2.959,55.049],[-2.845,55.112],[-2.825,55.138],[-2.785,55.142],[-2.69,55.189],[-2.657,55.136],[-2.599,55.125],[-2.562,55.083],[-2.486,55.082],[-2.504,55.062],[-2.483,55.04],[-2.573,55.016],[-2.573,54.988],[-2.601,54.971],[-2.545,54.929],[-2.605,54.884],[-2.573,54.854],[-2.655,54.855],[-2.701,54.834],[-2.69,54.819],[-2.706,54.816],[-2.829,54.825],[-2.889,54.872],[-2.979,54.874],[-2.991,54.897],[-2.973,54.914],[-3.011,54.92],[-2.999,54.936],[-3.011,54.948],[-3.04,54.946],[-3.046,54.949],[-3.046,54.949],[-3.049,54.953],[-3.051,54.954],[-3.046,54.949],[-3.077,54.947],[-3.079,54.951],[-3.081,54.95],[-3.084,54.95],[-3.082,54.947],[-3.072,54.945],[-3.08,54.941],[-3.12,54.936],[-3.114,54.947],[-3.127,54.951],[-3.12,54.954],[-3.116,54.952],[-3.11,54.948],[-3.109,54.946],[-3.096,54.946],[-3.112,54.95],[-3.117,54.956],[-3.104,54.949],[-3.112,54.958],[-3.062,54.985],[-3.037,54.966],[-3.009,54.974],[-3.04,54.969],[-3.057,54.989]],[[-2.999,54.936],[-2.999,54.936],[-2.999,54.936],[-2.999,54.936]],[[-2.999,54.936],[-2.996,54.936],[-2.999,54.936],[-2.999,54.936]],[[-3.043,54.948],[-3.042,54.948],[-3.043,54.948],[-3.043,54.948]],[[-3.042,54.948],[-3.042,54.948],[-3.042,54.948],[-3.042,54.948]],[[-3.05,54.954],[-3.051,54.954],[-3.05,54.954],[-3.05,54.954]],[[-3.051,54.954],[-3.052,54.956],[-3.05,54.955],[-3.052,54.956],[-3.053,54.955],[-3.052,54.955],[-3.052,54.955],[-3.051,54.954]],[[-3.054,54.956],[-3.053,54.955],[-3.053,54.955],[-3.054,54.956]],[[-3.053,54.952],[-3.053,54.952],[-3.053,54.952],[-3.053,54.952]],[[-3.052,54.952],[-3.053,54.953],[-3.054,54.953],[-3.055,54.952],[-3.054,54.954],[-3.055,54.953],[-3.055,54.952],[-3.052,54.952]],[[-3.061,54.95],[-3.061,54.95],[-3.061,54.95],[-3.061,54.95]],[[-3.061,54.95],[-3.062,54.95],[-3.061,54.95],[-3.061,54.95]],[[-3.067,54.952],[-3.067,54.952],[-3.067,54.952],[-3.067,54.952]],[[-3.066,54.952],[-3.067,54.952],[-3.067,54.952],[-3.066,54.952]],[[-3.078,54.951],[-3.078,54.951],[-3.078,54.951],[-3.078,54.951]],[[-3.077,54.951],[-3.076,54.951],[-3.077,54.951],[-3.078,54.951],[-3.077,54.951]],[[-3.083,54.95],[-3.083,54.95],[-3.083,54.95],[-3.083,54.95]],[[-3.082,54.95],[-3.083,54.95],[-3.083,54.95],[-3.082,54.95]],[[-3.085,54.95],[-3.085,54.95],[-3.084,54.95],[-3.085,54.95]],[[-3.085,54.949],[-3.086,54.949],[-3.085,54.95],[-3.085,54.949]],[[-3.073,54.945],[-3.073,54.945],[-3.073,54.945],[-3.073,54.945]],[[-3.073,54.945],[-3.074,54.945],[-3.073,54.945],[-3.073,54.945]],[[-3.088,54.941],[-3.088,54.941],[-3.088,54.941],[-3.088,54.941]],[[-3.09,54.941],[-3.089,54.941],[-3.088,54.941],[-3.09,54.941]],[[-3.093,54.94],[-3.093,54.94],[-3.094,54.94],[-3.093,54.94]],[[-3.095,54.941],[-3.095,54.941],[-3.094,54.941],[-3.095,54.942],[-3.095,54.941]],[[-3.053,54.987],[-3.052,54.988],[-3.053,54.987],[-3.053,54.987]]]}},{"type":"Feature","properties":{"code":"E14001153","name":"Carshalton and Wallington","centroidLat":51.35631,"centroidLong":-0.15891},"geometry":{"type":"Polygon","coordinates":[[[-0.134,51.391],[-0.117,51.346],[-0.145,51.342],[-0.157,51.321],[-0.187,51.341],[-0.174,51.358],[-0.2,51.385],[-0.134,51.391]]]}},{"type":"Feature","properties":{"code":"E14001154","name":"Castle Point","centroidLat":51.55894,"centroidLong":0.574745},"geometry":{"type":"MultiPolygon","coordinates":[[[[0.621,51.516],[0.554,51.51],[0.528,51.518],[0.518,51.53],[0.524,51.532],[0.535,51.531],[0.539,51.533],[0.54,51.534],[0.54,51.534],[0.539,51.532],[0.539,51.533],[0.539,51.532],[0.539,51.532],[0.539,51.532],[0.539,51.532],[0.539,51.532],[0.539,51.532],[0.539,51.531],[0.539,51.531],[0.538,51.532],[0.539,51.531],[0.54,51.532],[0.54,51.534],[0.544,51.535],[0.543,51.537],[0.545,51.541],[0.544,51.543],[0.545,51.543],[0.544,51.544],[0.546,51.547],[0.555,51.541],[0.566,51.541],[0.585,51.537],[0.622,51.527],[0.621,51.516]],[[0.532,51.519],[0.531,51.519],[0.532,51.519],[0.532,51.519]],[[0.527,51.532],[0.528,51.531],[0.527,51.532],[0.527,51.532]],[[0.533,51.53],[0.533,51.53],[0.533,51.53],[0.533,51.53]],[[0.538,51.532],[0.539,51.532],[0.539,51.532],[0.538,51.532]],[[0.539,51.532],[0.539,51.532],[0.539,51.532],[0.539,51.532]],[[0.54,51.534],[0.54,51.534],[0.54,51.534],[0.54,51.534]],[[0.54,51.534],[0.54,51.534],[0.54,51.534],[0.54,51.534]],[[0.54,51.534],[0.54,51.534],[0.54,51.534],[0.54,51.534]],[[0.54,51.534],[0.54,51.533],[0.541,51.533],[0.54,51.534]],[[0.544,51.537],[0.544,51.537],[0.544,51.537],[0.544,51.537]],[[0.544,51.537],[0.544,51.537],[0.544,51.538],[0.544,51.537]],[[0.545,51.541],[0.545,51.541],[0.545,51.541],[0.545,51.541]],[[0.545,51.541],[0.545,51.541],[0.545,51.541],[0.545,51.541]],[[0.565,51.54],[0.565,51.54],[0.565,51.54],[0.565,51.54]],[[0.565,51.54],[0.565,51.54],[0.565,51.54],[0.565,51.54]],[[0.577,51.537],[0.577,51.537],[0.576,51.537],[0.577,51.537]],[[0.577,51.537],[0.577,51.538],[0.576,51.538],[0.577,51.537]],[[0.577,51.537],[0.577,51.537],[0.577,51.537],[0.577,51.537]],[[0.577,51.537],[0.578,51.538],[0.577,51.537],[0.577,51.537]],[[0.577,51.538],[0.577,51.538],[0.577,51.538],[0.577,51.538]],[[0.577,51.538],[0.577,51.538],[0.577,51.538],[0.577,51.538]],[[0.58,51.538],[0.58,51.538],[0.58,51.538],[0.58,51.538]],[[0.58,51.538],[0.58,51.538],[0.58,51.538],[0.58,51.538]],[[0.584,51.537],[0.585,51.537],[0.584,51.537],[0.584,51.537]],[[0.585,51.536],[0.585,51.536],[0.585,51.536],[0.585,51.536]],[[0.584,51.537],[0.584,51.536],[0.584,51.536],[0.584,51.537]],[[0.59,51.535],[0.59,51.535],[0.59,51.535],[0.59,51.535]],[[0.59,51.535],[0.592,51.534],[0.59,51.535],[0.59,51.535]],[[0.591,51.535],[0.591,51.535],[0.591,51.535],[0.591,51.535]],[[0.594,51.534],[0.594,51.534],[0.594,51.534],[0.594,51.534]],[[0.592,51.535],[0.591,51.535],[0.594,51.534],[0.592,51.535]],[[0.593,51.534],[0.593,51.534],[0.593,51.534],[0.593,51.534]],[[0.592,51.535],[0.593,51.534],[0.593,51.534],[0.592,51.535]],[[0.599,51.532],[0.599,51.533],[0.599,51.532],[0.599,51.532]],[[0.6,51.532],[0.6,51.532],[0.6,51.532],[0.6,51.532]],[[0.599,51.53],[0.599,51.53],[0.599,51.53],[0.599,51.53]],[[0.599,51.53],[0.598,51.53],[0.597,51.53],[0.599,51.53],[0.599,51.53]],[[0.597,51.53],[0.597,51.53],[0.597,51.53],[0.597,51.53]],[[0.597,51.53],[0.597,51.53],[0.597,51.53],[0.597,51.53]],[[0.598,51.53],[0.597,51.53],[0.597,51.53],[0.598,51.53]]],[[[0.632,51.571],[0.627,51.538],[0.622,51.536],[0.611,51.535],[0.613,51.535],[0.605,51.536],[0.6,51.538],[0.578,51.539],[0.567,51.541],[0.545,51.548],[0.517,51.53],[0.506,51.544],[0.524,51.59],[0.632,51.571]],[[0.622,51.538],[0.62,51.538],[0.622,51.538],[0.622,51.538]],[[0.621,51.537],[0.621,51.537],[0.622,51.537],[0.621,51.537]],[[0.622,51.537],[0.622,51.537],[0.622,51.537],[0.622,51.537]],[[0.621,51.536],[0.621,51.537],[0.622,51.537],[0.621,51.536]],[[0.622,51.537],[0.622,51.537],[0.622,51.537],[0.622,51.537]],[[0.604,51.537],[0.603,51.537],[0.603,51.537],[0.604,51.537]],[[0.577,51.54],[0.577,51.54],[0.577,51.54],[0.577,51.54]]]]}},{"type":"Feature","properties":{"code":"S14000109","name":"Central Ayrshire","centroidLat":55.52066,"centroidLong":-4.55255},"geometry":{"type":"Polygon","coordinates":[[[-4.639,55.669],[-4.594,55.644],[-4.546,55.667],[-4.493,55.665],[-4.557,55.647],[-4.57,55.633],[-4.559,55.625],[-4.588,55.618],[-4.579,55.604],[-4.594,55.601],[-4.536,55.592],[-4.539,55.575],[-4.518,55.565],[-4.436,55.567],[-4.409,55.553],[-4.399,55.511],[-4.519,55.474],[-4.541,55.449],[-4.595,55.456],[-4.586,55.476],[-4.627,55.481],[-4.633,55.519],[-4.62,55.509],[-4.622,55.516],[-4.685,55.545],[-4.659,55.548],[-4.658,55.569],[-4.696,55.604],[-4.679,55.61],[-4.675,55.621],[-4.687,55.609],[-4.714,55.635],[-4.687,55.641],[-4.683,55.664],[-4.668,55.655],[-4.639,55.669]]]}},{"type":"Feature","properties":{"code":"E14001155","name":"Central Devon","centroidLat":50.71148,"centroidLong":-3.79493},"geometry":{"type":"Polygon","coordinates":[[[-3.624,50.922],[-3.551,50.893],[-3.512,50.857],[-3.477,50.871],[-3.459,50.86],[-3.464,50.832],[-3.411,50.836],[-3.412,50.818],[-3.483,50.792],[-3.503,50.799],[-3.497,50.817],[-3.507,50.827],[-3.525,50.787],[-3.572,50.789],[-3.547,50.773],[-3.586,50.744],[-3.565,50.74],[-3.569,50.714],[-3.539,50.693],[-3.469,50.682],[-3.453,50.642],[-3.509,50.655],[-3.551,50.622],[-3.551,50.6],[-3.614,50.592],[-3.66,50.559],[-3.66,50.535],[-3.723,50.521],[-3.679,50.494],[-3.756,50.51],[-3.769,50.486],[-3.759,50.467],[-3.773,50.463],[-3.798,50.489],[-3.776,50.496],[-3.792,50.501],[-3.785,50.518],[-3.799,50.536],[-3.827,50.516],[-3.875,50.538],[-3.882,50.638],[-3.897,50.655],[-3.937,50.66],[-3.936,50.689],[-3.973,50.706],[-4.019,50.673],[-4.046,50.695],[-4.062,50.687],[-4.044,50.729],[-4.084,50.727],[-4.115,50.757],[-4.154,50.745],[-4.184,50.784],[-4.169,50.792],[-4.191,50.79],[-4.169,50.798],[-4.164,50.831],[-4.129,50.844],[-4.103,50.835],[-4.09,50.867],[-4.069,50.875],[-4.036,50.859],[-3.995,50.869],[-3.995,50.852],[-3.959,50.855],[-3.937,50.826],[-3.884,50.847],[-3.925,50.868],[-3.899,50.878],[-3.92,50.898],[-3.912,50.904],[-3.817,50.915],[-3.817,50.902],[-3.783,50.902],[-3.756,50.876],[-3.728,50.911],[-3.624,50.922]]]}},{"type":"Feature","properties":{"code":"E14001156","name":"Central Suffolk and North Ipswich","centroidLat":52.17087,"centroidLong":1.224112},"geometry":{"type":"Polygon","coordinates":[[[1.402,52.286],[1.457,52.248],[1.464,52.231],[1.441,52.201],[1.488,52.173],[1.416,52.165],[1.433,52.138],[1.4,52.142],[1.359,52.115],[1.321,52.12],[1.271,52.084],[1.254,52.051],[1.206,52.041],[1.19,52.08],[1.122,52.062],[1.029,52.07],[1.004,52.099],[0.971,52.096],[0.945,52.128],[0.944,52.145],[1.03,52.174],[1.023,52.185],[1.054,52.2],[1.063,52.222],[1.142,52.227],[1.154,52.249],[1.181,52.253],[1.185,52.286],[1.227,52.267],[1.215,52.257],[1.226,52.231],[1.247,52.229],[1.34,52.266],[1.328,52.298],[1.356,52.274],[1.402,52.286]]]}},{"type":"Feature","properties":{"code":"W07000093","name":"Ceredigion Preseli","centroidLat":52.19991,"centroidLong":-4.07753},"geometry":{"type":"Polygon","coordinates":[[[-4.91,52.035],[-4.852,52.023],[-4.834,52.022],[-4.825,52.019],[-4.823,52.02],[-4.82,52.019],[-4.814,52.019],[-4.841,52.025],[-4.845,52.042],[-4.759,52.077],[-4.732,52.118],[-4.688,52.103],[-4.692,52.103],[-4.681,52.095],[-4.682,52.085],[-4.679,52.082],[-4.643,52.079],[-4.643,52.066],[-4.64,52.061],[-4.637,52.06],[-4.636,52.069],[-4.642,52.075],[-4.641,52.078],[-4.646,52.082],[-4.681,52.085],[-4.675,52.1],[-4.688,52.104],[-4.686,52.13],[-4.567,52.145],[-4.519,52.135],[-4.378,52.216],[-4.325,52.214],[-4.208,52.264],[-4.14,52.322],[-4.092,52.407],[-4.067,52.403],[-4.092,52.414],[-4.052,52.482],[-4.052,52.535],[-4.039,52.489],[-4.04,52.523],[-4.001,52.533],[-4.005,52.529],[-3.986,52.518],[-4.0,52.529],[-3.997,52.535],[-3.996,52.535],[-3.995,52.534],[-3.994,52.533],[-3.996,52.535],[-3.992,52.534],[-3.993,52.536],[-3.99,52.535],[-3.991,52.536],[-3.987,52.535],[-3.984,52.536],[-3.98,52.537],[-3.98,52.537],[-3.979,52.536],[-3.969,52.531],[-3.969,52.531],[-3.981,52.537],[-3.985,52.536],[-3.954,52.556],[-3.914,52.562],[-3.841,52.551],[-3.844,52.512],[-3.812,52.479],[-3.733,52.507],[-3.772,52.442],[-3.712,52.413],[-3.697,52.367],[-3.658,52.348],[-3.745,52.318],[-3.707,52.274],[-3.753,52.252],[-3.742,52.139],[-3.777,52.107],[-3.86,52.142],[-3.907,52.12],[-3.94,52.138],[-4.019,52.097],[-4.06,52.114],[-4.144,52.094],[-4.164,52.068],[-4.206,52.063],[-4.233,52.038],[-4.298,52.052],[-4.351,52.027],[-4.541,52.052],[-4.56,52.044],[-4.547,52.019],[-4.487,51.989],[-4.488,51.968],[-4.636,51.919],[-4.668,51.934],[-4.713,51.916],[-4.723,51.896],[-4.694,51.86],[-4.709,51.845],[-4.682,51.838],[-4.696,51.829],[-4.782,51.834],[-4.852,51.867],[-4.853,51.908],[-4.936,51.906],[-4.962,51.921],[-4.959,51.933],[-4.996,51.946],[-5.032,51.932],[-5.015,51.912],[-5.132,51.923],[-5.175,51.895],[-5.19,51.902],[-5.181,51.922],[-5.213,51.938],[-5.085,51.969],[-5.08,51.985],[-5.096,51.994],[-5.073,52.004],[-5.09,52.015],[-5.07,52.031],[-4.992,52.026],[-4.97,52.013],[-4.993,52.004],[-4.969,51.995],[-4.92,52.01],[-4.91,52.021],[-4.914,52.023],[-4.918,52.026],[-4.91,52.035]],[[-4.336,52.214],[-4.336,52.214],[-4.336,52.214],[-4.336,52.214]],[[-4.021,52.523],[-4.021,52.523],[-4.021,52.523],[-4.021,52.523]],[[-4.019,52.525],[-4.02,52.525],[-4.02,52.525],[-4.019,52.525]],[[-3.996,52.532],[-3.998,52.532],[-3.998,52.532],[-3.996,52.532]],[[-3.98,52.537],[-3.98,52.537],[-3.98,52.537],[-3.98,52.537]],[[-3.981,52.537],[-3.981,52.536],[-3.98,52.537],[-3.981,52.537]],[[-3.967,52.531],[-3.968,52.531],[-3.969,52.531],[-3.967,52.531]],[[-3.958,52.551],[-3.958,52.551],[-3.958,52.551],[-3.958,52.551]],[[-3.958,52.55],[-3.958,52.551],[-3.958,52.551],[-3.958,52.55]],[[-3.959,52.552],[-3.959,52.552],[-3.959,52.552],[-3.959,52.552]],[[-3.956,52.551],[-3.959,52.552],[-3.959,52.552],[-3.956,52.551]],[[-3.955,52.553],[-3.955,52.553],[-3.955,52.553],[-3.955,52.553]],[[-3.956,52.555],[-3.955,52.554],[-3.955,52.555],[-3.956,52.555]],[[-3.955,52.554],[-3.955,52.554],[-3.955,52.554],[-3.955,52.554]],[[-3.955,52.554],[-3.955,52.554],[-3.955,52.554],[-3.955,52.554]],[[-3.955,52.553],[-3.955,52.554],[-3.955,52.554],[-3.955,52.553]],[[-3.954,52.553],[-3.955,52.554],[-3.955,52.554],[-3.954,52.553]],[[-3.949,52.556],[-3.949,52.552],[-3.949,52.556],[-3.949,52.556]],[[-3.949,52.555],[-3.949,52.555],[-3.949,52.555],[-3.949,52.555]],[[-3.949,52.555],[-3.946,52.555],[-3.949,52.555],[-3.949,52.555]],[[-3.937,52.552],[-3.937,52.552],[-3.937,52.553],[-3.937,52.552]],[[-3.936,52.551],[-3.936,52.551],[-3.937,52.55],[-3.937,52.55],[-3.936,52.551]],[[-4.913,52.023],[-4.913,52.023],[-4.913,52.023],[-4.913,52.023]]]}},{"type":"Feature","properties":{"code":"E14001157","name":"Chatham and Aylesford","centroidLat":51.34098,"centroidLong":0.508449},"geometry":{"type":"MultiPolygon","coordinates":[[[[0.457,51.319],[0.461,51.322],[0.465,51.319],[0.46,51.331],[0.451,51.33],[0.458,51.336],[0.45,51.348],[0.458,51.352],[0.45,51.364],[0.457,51.368],[0.494,51.353],[0.52,51.382],[0.552,51.374],[0.568,51.348],[0.544,51.328],[0.526,51.335],[0.493,51.301],[0.464,51.304],[0.46,51.315],[0.457,51.319]],[[0.46,51.318],[0.46,51.318],[0.46,51.318],[0.46,51.318]],[[0.46,51.318],[0.46,51.318],[0.46,51.318],[0.46,51.318]],[[0.46,51.319],[0.46,51.319],[0.46,51.318],[0.46,51.319]],[[0.463,51.318],[0.464,51.318],[0.464,51.318],[0.463,51.318]]],[[[0.391,51.347],[0.451,51.329],[0.459,51.33],[0.455,51.327],[0.458,51.313],[0.431,51.298],[0.43,51.325],[0.391,51.347]]]]}},{"type":"Feature","properties":{"code":"E14001158","name":"Cheadle","centroidLat":53.36718,"centroidLong":-2.18847},"geometry":{"type":"Polygon","coordinates":[[[-2.146,53.393],[-2.117,53.375],[-2.139,53.367],[-2.161,53.327],[-2.194,53.339],[-2.185,53.353],[-2.241,53.36],[-2.247,53.396],[-2.211,53.407],[-2.188,53.388],[-2.146,53.393]]]}},{"type":"Feature","properties":{"code":"E14001159","name":"Chelmsford","centroidLat":51.73091,"centroidLong":0.482869},"geometry":{"type":"Polygon","coordinates":[[[0.533,51.744],[0.52,51.702],[0.469,51.709],[0.441,51.69],[0.441,51.756],[0.483,51.753],[0.51,51.773],[0.533,51.744]]]}},{"type":"Feature","properties":{"code":"E14001160","name":"Chelsea and Fulham","centroidLat":51.48026,"centroidLong":-0.20079},"geometry":{"type":"Polygon","coordinates":[[[-0.226,51.486],[-0.15,51.485],[-0.191,51.465],[-0.226,51.486]]]}},{"type":"Feature","properties":{"code":"E14001161","name":"Cheltenham","centroidLat":51.88715,"centroidLong":-2.07073},"geometry":{"type":"Polygon","coordinates":[[[-2.01,51.903],[-2.025,51.864],[-2.047,51.858],[-2.142,51.885],[-2.131,51.908],[-2.099,51.914],[-2.01,51.903]]]}},{"type":"Feature","properties":{"code":"E14001162","name":"Chesham and Amersham","centroidLat":51.6604,"centroidLong":-0.62462},"geometry":{"type":"Polygon","coordinates":[[[-0.613,51.747],[-0.55,51.731],[-0.563,51.712],[-0.544,51.697],[-0.549,51.683],[-0.505,51.673],[-0.537,51.661],[-0.522,51.605],[-0.538,51.569],[-0.607,51.588],[-0.596,51.595],[-0.616,51.614],[-0.613,51.632],[-0.64,51.635],[-0.643,51.619],[-0.675,51.608],[-0.697,51.646],[-0.727,51.645],[-0.706,51.665],[-0.716,51.677],[-0.652,51.674],[-0.625,51.688],[-0.618,51.696],[-0.643,51.711],[-0.603,51.728],[-0.613,51.747]]]}},{"type":"Feature","properties":{"code":"E14001163","name":"Chester North and Neston","centroidLat":53.2468,"centroidLong":-2.95449},"geometry":{"type":"Polygon","coordinates":[[[-3.026,53.298],[-2.941,53.299],[-2.97,53.275],[-2.876,53.241],[-2.848,53.194],[-2.855,53.179],[-2.906,53.194],[-2.92,53.183],[-3.025,53.248],[-3.093,53.26],[-3.107,53.272],[-3.102,53.268],[-3.098,53.268],[-3.095,53.272],[-3.091,53.268],[-3.093,53.271],[-3.088,53.272],[-3.089,53.273],[-3.086,53.271],[-3.084,53.271],[-3.089,53.273],[-3.103,53.272],[-3.11,53.277],[-3.09,53.275],[-3.109,53.28],[-3.095,53.279],[-3.095,53.283],[-3.087,53.283],[-3.089,53.286],[-3.089,53.283],[-3.095,53.284],[-3.099,53.28],[-3.105,53.289],[-3.11,53.283],[-3.115,53.284],[-3.113,53.285],[-3.112,53.287],[-3.114,53.286],[-3.115,53.284],[-3.118,53.284],[-3.12,53.286],[-3.118,53.286],[-3.116,53.287],[-3.116,53.286],[-3.112,53.288],[-3.116,53.286],[-3.115,53.287],[-3.118,53.286],[-3.119,53.286],[-3.12,53.286],[-3.12,53.287],[-3.119,53.287],[-3.118,53.287],[-3.116,53.288],[-3.118,53.288],[-3.12,53.287],[-3.12,53.289],[-3.117,53.29],[-3.114,53.289],[-3.105,53.292],[-3.114,53.291],[-3.123,53.288],[-3.123,53.289],[-3.074,53.316],[-3.026,53.298]],[[-3.098,53.268],[-3.098,53.268],[-3.098,53.268],[-3.098,53.268]],[[-3.098,53.268],[-3.097,53.268],[-3.098,53.268],[-3.098,53.268]],[[-3.094,53.27],[-3.094,53.27],[-3.094,53.27],[-3.094,53.27]],[[-3.094,53.27],[-3.095,53.27],[-3.094,53.27],[-3.094,53.27]],[[-3.082,53.279],[-3.081,53.279],[-3.083,53.279],[-3.082,53.279]],[[-3.082,53.279],[-3.08,53.279],[-3.079,53.28],[-3.082,53.279]],[[-3.08,53.279],[-3.08,53.279],[-3.08,53.279],[-3.08,53.279]],[[-3.08,53.278],[-3.079,53.278],[-3.08,53.279],[-3.08,53.278]],[[-3.078,53.28],[-3.079,53.28],[-3.079,53.28],[-3.078,53.28]],[[-3.092,53.282],[-3.095,53.28],[-3.095,53.28],[-3.092,53.282]],[[-3.1,53.284],[-3.099,53.283],[-3.1,53.284],[-3.1,53.284]],[[-3.099,53.284],[-3.099,53.284],[-3.1,53.284],[-3.099,53.284]],[[-3.099,53.284],[-3.099,53.284],[-3.099,53.284],[-3.099,53.284]],[[-3.098,53.284],[-3.098,53.285],[-3.099,53.284],[-3.098,53.284]],[[-3.1,53.286],[-3.1,53.286],[-3.1,53.286],[-3.1,53.286]],[[-3.098,53.287],[-3.095,53.286],[-3.094,53.286],[-3.098,53.289],[-3.1,53.286],[-3.098,53.287]],[[-3.097,53.289],[-3.097,53.289],[-3.097,53.289],[-3.097,53.289]],[[-3.103,53.288],[-3.103,53.288],[-3.103,53.288],[-3.103,53.288]],[[-3.103,53.288],[-3.102,53.289],[-3.103,53.288],[-3.103,53.288]],[[-3.11,53.284],[-3.11,53.285],[-3.11,53.284],[-3.11,53.284]],[[-3.11,53.285],[-3.11,53.285],[-3.111,53.286],[-3.11,53.285]],[[-3.11,53.284],[-3.109,53.285],[-3.11,53.285],[-3.11,53.284]],[[-3.113,53.284],[-3.112,53.285],[-3.113,53.284],[-3.113,53.284]],[[-3.117,53.284],[-3.116,53.285],[-3.117,53.284],[-3.117,53.284]],[[-3.118,53.285],[-3.118,53.285],[-3.118,53.285],[-3.118,53.285]],[[-3.117,53.285],[-3.117,53.285],[-3.117,53.286],[-3.118,53.285],[-3.117,53.285]],[[-3.118,53.285],[-3.117,53.285],[-3.117,53.285],[-3.118,53.285]],[[-3.116,53.285],[-3.116,53.285],[-3.116,53.286],[-3.116,53.285]],[[-3.117,53.286],[-3.118,53.286],[-3.117,53.285],[-3.117,53.286]],[[-3.116,53.286],[-3.117,53.286],[-3.117,53.286],[-3.116,53.286]],[[-3.12,53.286],[-3.12,53.286],[-3.12,53.286],[-3.12,53.286]],[[-3.119,53.287],[-3.118,53.287],[-3.118,53.287],[-3.119,53.287]],[[-3.118,53.287],[-3.118,53.287],[-3.118,53.287],[-3.118,53.287]],[[-3.117,53.286],[-3.117,53.287],[-3.118,53.287],[-3.117,53.286]],[[-3.117,53.287],[-3.116,53.287],[-3.117,53.287],[-3.117,53.287]],[[-3.117,53.287],[-3.115,53.288],[-3.118,53.287],[-3.117,53.287]],[[-3.118,53.288],[-3.118,53.288],[-3.118,53.288],[-3.118,53.288]],[[-3.115,53.289],[-3.117,53.288],[-3.118,53.288],[-3.115,53.289]],[[-3.118,53.289],[-3.119,53.288],[-3.119,53.288],[-3.118,53.289]],[[-3.119,53.288],[-3.119,53.288],[-3.119,53.288],[-3.119,53.288]],[[-3.117,53.289],[-3.118,53.289],[-3.119,53.288],[-3.117,53.289]],[[-3.114,53.291],[-3.114,53.291],[-3.114,53.291],[-3.114,53.291]],[[-3.113,53.292],[-3.114,53.292],[-3.114,53.291],[-3.113,53.292]],[[-3.118,53.291],[-3.118,53.29],[-3.117,53.29],[-3.118,53.291]],[[-3.108,53.294],[-3.108,53.294],[-3.108,53.294],[-3.108,53.294]],[[-3.104,53.293],[-3.104,53.294],[-3.104,53.293],[-3.104,53.293]],[[-3.101,53.293],[-3.101,53.293],[-3.1,53.293],[-3.098,53.294],[-3.096,53.294],[-3.098,53.294],[-3.101,53.293]],[[-3.1,53.294],[-3.1,53.294],[-3.1,53.294],[-3.1,53.294]],[[-3.1,53.295],[-3.1,53.295],[-3.1,53.294],[-3.1,53.295]],[[-3.099,53.295],[-3.099,53.295],[-3.1,53.295],[-3.099,53.295]],[[-3.098,53.295],[-3.098,53.295],[-3.099,53.295],[-3.098,53.295]],[[-3.098,53.295],[-3.097,53.294],[-3.098,53.295],[-3.098,53.295]],[[-3.103,53.295],[-3.102,53.295],[-3.103,53.295],[-3.103,53.295]],[[-3.102,53.295],[-3.1,53.295],[-3.099,53.296],[-3.1,53.296],[-3.102,53.295]],[[-3.105,53.296],[-3.105,53.296],[-3.105,53.296],[-3.105,53.296]],[[-3.104,53.296],[-3.104,53.297],[-3.104,53.297],[-3.104,53.297],[-3.103,53.297],[-3.104,53.296]],[[-3.091,53.262],[-3.091,53.262],[-3.091,53.263],[-3.091,53.262]],[[-3.091,53.263],[-3.091,53.263],[-3.091,53.263],[-3.091,53.263]],[[-3.091,53.263],[-3.091,53.263],[-3.091,53.263],[-3.091,53.263]],[[-3.088,53.272],[-3.087,53.271],[-3.088,53.272],[-3.088,53.272]],[[-3.087,53.271],[-3.087,53.271],[-3.087,53.271],[-3.087,53.271]],[[-3.088,53.271],[-3.087,53.271],[-3.087,53.271],[-3.088,53.271]],[[-3.105,53.289],[-3.104,53.29],[-3.104,53.29],[-3.105,53.289]],[[-3.104,53.29],[-3.104,53.29],[-3.104,53.29],[-3.104,53.29]],[[-3.103,53.289],[-3.103,53.29],[-3.104,53.29],[-3.103,53.289]],[[-3.118,53.292],[-3.117,53.291],[-3.116,53.292],[-3.118,53.292]]]}},{"type":"Feature","properties":{"code":"E14001164","name":"Chester South and Eddisbury","centroidLat":53.1214,"centroidLong":-2.68283},"geometry":{"type":"Polygon","coordinates":[[[-2.617,53.288],[-2.543,53.256],[-2.578,53.245],[-2.566,53.228],[-2.625,53.207],[-2.58,53.197],[-2.548,53.151],[-2.489,53.164],[-2.456,53.157],[-2.452,53.139],[-2.454,53.125],[-2.502,53.124],[-2.503,53.09],[-2.54,53.06],[-2.497,53.036],[-2.476,53.04],[-2.475,53.06],[-2.38,53.061],[-2.386,53.034],[-2.37,53.015],[-2.381,52.998],[-2.481,52.959],[-2.521,52.974],[-2.53,52.947],[-2.561,52.965],[-2.586,52.955],[-2.595,52.98],[-2.633,52.997],[-2.725,52.983],[-2.824,52.993],[-2.861,53.023],[-2.876,53.082],[-2.902,53.092],[-2.881,53.122],[-2.944,53.122],[-2.995,53.154],[-2.927,53.172],[-2.905,53.193],[-2.857,53.177],[-2.842,53.197],[-2.732,53.21],[-2.691,53.239],[-2.69,53.257],[-2.65,53.267],[-2.65,53.282],[-2.617,53.288]]]}},{"type":"Feature","properties":{"code":"E14001165","name":"Chesterfield","centroidLat":53.24792,"centroidLong":-1.4005},"geometry":{"type":"Polygon","coordinates":[[[-1.331,53.257],[-1.319,53.24],[-1.38,53.244],[-1.401,53.234],[-1.401,53.214],[-1.484,53.229],[-1.471,53.236],[-1.481,53.263],[-1.457,53.284],[-1.331,53.257]]]}},{"type":"Feature","properties":{"code":"E14001166","name":"Chichester","centroidLat":50.84256,"centroidLong":-0.80637},"geometry":{"type":"Polygon","coordinates":[[[-0.826,50.751],[-0.907,50.774],[-0.917,50.781],[-0.916,50.787],[-0.878,50.808],[-0.845,50.799],[-0.825,50.804],[-0.814,50.814],[-0.817,50.819],[-0.808,50.831],[-0.811,50.833],[-0.82,50.817],[-0.843,50.805],[-0.868,50.813],[-0.851,50.828],[-0.868,50.841],[-0.877,50.811],[-0.894,50.838],[-0.916,50.838],[-0.908,50.799],[-0.943,50.815],[-0.926,50.864],[-0.958,50.891],[-0.924,50.924],[-0.931,50.935],[-0.852,50.953],[-0.841,50.929],[-0.82,50.952],[-0.784,50.94],[-0.761,50.892],[-0.721,50.887],[-0.738,50.854],[-0.686,50.855],[-0.687,50.821],[-0.655,50.806],[-0.72,50.79],[-0.752,50.758],[-0.75,50.764],[-0.757,50.767],[-0.757,50.77],[-0.755,50.772],[-0.766,50.767],[-0.77,50.769],[-0.777,50.767],[-0.778,50.768],[-0.781,50.768],[-0.778,50.767],[-0.779,50.766],[-0.778,50.767],[-0.776,50.766],[-0.787,50.76],[-0.775,50.763],[-0.773,50.764],[-0.772,50.764],[-0.762,50.751],[-0.748,50.758],[-0.785,50.723],[-0.819,50.739],[-0.818,50.74],[-0.822,50.743],[-0.821,50.743],[-0.809,50.741],[-0.807,50.746],[-0.818,50.743],[-0.817,50.758],[-0.824,50.764],[-0.826,50.751]],[[-0.887,50.802],[-0.887,50.802],[-0.887,50.802],[-0.887,50.802]],[[-0.887,50.802],[-0.886,50.802],[-0.887,50.802],[-0.887,50.802]],[[-0.887,50.801],[-0.887,50.802],[-0.887,50.802],[-0.887,50.801]],[[-0.886,50.802],[-0.886,50.802],[-0.886,50.802],[-0.886,50.802]],[[-0.817,50.825],[-0.818,50.825],[-0.818,50.825],[-0.817,50.825]],[[-0.75,50.761],[-0.75,50.762],[-0.75,50.762],[-0.75,50.761]],[[-0.756,50.77],[-0.756,50.77],[-0.757,50.77],[-0.756,50.77]],[[-0.756,50.77],[-0.756,50.77],[-0.756,50.77],[-0.756,50.77]],[[-0.756,50.77],[-0.756,50.77],[-0.756,50.77],[-0.756,50.77],[-0.756,50.77]],[[-0.766,50.768],[-0.765,50.768],[-0.765,50.768],[-0.766,50.768]],[[-0.776,50.767],[-0.776,50.767],[-0.775,50.767],[-0.776,50.767]],[[-0.777,50.768],[-0.776,50.767],[-0.776,50.767],[-0.777,50.768]],[[-0.778,50.767],[-0.778,50.767],[-0.778,50.767],[-0.778,50.767]],[[-0.778,50.767],[-0.779,50.767],[-0.779,50.767],[-0.779,50.767],[-0.778,50.767]],[[-0.777,50.762],[-0.777,50.762],[-0.777,50.762],[-0.777,50.762]],[[-0.777,50.762],[-0.779,50.762],[-0.777,50.762],[-0.777,50.762]]]}},{"type":"Feature","properties":{"code":"E14001167","name":"Chingford and Woodford Green","centroidLat":51.61932,"centroidLong":0.004346},"geometry":{"type":"Polygon","coordinates":[[[0.073,51.605],[-0.001,51.592],[-0.002,51.604],[-0.035,51.612],[-0.009,51.647],[0.073,51.605]]]}},{"type":"Feature","properties":{"code":"E14001168","name":"Chippenham","centroidLat":51.49077,"centroidLong":-1.93565},"geometry":{"type":"Polygon","coordinates":[[[-1.838,51.58],[-1.845,51.562],[-1.865,51.56],[-1.83,51.514],[-1.847,51.524],[-1.838,51.501],[-1.813,51.507],[-1.798,51.484],[-1.822,51.459],[-1.898,51.464],[-1.879,51.442],[-1.915,51.413],[-1.975,51.404],[-1.975,51.427],[-2.028,51.437],[-2.034,51.419],[-2.088,51.405],[-2.204,51.4],[-2.235,51.421],[-2.206,51.453],[-2.15,51.447],[-2.132,51.479],[-2.082,51.469],[-2.056,51.48],[-2.064,51.5],[-1.967,51.519],[-1.94,51.546],[-1.946,51.575],[-1.838,51.58]]]}},{"type":"Feature","properties":{"code":"E14001169","name":"Chipping Barnet","centroidLat":51.6377,"centroidLong":-0.20617},"geometry":{"type":"Polygon","coordinates":[[[-0.182,51.669],[-0.129,51.632],[-0.136,51.622],[-0.178,51.624],[-0.202,51.605],[-0.216,51.615],[-0.202,51.625],[-0.277,51.621],[-0.303,51.636],[-0.182,51.669]]]}},{"type":"Feature","properties":{"code":"E14001170","name":"Chorley","centroidLat":53.66838,"centroidLong":-2.61478},"geometry":{"type":"Polygon","coordinates":[[[-2.562,53.747],[-2.54,53.702],[-2.516,53.692],[-2.532,53.665],[-2.511,53.627],[-2.574,53.594],[-2.596,53.611],[-2.623,53.594],[-2.635,53.608],[-2.696,53.605],[-2.699,53.614],[-2.653,53.633],[-2.673,53.665],[-2.718,53.666],[-2.708,53.682],[-2.659,53.681],[-2.677,53.694],[-2.67,53.711],[-2.562,53.747]]]}},{"type":"Feature","properties":{"code":"E14001171","name":"Christchurch","centroidLat":50.79432,"centroidLong":-1.86805},"geometry":{"type":"Polygon","coordinates":[[[-1.882,50.865],[-1.808,50.864],[-1.791,50.836],[-1.812,50.807],[-1.788,50.767],[-1.749,50.779],[-1.744,50.747],[-1.684,50.745],[-1.764,50.723],[-1.771,50.74],[-1.77,50.73],[-1.793,50.731],[-1.851,50.774],[-1.873,50.763],[-1.894,50.78],[-1.937,50.783],[-1.933,50.821],[-1.905,50.823],[-1.882,50.865]],[[-1.761,50.728],[-1.761,50.727],[-1.761,50.727],[-1.761,50.728]],[[-1.762,50.728],[-1.762,50.728],[-1.761,50.728],[-1.762,50.728]],[[-1.763,50.726],[-1.763,50.726],[-1.763,50.726],[-1.763,50.726]],[[-1.763,50.727],[-1.764,50.726],[-1.763,50.726],[-1.763,50.727]],[[-1.764,50.726],[-1.764,50.726],[-1.764,50.726],[-1.764,50.726]],[[-1.764,50.727],[-1.764,50.726],[-1.764,50.726],[-1.764,50.727]],[[-1.774,50.735],[-1.774,50.735],[-1.774,50.735],[-1.774,50.735]],[[-1.774,50.735],[-1.775,50.735],[-1.774,50.735],[-1.774,50.735]]]}},{"type":"Feature","properties":{"code":"E14001172","name":"Cities of London and Westminster","centroidLat":51.51175,"centroidLong":-0.12386},"geometry":{"type":"Polygon","coordinates":[[[-0.16,51.537],[-0.128,51.513],[-0.097,51.523],[-0.073,51.51],[-0.117,51.51],[-0.129,51.488],[-0.15,51.485],[-0.158,51.502],[-0.18,51.498],[-0.171,51.51],[-0.185,51.52],[-0.164,51.525],[-0.189,51.535],[-0.16,51.537]]]}},{"type":"Feature","properties":{"code":"E14001173","name":"City of Durham","centroidLat":54.75526,"centroidLong":-1.61293},"geometry":{"type":"Polygon","coordinates":[[[-1.438,54.801],[-1.469,54.79],[-1.452,54.772],[-1.457,54.747],[-1.494,54.756],[-1.537,54.737],[-1.582,54.75],[-1.595,54.73],[-1.689,54.703],[-1.693,54.691],[-1.676,54.692],[-1.683,54.673],[-1.725,54.686],[-1.729,54.704],[-1.71,54.701],[-1.706,54.714],[-1.736,54.727],[-1.728,54.758],[-1.807,54.747],[-1.881,54.778],[-1.842,54.803],[-1.738,54.791],[-1.655,54.807],[-1.664,54.825],[-1.623,54.811],[-1.504,54.837],[-1.482,54.81],[-1.494,54.8],[-1.438,54.801]]]}},{"type":"Feature","properties":{"code":"E14001174","name":"Clacton","centroidLat":51.85512,"centroidLong":1.149974},"geometry":{"type":"Polygon","coordinates":[[[1.039,51.784],[1.037,51.781],[1.038,51.781],[1.039,51.782],[1.038,51.78],[1.039,51.782],[1.039,51.782],[1.041,51.781],[1.04,51.781],[1.041,51.78],[1.041,51.781],[1.042,51.781],[1.041,51.782],[1.039,51.782],[1.039,51.784],[1.04,51.783],[1.04,51.782],[1.042,51.781],[1.041,51.783],[1.044,51.784],[1.042,51.784],[1.046,51.785],[1.048,51.783],[1.048,51.784],[1.019,51.803],[1.027,51.8],[1.041,51.803],[1.046,51.801],[1.049,51.803],[1.051,51.799],[1.057,51.797],[1.062,51.797],[1.057,51.797],[1.059,51.798],[1.062,51.797],[1.063,51.798],[1.065,51.796],[1.065,51.798],[1.056,51.798],[1.05,51.802],[1.049,51.803],[1.046,51.802],[1.045,51.802],[1.044,51.803],[1.067,51.821],[1.063,51.821],[1.059,51.825],[1.042,51.853],[1.012,51.869],[1.055,51.877],[1.06,51.904],[1.089,51.897],[1.143,51.934],[1.165,51.925],[1.159,51.914],[1.228,51.927],[1.254,51.904],[1.252,51.901],[1.246,51.896],[1.214,51.899],[1.212,51.896],[1.22,51.897],[1.227,51.895],[1.231,51.893],[1.212,51.89],[1.212,51.886],[1.206,51.887],[1.206,51.885],[1.205,51.885],[1.205,51.885],[1.205,51.885],[1.203,51.885],[1.201,51.885],[1.2,51.885],[1.199,51.885],[1.21,51.879],[1.192,51.872],[1.187,51.873],[1.188,51.872],[1.185,51.873],[1.178,51.871],[1.178,51.871],[1.226,51.872],[1.23,51.868],[1.225,51.865],[1.232,51.863],[1.228,51.858],[1.232,51.858],[1.231,51.858],[1.233,51.857],[1.232,51.855],[1.236,51.861],[1.27,51.864],[1.265,51.856],[1.269,51.852],[1.275,51.855],[1.268,51.877],[1.272,51.876],[1.277,51.876],[1.283,51.875],[1.286,51.876],[1.271,51.877],[1.276,51.88],[1.27,51.877],[1.267,51.881],[1.272,51.882],[1.263,51.883],[1.263,51.886],[1.291,51.874],[1.287,51.859],[1.237,51.819],[1.135,51.776],[1.116,51.771],[1.044,51.77],[1.042,51.77],[1.054,51.77],[1.058,51.77],[1.059,51.771],[1.061,51.772],[1.054,51.77],[1.048,51.77],[1.044,51.771],[1.044,51.772],[1.043,51.772],[1.041,51.774],[1.039,51.775],[1.044,51.776],[1.042,51.774],[1.043,51.774],[1.044,51.773],[1.047,51.772],[1.043,51.774],[1.048,51.779],[1.047,51.783],[1.047,51.778],[1.045,51.776],[1.041,51.777],[1.036,51.779],[1.036,51.784],[1.038,51.784],[1.039,51.784]],[[1.039,51.782],[1.039,51.781],[1.039,51.782],[1.039,51.782]],[[1.039,51.781],[1.039,51.781],[1.039,51.781],[1.039,51.781]],[[1.039,51.781],[1.039,51.781],[1.039,51.781],[1.039,51.781]],[[1.04,51.781],[1.04,51.781],[1.039,51.781],[1.04,51.781]],[[1.041,51.781],[1.041,51.781],[1.041,51.781],[1.041,51.781]],[[1.041,51.781],[1.041,51.78],[1.042,51.78],[1.041,51.781]],[[1.042,51.781],[1.042,51.781],[1.042,51.781],[1.042,51.781]],[[1.042,51.781],[1.042,51.781],[1.042,51.781],[1.042,51.781]],[[1.041,51.783],[1.042,51.783],[1.042,51.783],[1.041,51.783]],[[1.042,51.783],[1.044,51.782],[1.044,51.782],[1.042,51.783]],[[1.044,51.782],[1.044,51.782],[1.044,51.782],[1.044,51.782]],[[1.044,51.782],[1.044,51.783],[1.044,51.782],[1.044,51.782]],[[1.045,51.784],[1.045,51.784],[1.045,51.784],[1.045,51.784]],[[1.045,51.784],[1.045,51.783],[1.046,51.783],[1.047,51.783],[1.045,51.784]],[[1.028,51.8],[1.028,51.8],[1.028,51.8],[1.028,51.8]],[[1.027,51.8],[1.028,51.8],[1.028,51.8],[1.027,51.8]],[[1.028,51.8],[1.029,51.799],[1.028,51.8],[1.028,51.8]],[[1.058,51.798],[1.058,51.797],[1.058,51.798],[1.058,51.798]],[[1.062,51.798],[1.062,51.797],[1.062,51.797],[1.062,51.798]],[[1.054,51.8],[1.053,51.8],[1.053,51.8],[1.054,51.8]],[[1.052,51.801],[1.052,51.801],[1.052,51.801],[1.052,51.801]],[[1.051,51.801],[1.051,51.801],[1.052,51.801],[1.051,51.801]],[[1.051,51.802],[1.051,51.802],[1.051,51.801],[1.051,51.802]],[[1.05,51.802],[1.05,51.802],[1.051,51.802],[1.05,51.802]],[[1.05,51.803],[1.05,51.802],[1.05,51.802],[1.05,51.803]],[[1.046,51.803],[1.045,51.803],[1.045,51.803],[1.046,51.803]],[[1.046,51.802],[1.046,51.803],[1.046,51.803],[1.046,51.802]],[[1.046,51.803],[1.046,51.803],[1.046,51.803],[1.046,51.803]],[[1.062,51.81],[1.063,51.811],[1.062,51.81],[1.062,51.81]],[[1.066,51.821],[1.066,51.821],[1.066,51.821],[1.066,51.821]],[[1.068,51.821],[1.067,51.821],[1.066,51.821],[1.068,51.821]],[[1.066,51.821],[1.066,51.821],[1.066,51.821],[1.066,51.821]],[[1.246,51.899],[1.246,51.898],[1.247,51.898],[1.246,51.899]],[[1.244,51.9],[1.245,51.9],[1.244,51.9],[1.244,51.9]],[[1.248,51.901],[1.248,51.901],[1.248,51.901],[1.248,51.901]],[[1.248,51.901],[1.248,51.902],[1.247,51.901],[1.248,51.901]],[[1.242,51.901],[1.242,51.901],[1.242,51.901],[1.242,51.901]],[[1.243,51.901],[1.242,51.902],[1.242,51.901],[1.243,51.901]],[[1.242,51.902],[1.242,51.902],[1.242,51.902],[1.242,51.902]],[[1.241,51.902],[1.24,51.902],[1.241,51.901],[1.241,51.902]],[[1.24,51.902],[1.24,51.902],[1.24,51.902],[1.24,51.902]],[[1.206,51.885],[1.206,51.885],[1.206,51.885],[1.206,51.885]],[[1.205,51.886],[1.205,51.885],[1.206,51.885],[1.205,51.886]],[[1.229,51.869],[1.229,51.869],[1.229,51.869],[1.229,51.869]],[[1.228,51.869],[1.228,51.869],[1.229,51.869],[1.228,51.869]],[[1.228,51.869],[1.227,51.869],[1.229,51.868],[1.228,51.869]],[[1.23,51.863],[1.23,51.863],[1.23,51.863],[1.23,51.863]],[[1.23,51.864],[1.23,51.863],[1.23,51.863],[1.23,51.864]],[[1.233,51.856],[1.233,51.856],[1.233,51.856],[1.233,51.856]],[[1.232,51.856],[1.233,51.856],[1.233,51.856],[1.232,51.856]],[[1.25,51.86],[1.25,51.86],[1.25,51.86],[1.25,51.86]],[[1.249,51.86],[1.25,51.86],[1.25,51.86],[1.249,51.86]],[[1.28,51.876],[1.281,51.877],[1.281,51.877],[1.28,51.876]],[[1.281,51.877],[1.283,51.876],[1.284,51.876],[1.281,51.877]],[[1.283,51.877],[1.283,51.877],[1.283,51.877],[1.283,51.877]],[[1.284,51.877],[1.283,51.877],[1.283,51.877],[1.284,51.877]],[[1.28,51.877],[1.28,51.877],[1.28,51.877],[1.28,51.877]],[[1.28,51.877],[1.279,51.877],[1.28,51.877],[1.28,51.877]],[[1.276,51.879],[1.276,51.879],[1.276,51.879],[1.276,51.879]],[[1.276,51.879],[1.275,51.879],[1.276,51.879],[1.276,51.879]],[[1.274,51.881],[1.274,51.88],[1.274,51.88],[1.274,51.881]],[[1.273,51.881],[1.272,51.881],[1.272,51.881],[1.273,51.881]],[[1.272,51.881],[1.272,51.881],[1.272,51.88],[1.272,51.881]],[[1.272,51.88],[1.272,51.88],[1.272,51.88],[1.272,51.88]],[[1.271,51.881],[1.271,51.88],[1.272,51.88],[1.271,51.881]],[[1.272,51.879],[1.272,51.879],[1.272,51.879],[1.272,51.879]],[[1.271,51.879],[1.271,51.879],[1.272,51.879],[1.271,51.879]],[[1.272,51.879],[1.271,51.879],[1.271,51.879],[1.272,51.879]],[[1.271,51.879],[1.271,51.878],[1.271,51.878],[1.271,51.879]],[[1.271,51.879],[1.271,51.88],[1.27,51.879],[1.271,51.879]],[[1.268,51.88],[1.268,51.88],[1.268,51.88],[1.268,51.88]],[[1.268,51.88],[1.268,51.88],[1.268,51.881],[1.268,51.88]],[[1.268,51.881],[1.268,51.881],[1.268,51.881],[1.268,51.881]],[[1.268,51.881],[1.271,51.881],[1.273,51.881],[1.27,51.882],[1.268,51.881]],[[1.269,51.879],[1.268,51.879],[1.269,51.879],[1.269,51.879]],[[1.267,51.881],[1.268,51.881],[1.268,51.881],[1.267,51.881]],[[1.266,51.884],[1.265,51.885],[1.265,51.885],[1.266,51.884]],[[1.264,51.885],[1.264,51.885],[1.265,51.885],[1.264,51.885]],[[1.264,51.885],[1.264,51.885],[1.264,51.885],[1.264,51.885]],[[1.263,51.885],[1.264,51.885],[1.264,51.885],[1.263,51.885]],[[1.061,51.771],[1.062,51.771],[1.059,51.771],[1.061,51.771]],[[1.061,51.772],[1.061,51.772],[1.061,51.772],[1.061,51.772]],[[1.062,51.772],[1.063,51.771],[1.064,51.771],[1.063,51.772],[1.061,51.772],[1.062,51.772]],[[1.064,51.772],[1.064,51.772],[1.063,51.772],[1.064,51.772]],[[1.065,51.773],[1.066,51.773],[1.067,51.773],[1.072,51.773],[1.073,51.772],[1.078,51.772],[1.073,51.772],[1.072,51.773],[1.065,51.773]],[[1.057,51.771],[1.057,51.771],[1.057,51.771],[1.057,51.771]],[[1.057,51.772],[1.057,51.773],[1.057,51.771],[1.057,51.772]],[[1.056,51.773],[1.056,51.772],[1.056,51.772],[1.056,51.773]],[[1.056,51.773],[1.055,51.772],[1.056,51.772],[1.056,51.773]],[[1.045,51.771],[1.045,51.772],[1.045,51.771],[1.045,51.771]],[[1.048,51.771],[1.048,51.771],[1.045,51.771],[1.048,51.771]],[[1.041,51.773],[1.041,51.774],[1.041,51.774],[1.041,51.773]],[[1.041,51.773],[1.043,51.773],[1.043,51.773],[1.042,51.773],[1.041,51.773]],[[1.046,51.776],[1.046,51.776],[1.046,51.777],[1.046,51.776]],[[1.046,51.776],[1.045,51.775],[1.046,51.776],[1.046,51.776]],[[1.046,51.776],[1.047,51.777],[1.047,51.777],[1.046,51.776]],[[1.048,51.777],[1.048,51.777],[1.048,51.777],[1.048,51.777]],[[1.048,51.777],[1.048,51.777],[1.048,51.777],[1.048,51.777]],[[1.046,51.783],[1.046,51.783],[1.046,51.783],[1.046,51.783]],[[1.046,51.783],[1.047,51.783],[1.048,51.783],[1.047,51.783],[1.046,51.783]],[[1.048,51.783],[1.048,51.783],[1.047,51.783],[1.048,51.783]],[[1.048,51.783],[1.048,51.783],[1.048,51.783],[1.048,51.783]],[[1.046,51.779],[1.046,51.779],[1.047,51.779],[1.046,51.779]],[[1.046,51.779],[1.046,51.779],[1.046,51.779],[1.046,51.779]],[[1.046,51.779],[1.046,51.779],[1.046,51.778],[1.046,51.779]],[[1.045,51.779],[1.045,51.779],[1.046,51.779],[1.045,51.779]],[[1.046,51.778],[1.045,51.778],[1.046,51.777],[1.046,51.778]],[[1.045,51.778],[1.045,51.778],[1.045,51.778],[1.045,51.778]],[[1.045,51.778],[1.045,51.778],[1.045,51.778],[1.045,51.778]],[[1.045,51.778],[1.044,51.778],[1.045,51.778],[1.045,51.778]],[[1.039,51.779],[1.039,51.779],[1.039,51.779],[1.039,51.779]],[[1.039,51.779],[1.039,51.779],[1.039,51.779],[1.039,51.779]],[[1.037,51.779],[1.037,51.779],[1.037,51.779],[1.037,51.779]],[[1.039,51.779],[1.04,51.78],[1.037,51.779],[1.039,51.779]],[[1.038,51.78],[1.038,51.78],[1.038,51.78],[1.038,51.78]],[[1.039,51.78],[1.04,51.78],[1.038,51.78],[1.039,51.78]],[[1.039,51.78],[1.038,51.78],[1.038,51.78],[1.039,51.78]],[[1.038,51.783],[1.038,51.784],[1.038,51.784],[1.038,51.783]],[[1.251,51.901],[1.251,51.901],[1.251,51.901],[1.251,51.901]],[[1.266,51.862],[1.267,51.862],[1.266,51.862],[1.266,51.862]]]}},{"type":"Feature","properties":{"code":"E14001175","name":"Clapham and Brixton Hill","centroidLat":51.45857,"centroidLong":-0.12952},"geometry":{"type":"Polygon","coordinates":[[[-0.113,51.47],[-0.109,51.44],[-0.144,51.442],[-0.151,51.468],[-0.113,51.47]]]}},{"type":"Feature","properties":{"code":"W07000094","name":"Clwyd East","centroidLat":53.15106,"centroidLong":-3.24695},"geometry":{"type":"Polygon","coordinates":[[[-3.193,53.284],[-3.209,53.264],[-3.148,53.232],[-3.151,53.22],[-3.079,53.201],[-3.102,53.167],[-3.055,53.145],[-3.052,53.128],[-3.133,53.131],[-3.173,53.111],[-3.146,53.104],[-3.152,53.093],[-3.127,53.069],[-3.148,53.044],[-3.131,53.024],[-3.149,52.999],[-3.087,52.98],[-3.079,52.962],[-3.198,52.944],[-3.243,52.955],[-3.214,52.972],[-3.254,53.003],[-3.425,53.003],[-3.404,53.036],[-3.341,53.051],[-3.303,53.09],[-3.349,53.123],[-3.392,53.122],[-3.357,53.149],[-3.367,53.169],[-3.356,53.187],[-3.444,53.269],[-3.431,53.312],[-3.447,53.333],[-3.314,53.356],[-3.308,53.354],[-3.307,53.351],[-3.312,53.342],[-3.298,53.332],[-3.193,53.284]],[[-3.309,53.352],[-3.309,53.352],[-3.309,53.352],[-3.309,53.352]],[[-3.31,53.353],[-3.311,53.354],[-3.311,53.354],[-3.31,53.353]],[[-3.31,53.352],[-3.31,53.352],[-3.31,53.352],[-3.31,53.352]],[[-3.31,53.352],[-3.31,53.352],[-3.31,53.352],[-3.31,53.352]],[[-3.311,53.346],[-3.311,53.346],[-3.311,53.346],[-3.311,53.346]],[[-3.312,53.346],[-3.311,53.346],[-3.311,53.346],[-3.312,53.346]]]}},{"type":"Feature","properties":{"code":"W07000095","name":"Clwyd North","centroidLat":53.24496,"centroidLong":-3.47593},"geometry":{"type":"Polygon","coordinates":[[[-3.356,53.188],[-3.43,53.158],[-3.46,53.164],[-3.474,53.176],[-3.466,53.221],[-3.559,53.255],[-3.552,53.268],[-3.684,53.278],[-3.747,53.268],[-3.776,53.286],[-3.757,53.317],[-3.715,53.295],[-3.616,53.29],[-3.507,53.317],[-3.511,53.313],[-3.508,53.309],[-3.5,53.305],[-3.498,53.301],[-3.486,53.299],[-3.483,53.296],[-3.476,53.294],[-3.473,53.291],[-3.462,53.286],[-3.46,53.286],[-3.459,53.284],[-3.461,53.283],[-3.46,53.279],[-3.458,53.284],[-3.459,53.286],[-3.509,53.313],[-3.447,53.333],[-3.431,53.312],[-3.444,53.269],[-3.385,53.226],[-3.356,53.188]],[[-3.501,53.304],[-3.501,53.304],[-3.5,53.304],[-3.501,53.304]],[[-3.501,53.304],[-3.5,53.303],[-3.501,53.304],[-3.501,53.304]],[[-3.477,53.293],[-3.477,53.293],[-3.477,53.293],[-3.477,53.293]],[[-3.477,53.293],[-3.478,53.292],[-3.477,53.293],[-3.477,53.293]],[[-3.46,53.279],[-3.46,53.279],[-3.46,53.279],[-3.46,53.279]],[[-3.46,53.279],[-3.456,53.278],[-3.452,53.278],[-3.46,53.279]]]}},{"type":"Feature","properties":{"code":"S14000070","name":"Coatbridge and Bellshill","centroidLat":55.86847,"centroidLong":-4.052},"geometry":{"type":"Polygon","coordinates":[[[-4.003,55.93],[-4.022,55.883],[-4.0,55.875],[-3.993,55.804],[-4.047,55.797],[-4.041,55.809],[-4.107,55.835],[-4.075,55.844],[-4.088,55.855],[-4.072,55.861],[-4.082,55.884],[-4.106,55.884],[-4.084,55.895],[-4.111,55.923],[-4.003,55.93]]]}},{"type":"Feature","properties":{"code":"E14001176","name":"Colchester","centroidLat":51.88682,"centroidLong":0.900077},"geometry":{"type":"Polygon","coordinates":[[[0.936,51.878],[0.915,51.891],[0.92,51.845],[0.899,51.843],[0.867,51.852],[0.845,51.897],[0.889,51.926],[0.929,51.927],[0.957,51.904],[0.936,51.878]]]}},{"type":"Feature","properties":{"code":"E14001177","name":"Colne Valley","centroidLat":53.59663,"centroidLong":-1.87177},"geometry":{"type":"Polygon","coordinates":[[[-1.777,53.614],[-1.755,53.6],[-1.76,53.587],[-1.704,53.56],[-1.84,53.52],[-1.873,53.54],[-1.91,53.538],[-2.009,53.617],[-1.817,53.673],[-1.801,53.666],[-1.839,53.619],[-1.83,53.608],[-1.777,53.614]]]}},{"type":"Feature","properties":{"code":"E14001178","name":"Congleton","centroidLat":53.16587,"centroidLong":-2.29277},"geometry":{"type":"Polygon","coordinates":[[[-2.309,53.246],[-2.302,53.225],[-2.228,53.2],[-2.211,53.179],[-2.143,53.188],[-2.141,53.157],[-2.156,53.16],[-2.247,53.09],[-2.293,53.078],[-2.335,53.087],[-2.334,53.102],[-2.391,53.127],[-2.454,53.126],[-2.456,53.16],[-2.437,53.173],[-2.369,53.183],[-2.413,53.221],[-2.396,53.234],[-2.364,53.224],[-2.34,53.252],[-2.309,53.246]]]}},{"type":"Feature","properties":{"code":"E14001179","name":"Corby and East Northamptonshire","centroidLat":52.47362,"centroidLong":-0.54241},"geometry":{"type":"Polygon","coordinates":[[[-0.495,52.64],[-0.471,52.618],[-0.498,52.587],[-0.479,52.574],[-0.415,52.579],[-0.407,52.564],[-0.42,52.559],[-0.401,52.539],[-0.413,52.526],[-0.354,52.507],[-0.342,52.467],[-0.372,52.437],[-0.362,52.434],[-0.439,52.386],[-0.496,52.38],[-0.499,52.36],[-0.465,52.323],[-0.558,52.317],[-0.635,52.333],[-0.614,52.42],[-0.628,52.435],[-0.659,52.434],[-0.664,52.454],[-0.632,52.465],[-0.634,52.479],[-0.673,52.484],[-0.738,52.458],[-0.722,52.505],[-0.742,52.517],[-0.661,52.569],[-0.581,52.596],[-0.544,52.593],[-0.54,52.626],[-0.495,52.64]]]}},{"type":"Feature","properties":{"code":"E14001180","name":"Coventry East","centroidLat":52.43637,"centroidLong":-1.46814},"geometry":{"type":"Polygon","coordinates":[[[-1.463,52.376],[-1.482,52.39],[-1.46,52.417],[-1.485,52.406],[-1.487,52.421],[-1.513,52.421],[-1.493,52.458],[-1.424,52.433],[-1.431,52.397],[-1.463,52.376]]]}},{"type":"Feature","properties":{"code":"E14001181","name":"Coventry North West","centroidLat":52.43276,"centroidLong":-1.55584},"geometry":{"type":"Polygon","coordinates":[[[-1.5,52.451],[-1.509,52.413],[-1.527,52.402],[-1.591,52.401],[-1.614,52.428],[-1.595,52.44],[-1.594,52.461],[-1.5,52.451]]]}},{"type":"Feature","properties":{"code":"E14001182","name":"Coventry South","centroidLat":52.39277,"centroidLong":-1.53732},"geometry":{"type":"Polygon","coordinates":[[[-1.463,52.376],[-1.525,52.379],[-1.552,52.364],[-1.568,52.385],[-1.603,52.39],[-1.606,52.407],[-1.541,52.401],[-1.498,52.42],[-1.485,52.406],[-1.46,52.417],[-1.482,52.39],[-1.463,52.376]]]}},{"type":"Feature","properties":{"code":"S14000071","name":"Cowdenbeath and Kirkcaldy","centroidLat":56.07987,"centroidLong":-3.27747},"geometry":{"type":"Polygon","coordinates":[[[-3.109,56.133],[-3.124,56.121],[-3.151,56.117],[-3.174,56.063],[-3.265,56.06],[-3.35,56.027],[-3.396,56.029],[-3.392,56.006],[-3.41,56.015],[-3.389,56.072],[-3.433,56.1],[-3.336,56.141],[-3.321,56.111],[-3.137,56.153],[-3.117,56.153],[-3.109,56.133]],[[-3.149,56.117],[-3.149,56.118],[-3.149,56.117],[-3.149,56.117]]]}},{"type":"Feature","properties":{"code":"E14001183","name":"Cramlington and Killingworth","centroidLat":55.0655,"centroidLong":-1.56243},"geometry":{"type":"Polygon","coordinates":[[[-1.495,55.102],[-1.462,55.074],[-1.492,55.066],[-1.488,55.054],[-1.508,55.048],[-1.49,55.039],[-1.529,55.013],[-1.559,55.012],[-1.55,55.025],[-1.586,55.039],[-1.689,55.04],[-1.714,55.065],[-1.648,55.079],[-1.634,55.065],[-1.647,55.105],[-1.619,55.114],[-1.495,55.102]]]}},{"type":"Feature","properties":{"code":"E14001184","name":"Crawley","centroidLat":51.12357,"centroidLong":-0.19533},"geometry":{"type":"Polygon","coordinates":[[[-0.14,51.16],[-0.14,51.108],[-0.196,51.085],[-0.237,51.109],[-0.2,51.139],[-0.256,51.141],[-0.179,51.167],[-0.14,51.16]]]}},{"type":"Feature","properties":{"code":"E14001185","name":"Crewe and Nantwich","centroidLat":53.08128,"centroidLong":-2.419},"geometry":{"type":"Polygon","coordinates":[[[-2.317,53.081],[-2.361,53.054],[-2.475,53.06],[-2.476,53.04],[-2.497,53.036],[-2.54,53.06],[-2.503,53.09],[-2.502,53.124],[-2.391,53.127],[-2.317,53.081]]]}},{"type":"Feature","properties":{"code":"E14001186","name":"Croydon East","centroidLat":51.36164,"centroidLong":-0.04434},"geometry":{"type":"Polygon","coordinates":[[[-0.053,51.401],[0.002,51.329],[-0.038,51.339],[-0.055,51.321],[-0.078,51.348],[-0.061,51.358],[-0.064,51.376],[-0.092,51.378],[-0.053,51.401]]]}},{"type":"Feature","properties":{"code":"E14001187","name":"Croydon South","centroidLat":51.3237,"centroidLong":-0.10848},"geometry":{"type":"Polygon","coordinates":[[[-0.056,51.322],[-0.124,51.287],[-0.162,51.32],[-0.093,51.372],[-0.064,51.376],[-0.061,51.358],[-0.078,51.348],[-0.056,51.322]]]}},{"type":"Feature","properties":{"code":"E14001188","name":"Croydon West","centroidLat":51.38206,"centroidLong":-0.09755},"geometry":{"type":"Polygon","coordinates":[[[-0.06,51.399],[-0.074,51.399],[-0.117,51.345],[-0.134,51.391],[-0.11,51.405],[-0.06,51.399]]]}},{"type":"Feature","properties":{"code":"S14000072","name":"Cumbernauld and Kirkintilloch","centroidLat":55.95841,"centroidLong":-4.01786},"geometry":{"type":"Polygon","coordinates":[[[-4.02,56.028],[-4.03,56.01],[-3.988,56.008],[-3.975,55.991],[-3.985,55.983],[-3.946,55.982],[-3.936,55.962],[-3.86,55.959],[-3.915,55.927],[-4.111,55.923],[-4.084,55.895],[-4.129,55.883],[-4.164,55.884],[-4.162,55.898],[-4.193,55.908],[-4.114,55.929],[-4.158,55.944],[-4.111,55.961],[-4.152,56.008],[-4.096,56.028],[-4.02,56.028]]]}},{"type":"Feature","properties":{"code":"E14001189","name":"Dagenham and Rainham","centroidLat":51.52789,"centroidLong":0.18386},"geometry":{"type":"Polygon","coordinates":[[[0.203,51.556],[0.245,51.519],[0.189,51.488],[0.143,51.515],[0.14,51.541],[0.156,51.551],[0.124,51.562],[0.147,51.576],[0.203,51.556]]]}},{"type":"Feature","properties":{"code":"E14001190","name":"Darlington","centroidLat":54.56218,"centroidLong":-1.62204},"geometry":{"type":"Polygon","coordinates":[[[-1.619,54.619],[-1.606,54.603],[-1.584,54.61],[-1.583,54.581],[-1.526,54.596],[-1.497,54.587],[-1.494,54.575],[-1.541,54.559],[-1.505,54.552],[-1.518,54.536],[-1.502,54.521],[-1.53,54.505],[-1.582,54.507],[-1.697,54.536],[-1.705,54.549],[-1.691,54.556],[-1.709,54.574],[-1.679,54.586],[-1.682,54.618],[-1.619,54.619]]]}},{"type":"Feature","properties":{"code":"E14001191","name":"Dartford","centroidLat":51.43373,"centroidLong":0.245276},"geometry":{"type":"Polygon","coordinates":[[[0.315,51.465],[0.337,51.387],[0.246,51.408],[0.215,51.434],[0.149,51.412],[0.173,51.443],[0.21,51.462],[0.212,51.455],[0.216,51.453],[0.218,51.48],[0.275,51.454],[0.315,51.465]]]}},{"type":"Feature","properties":{"code":"E14001192","name":"Daventry","centroidLat":52.28879,"centroidLong":-0.97351},"geometry":{"type":"Polygon","coordinates":[[[-0.901,52.46],[-0.904,52.442],[-0.864,52.434],[-0.887,52.423],[-0.891,52.399],[-0.841,52.393],[-0.789,52.347],[-0.696,52.364],[-0.681,52.328],[-0.761,52.306],[-0.683,52.28],[-0.737,52.247],[-0.791,52.242],[-0.828,52.281],[-0.989,52.258],[-1.066,52.227],[-1.038,52.196],[-1.083,52.194],[-1.096,52.179],[-1.127,52.186],[-1.129,52.168],[-1.158,52.17],[-1.137,52.146],[-1.228,52.135],[-1.252,52.102],[-1.332,52.168],[-1.313,52.19],[-1.255,52.198],[-1.285,52.238],[-1.216,52.264],[-1.234,52.29],[-1.209,52.315],[-1.265,52.328],[-1.175,52.356],[-1.202,52.397],[-1.149,52.397],[-1.084,52.436],[-1.05,52.422],[-1.034,52.436],[-1.045,52.446],[-1.001,52.471],[-0.952,52.477],[-0.901,52.46]]]}},{"type":"Feature","properties":{"code":"E14001193","name":"Derby North","centroidLat":52.92161,"centroidLong":-1.51918},"geometry":{"type":"Polygon","coordinates":[[[-1.441,52.911],[-1.483,52.926],[-1.489,52.905],[-1.523,52.887],[-1.557,52.915],[-1.468,52.956],[-1.416,52.931],[-1.441,52.911]]]}},{"type":"Feature","properties":{"code":"E14001194","name":"Derby South","centroidLat":52.8941,"centroidLong":-1.46239},"geometry":{"type":"Polygon","coordinates":[[[-1.483,52.926],[-1.403,52.9],[-1.424,52.865],[-1.494,52.87],[-1.523,52.887],[-1.489,52.905],[-1.483,52.926]]]}},{"type":"Feature","properties":{"code":"E14001195","name":"Derbyshire Dales","centroidLat":53.10013,"centroidLong":-1.68829},"geometry":{"type":"Polygon","coordinates":[[[-1.633,53.321],[-1.579,53.287],[-1.585,53.263],[-1.557,53.25],[-1.572,53.241],[-1.569,53.223],[-1.516,53.203],[-1.548,53.2],[-1.548,53.182],[-1.463,53.114],[-1.472,53.099],[-1.458,53.083],[-1.488,53.064],[-1.48,53.049],[-1.514,53.043],[-1.493,53.004],[-1.523,52.996],[-1.547,53.018],[-1.572,53.024],[-1.567,53.013],[-1.602,52.986],[-1.571,52.967],[-1.613,52.944],[-1.65,52.944],[-1.655,52.906],[-1.631,52.906],[-1.608,52.881],[-1.607,52.867],[-1.635,52.853],[-1.833,52.887],[-1.854,52.93],[-1.83,52.946],[-1.827,52.977],[-1.762,53.0],[-1.757,53.031],[-1.785,53.05],[-1.776,53.059],[-1.794,53.088],[-1.784,53.103],[-1.821,53.136],[-1.816,53.159],[-1.919,53.218],[-1.832,53.198],[-1.831,53.211],[-1.874,53.227],[-1.844,53.25],[-1.79,53.256],[-1.823,53.303],[-1.761,53.338],[-1.73,53.339],[-1.728,53.319],[-1.7,53.324],[-1.671,53.349],[-1.662,53.391],[-1.664,53.367],[-1.591,53.346],[-1.633,53.321]]]}},{"type":"Feature","properties":{"code":"E14001196","name":"Dewsbury and Batley","centroidLat":53.67596,"centroidLong":-1.64114},"geometry":{"type":"Polygon","coordinates":[[[-1.632,53.731],[-1.571,53.707],[-1.615,53.678],[-1.59,53.661],[-1.625,53.654],[-1.61,53.628],[-1.704,53.622],[-1.706,53.656],[-1.661,53.663],[-1.678,53.675],[-1.661,53.685],[-1.654,53.717],[-1.665,53.722],[-1.632,53.731]]]}},{"type":"Feature","properties":{"code":"E14001197","name":"Didcot and Wantage","centroidLat":51.62669,"centroidLong":-1.30573},"geometry":{"type":"Polygon","coordinates":[[[-1.188,51.717],[-1.157,51.696],[-1.18,51.67],[-1.18,51.636],[-1.114,51.612],[-1.14,51.543],[-1.159,51.535],[-1.256,51.537],[-1.329,51.564],[-1.344,51.543],[-1.427,51.546],[-1.471,51.529],[-1.515,51.551],[-1.57,51.547],[-1.596,51.596],[-1.582,51.615],[-1.556,51.617],[-1.573,51.636],[-1.539,51.665],[-1.463,51.645],[-1.497,51.623],[-1.479,51.617],[-1.444,51.643],[-1.421,51.636],[-1.312,51.663],[-1.287,51.653],[-1.278,51.669],[-1.227,51.676],[-1.241,51.725],[-1.222,51.711],[-1.188,51.717]]]}},{"type":"Feature","properties":{"code":"E14001198","name":"Doncaster Central","centroidLat":53.47544,"centroidLong":-1.12475},"geometry":{"type":"Polygon","coordinates":[[[-1.088,53.565],[-1.022,53.54],[-1.002,53.55],[-0.995,53.535],[-1.069,53.521],[-1.075,53.496],[-1.098,53.497],[-1.077,53.491],[-1.101,53.47],[-1.06,53.457],[-1.057,53.425],[-1.087,53.426],[-1.112,53.406],[-1.17,53.435],[-1.238,53.433],[-1.254,53.443],[-1.17,53.458],[-1.164,53.517],[-1.088,53.565]]]}},{"type":"Feature","properties":{"code":"E14001199","name":"Doncaster East and the Isle of Axholme","centroidLat":53.55332,"centroidLong":-0.89716},"geometry":{"type":"Polygon","coordinates":[[[-0.798,53.455],[-0.916,53.46],[-0.9,53.475],[-0.936,53.503],[-0.986,53.472],[-0.996,53.437],[-1.057,53.425],[-1.06,53.457],[-1.103,53.474],[-1.077,53.491],[-1.098,53.497],[-1.063,53.508],[-1.069,53.521],[-0.995,53.535],[-1.002,53.55],[-1.022,53.54],[-1.045,53.559],[-1.042,53.58],[-0.977,53.612],[-0.99,53.659],[-0.848,53.633],[-0.698,53.685],[-0.69,53.673],[-0.715,53.633],[-0.701,53.613],[-0.733,53.605],[-0.748,53.568],[-0.743,53.511],[-0.798,53.455]]]}},{"type":"Feature","properties":{"code":"E14001200","name":"Doncaster North","centroidLat":53.57392,"centroidLong":-1.16598},"geometry":{"type":"MultiPolygon","coordinates":[[[[-1.045,53.559],[-1.082,53.567],[-1.081,53.572],[-1.083,53.584],[-1.091,53.592],[-1.072,53.594],[-1.064,53.596],[-1.052,53.601],[-1.033,53.602],[-0.995,53.612],[-0.988,53.616],[-0.982,53.622],[-0.986,53.603],[-1.042,53.58],[-1.045,53.559]]],[[[-1.081,53.572],[-1.211,53.488],[-1.287,53.489],[-1.313,53.513],[-1.281,53.516],[-1.276,53.53],[-1.349,53.583],[-1.308,53.575],[-1.258,53.592],[-1.248,53.616],[-1.217,53.624],[-1.216,53.642],[-1.135,53.633],[-1.122,53.647],[-0.991,53.661],[-0.985,53.619],[-1.087,53.595],[-1.091,53.592],[-1.091,53.591],[-1.081,53.572]]]]}},{"type":"Feature","properties":{"code":"E14001201","name":"Dorking and Horley","centroidLat":51.2053,"centroidLong":-0.29468},"geometry":{"type":"Polygon","coordinates":[[[-0.36,51.312],[-0.33,51.276],[-0.273,51.293],[-0.266,51.261],[-0.227,51.256],[-0.251,51.227],[-0.233,51.213],[-0.156,51.211],[-0.153,51.226],[-0.136,51.212],[-0.144,51.187],[-0.129,51.163],[-0.179,51.167],[-0.273,51.131],[-0.419,51.105],[-0.417,51.125],[-0.45,51.132],[-0.464,51.172],[-0.444,51.184],[-0.408,51.176],[-0.41,51.193],[-0.438,51.21],[-0.426,51.23],[-0.435,51.24],[-0.397,51.238],[-0.387,51.265],[-0.398,51.312],[-0.36,51.312]]]}},{"type":"Feature","properties":{"code":"E14001202","name":"Dover and Deal","centroidLat":51.18095,"centroidLong":1.287481},"geometry":{"type":"Polygon","coordinates":[[[1.394,51.257],[1.402,51.167],[1.343,51.122],[1.311,51.119],[1.328,51.111],[1.204,51.097],[1.197,51.118],[1.171,51.125],[1.208,51.157],[1.144,51.166],[1.154,51.191],[1.195,51.184],[1.221,51.205],[1.186,51.218],[1.206,51.246],[1.261,51.227],[1.294,51.257],[1.394,51.257]]]}},{"type":"Feature","properties":{"code":"E14001203","name":"Droitwich and Evesham","centroidLat":52.18414,"centroidLong":-2.09977},"geometry":{"type":"Polygon","coordinates":[[[-2.143,52.347],[-2.136,52.331],[-2.152,52.321],[-2.136,52.294],[-2.15,52.275],[-2.11,52.264],[-2.102,52.242],[-2.068,52.243],[-1.994,52.206],[-2.026,52.17],[-1.983,52.151],[-1.986,52.121],[-1.929,52.11],[-1.885,52.156],[-1.854,52.139],[-1.84,52.153],[-1.757,52.116],[-1.813,52.079],[-1.874,52.07],[-1.83,52.039],[-1.835,52.009],[-1.941,52.052],[-1.929,52.064],[-1.938,52.07],[-1.99,52.07],[-2.017,52.092],[-2.02,52.081],[-2.031,52.078],[-2.039,52.071],[-2.042,52.07],[-2.035,52.097],[-2.071,52.102],[-2.062,52.129],[-2.113,52.116],[-2.138,52.125],[-2.152,52.107],[-2.196,52.125],[-2.165,52.143],[-2.19,52.146],[-2.203,52.167],[-2.171,52.185],[-2.157,52.213],[-2.222,52.231],[-2.243,52.222],[-2.231,52.249],[-2.275,52.271],[-2.26,52.328],[-2.272,52.333],[-2.246,52.361],[-2.225,52.36],[-2.19,52.329],[-2.171,52.332],[-2.17,52.317],[-2.143,52.347]]]}},{"type":"Feature","properties":{"code":"E14001204","name":"Dudley","centroidLat":52.51996,"centroidLong":-2.10674},"geometry":{"type":"Polygon","coordinates":[[[-2.122,52.557],[-2.057,52.512],[-2.07,52.492],[-2.096,52.505],[-2.133,52.482],[-2.159,52.505],[-2.122,52.557]]]}},{"type":"Feature","properties":{"code":"E14001205","name":"Dulwich and West Norwood","centroidLat":51.44489,"centroidLong":-0.09021},"geometry":{"type":"Polygon","coordinates":[[[-0.113,51.47],[-0.074,51.469],[-0.086,51.456],[-0.064,51.444],[-0.079,51.42],[-0.118,51.433],[-0.106,51.439],[-0.113,51.47]]]}},{"type":"Feature","properties":{"code":"S14000073","name":"Dumfries and Galloway","centroidLat":54.9835,"centroidLong":-4.30279},"geometry":{"type":"Polygon","coordinates":[[[-4.987,55.011],[-4.923,55.066],[-4.895,55.061],[-4.885,55.039],[-4.802,55.044],[-4.789,55.031],[-4.634,55.051],[-4.625,55.068],[-4.662,55.09],[-4.658,55.12],[-4.565,55.158],[-4.479,55.153],[-4.456,55.171],[-4.443,55.168],[-4.439,55.138],[-4.421,55.144],[-4.395,55.199],[-4.377,55.201],[-4.355,55.264],[-4.301,55.31],[-4.25,55.306],[-4.233,55.323],[-4.146,55.284],[-4.092,55.303],[-4.064,55.269],[-4.009,55.249],[-4.009,55.233],[-3.806,55.193],[-3.775,55.156],[-3.741,55.164],[-3.719,55.137],[-3.651,55.131],[-3.606,55.095],[-3.577,55.114],[-3.542,55.087],[-3.571,55.079],[-3.557,55.069],[-3.569,55.062],[-3.513,54.992],[-3.437,54.989],[-3.452,54.976],[-3.471,54.968],[-3.476,54.967],[-3.485,54.967],[-3.487,54.966],[-3.523,54.965],[-3.555,54.977],[-3.56,54.98],[-3.573,54.997],[-3.578,55.015],[-3.604,55.033],[-3.603,55.059],[-3.61,55.066],[-3.615,55.068],[-3.604,55.058],[-3.614,55.053],[-3.608,55.047],[-3.606,55.034],[-3.611,55.034],[-3.606,55.026],[-3.601,55.029],[-3.598,55.023],[-3.592,55.024],[-3.581,55.014],[-3.591,54.998],[-3.576,54.981],[-3.597,54.981],[-3.606,54.974],[-3.584,54.975],[-3.59,54.925],[-3.572,54.924],[-3.563,54.907],[-3.595,54.873],[-3.7,54.881],[-3.697,54.884],[-3.694,54.883],[-3.688,54.884],[-3.695,54.886],[-3.692,54.888],[-3.691,54.886],[-3.69,54.886],[-3.689,54.888],[-3.688,54.887],[-3.685,54.888],[-3.686,54.891],[-3.685,54.888],[-3.689,54.888],[-3.69,54.886],[-3.691,54.888],[-3.69,54.888],[-3.69,54.889],[-3.728,54.88],[-3.743,54.864],[-3.788,54.853],[-3.813,54.872],[-3.813,54.895],[-3.837,54.894],[-3.821,54.903],[-3.82,54.907],[-3.824,54.912],[-3.822,54.915],[-3.822,54.917],[-3.82,54.917],[-3.819,54.918],[-3.826,54.926],[-3.841,54.929],[-3.82,54.918],[-3.823,54.917],[-3.825,54.912],[-3.822,54.903],[-3.84,54.896],[-3.835,54.891],[-3.828,54.89],[-3.828,54.888],[-3.82,54.887],[-3.826,54.861],[-3.807,54.846],[-3.843,54.868],[-3.845,54.864],[-3.851,54.863],[-3.852,54.865],[-3.853,54.864],[-3.857,54.866],[-3.859,54.865],[-3.835,54.846],[-3.864,54.846],[-3.825,54.824],[-3.985,54.769],[-4.065,54.781],[-4.046,54.815],[-4.072,54.818],[-4.042,54.847],[-4.049,54.854],[-4.034,54.859],[-4.048,54.867],[-4.051,54.849],[-4.045,54.846],[-4.091,54.814],[-4.09,54.782],[-4.106,54.778],[-4.09,54.774],[-4.106,54.767],[-4.122,54.788],[-4.16,54.78],[-4.18,54.809],[-4.22,54.825],[-4.223,54.849],[-4.187,54.877],[-4.19,54.879],[-4.185,54.879],[-4.185,54.88],[-4.186,54.881],[-4.185,54.885],[-4.186,54.886],[-4.257,54.837],[-4.3,54.843],[-4.383,54.878],[-4.382,54.901],[-4.394,54.899],[-4.4,54.904],[-4.396,54.91],[-4.398,54.918],[-4.414,54.92],[-4.421,54.924],[-4.417,54.932],[-4.419,54.934],[-4.417,54.933],[-4.415,54.932],[-4.41,54.934],[-4.409,54.936],[-4.409,54.936],[-4.411,54.937],[-4.414,54.936],[-4.41,54.939],[-4.413,54.941],[-4.41,54.941],[-4.414,54.944],[-4.413,54.945],[-4.41,54.944],[-4.409,54.945],[-4.407,54.954],[-4.409,54.944],[-4.413,54.945],[-4.414,54.944],[-4.414,54.936],[-4.409,54.936],[-4.419,54.935],[-4.418,54.932],[-4.436,54.935],[-4.445,54.933],[-4.451,54.937],[-4.442,54.938],[-4.444,54.944],[-4.474,54.95],[-4.445,54.944],[-4.456,54.935],[-4.454,54.935],[-4.45,54.934],[-4.445,54.93],[-4.425,54.932],[-4.422,54.92],[-4.402,54.916],[-4.399,54.914],[-4.405,54.899],[-4.425,54.888],[-4.405,54.898],[-4.402,54.898],[-4.395,54.894],[-4.426,54.883],[-4.421,54.872],[-4.431,54.864],[-4.435,54.869],[-4.435,54.858],[-4.481,54.862],[-4.45,54.855],[-4.428,54.856],[-4.422,54.864],[-4.414,54.828],[-4.341,54.799],[-4.369,54.793],[-4.36,54.778],[-4.371,54.772],[-4.355,54.767],[-4.367,54.723],[-4.35,54.709],[-4.393,54.677],[-4.544,54.723],[-4.601,54.777],[-4.709,54.824],[-4.782,54.832],[-4.816,54.866],[-4.819,54.862],[-4.834,54.863],[-4.856,54.87],[-4.874,54.865],[-4.875,54.869],[-4.878,54.869],[-4.878,54.87],[-4.879,54.87],[-4.885,54.867],[-4.885,54.866],[-4.885,54.864],[-4.85,54.861],[-4.923,54.834],[-4.936,54.833],[-4.961,54.804],[-4.906,54.701],[-4.867,54.682],[-4.884,54.654],[-4.853,54.637],[-4.875,54.633],[-4.965,54.664],[-4.973,54.69],[-4.948,54.7],[-4.967,54.718],[-4.957,54.729],[-4.993,54.735],[-4.987,54.75],[-5.004,54.755],[-5.011,54.783],[-5.138,54.851],[-5.185,54.915],[-5.186,54.975],[-5.173,54.995],[-5.1,55.018],[-5.061,54.968],[-5.075,54.964],[-5.062,54.924],[-5.03,54.906],[-4.997,54.912],[-4.996,54.936],[-5.04,54.998],[-4.987,55.011]],[[-3.479,54.982],[-3.48,54.981],[-3.479,54.982],[-3.479,54.982]],[[-3.48,54.981],[-3.479,54.98],[-3.48,54.981],[-3.48,54.981]],[[-3.449,54.987],[-3.449,54.987],[-3.449,54.987],[-3.449,54.987]],[[-3.45,54.987],[-3.449,54.986],[-3.449,54.987],[-3.45,54.987]],[[-3.443,54.985],[-3.443,54.985],[-3.443,54.985],[-3.443,54.985]],[[-3.443,54.985],[-3.443,54.985],[-3.443,54.985],[-3.443,54.985]],[[-3.443,54.985],[-3.443,54.985],[-3.443,54.985],[-3.443,54.985]],[[-3.444,54.985],[-3.443,54.985],[-3.443,54.985],[-3.444,54.985]],[[-3.444,54.986],[-3.444,54.985],[-3.444,54.985],[-3.444,54.986]],[[-3.444,54.986],[-3.444,54.986],[-3.444,54.986],[-3.444,54.986]],[[-3.445,54.987],[-3.445,54.987],[-3.445,54.987],[-3.445,54.987]],[[-3.445,54.985],[-3.446,54.986],[-3.446,54.985],[-3.445,54.985]],[[-3.446,54.985],[-3.446,54.985],[-3.446,54.985],[-3.446,54.985]],[[-3.445,54.985],[-3.446,54.984],[-3.445,54.985],[-3.445,54.985]],[[-3.446,54.985],[-3.446,54.985],[-3.446,54.985],[-3.446,54.985]],[[-3.447,54.985],[-3.447,54.985],[-3.446,54.985],[-3.447,54.985]],[[-3.447,54.985],[-3.448,54.984],[-3.447,54.985],[-3.447,54.985]],[[-3.449,54.984],[-3.449,54.983],[-3.448,54.984],[-3.449,54.984]],[[-3.449,54.983],[-3.449,54.983],[-3.449,54.983],[-3.449,54.983]],[[-3.45,54.984],[-3.45,54.983],[-3.449,54.983],[-3.45,54.984]],[[-3.45,54.983],[-3.45,54.983],[-3.45,54.983],[-3.45,54.983]],[[-3.45,54.983],[-3.451,54.982],[-3.45,54.983],[-3.45,54.983]],[[-3.444,54.984],[-3.443,54.985],[-3.443,54.985],[-3.444,54.984]],[[-3.477,54.968],[-3.477,54.967],[-3.477,54.967],[-3.477,54.968]],[[-3.477,54.968],[-3.479,54.968],[-3.48,54.969],[-3.479,54.968],[-3.477,54.968],[-3.477,54.968],[-3.477,54.968]],[[-3.493,54.967],[-3.493,54.967],[-3.493,54.967],[-3.493,54.967]],[[-3.494,54.968],[-3.494,54.968],[-3.493,54.967],[-3.494,54.968]],[[-3.5,54.969],[-3.502,54.968],[-3.502,54.968],[-3.5,54.969]],[[-3.527,54.969],[-3.527,54.969],[-3.527,54.969],[-3.527,54.969]],[[-3.527,54.97],[-3.528,54.97],[-3.527,54.969],[-3.527,54.97]],[[-3.529,54.97],[-3.528,54.97],[-3.528,54.97],[-3.529,54.97]],[[-3.549,54.977],[-3.551,54.977],[-3.551,54.977],[-3.549,54.977]],[[-3.558,54.98],[-3.557,54.98],[-3.559,54.981],[-3.558,54.98]],[[-3.594,55.028],[-3.594,55.028],[-3.594,55.028],[-3.594,55.028]],[[-3.596,55.028],[-3.593,55.027],[-3.593,55.027],[-3.596,55.028]],[[-3.611,55.035],[-3.612,55.035],[-3.611,55.035],[-3.611,55.035]],[[-3.609,55.036],[-3.609,55.036],[-3.612,55.036],[-3.612,55.036],[-3.609,55.036]],[[-3.611,55.036],[-3.611,55.036],[-3.612,55.036],[-3.611,55.036]],[[-3.613,55.036],[-3.614,55.037],[-3.613,55.036],[-3.613,55.035],[-3.611,55.036],[-3.613,55.036]],[[-3.613,55.036],[-3.613,55.036],[-3.613,55.036],[-3.613,55.036]],[[-3.613,55.037],[-3.613,55.037],[-3.612,55.038],[-3.612,55.038],[-3.613,55.037]],[[-3.612,55.038],[-3.612,55.038],[-3.612,55.038],[-3.612,55.038]],[[-3.616,55.037],[-3.615,55.038],[-3.616,55.038],[-3.616,55.037]],[[-3.616,55.038],[-3.616,55.037],[-3.616,55.037],[-3.616,55.038]],[[-3.616,55.038],[-3.617,55.038],[-3.617,55.038],[-3.616,55.038]],[[-3.604,55.026],[-3.604,55.026],[-3.604,55.026],[-3.604,55.026]],[[-3.607,55.024],[-3.606,55.023],[-3.607,55.023],[-3.606,55.023],[-3.606,55.023],[-3.607,55.024],[-3.604,55.026],[-3.607,55.024]],[[-3.607,55.023],[-3.607,55.023],[-3.607,55.023],[-3.607,55.023]],[[-3.607,55.023],[-3.607,55.023],[-3.607,55.023],[-3.607,55.023]],[[-3.609,55.023],[-3.609,55.023],[-3.607,55.023],[-3.609,55.023]],[[-3.609,55.024],[-3.609,55.024],[-3.609,55.023],[-3.609,55.024]],[[-3.609,55.024],[-3.61,55.024],[-3.61,55.024],[-3.609,55.024]],[[-3.61,55.024],[-3.61,55.023],[-3.61,55.023],[-3.61,55.024]],[[-3.611,55.023],[-3.61,55.023],[-3.61,55.023],[-3.611,55.023]],[[-3.591,55.022],[-3.591,55.022],[-3.59,55.022],[-3.591,55.022]],[[-3.591,55.022],[-3.591,55.022],[-3.591,55.022],[-3.591,55.022]],[[-3.591,55.021],[-3.591,55.021],[-3.591,55.022],[-3.591,55.021]],[[-3.592,55.021],[-3.593,55.021],[-3.591,55.021],[-3.592,55.021]],[[-3.593,55.021],[-3.593,55.021],[-3.593,55.021],[-3.593,55.021]],[[-3.592,55.021],[-3.592,55.02],[-3.593,55.021],[-3.592,55.021]],[[-3.588,55.019],[-3.588,55.019],[-3.588,55.019],[-3.588,55.019]],[[-3.588,55.019],[-3.588,55.019],[-3.588,55.019],[-3.588,55.019]],[[-3.588,55.019],[-3.588,55.019],[-3.588,55.019],[-3.588,55.019]],[[-3.588,55.019],[-3.588,55.018],[-3.59,55.018],[-3.588,55.018],[-3.588,55.019]],[[-3.591,55.018],[-3.591,55.018],[-3.59,55.018],[-3.591,55.018]],[[-3.591,55.018],[-3.591,55.017],[-3.591,55.018],[-3.591,55.018]],[[-3.588,55.018],[-3.588,55.018],[-3.588,55.019],[-3.588,55.018]],[[-3.588,55.018],[-3.587,55.018],[-3.588,55.018],[-3.588,55.018]],[[-3.588,55.018],[-3.588,55.018],[-3.588,55.018],[-3.588,55.018]],[[-3.585,55.017],[-3.585,55.017],[-3.585,55.017],[-3.585,55.017]],[[-3.586,55.017],[-3.586,55.017],[-3.585,55.017],[-3.586,55.017]],[[-3.587,55.017],[-3.586,55.017],[-3.586,55.017],[-3.587,55.017]],[[-3.587,55.017],[-3.588,55.017],[-3.587,55.017],[-3.587,55.017]],[[-3.586,55.015],[-3.585,55.016],[-3.585,55.016],[-3.586,55.015]],[[-3.587,55.014],[-3.587,55.014],[-3.586,55.015],[-3.587,55.014]],[[-3.584,55.012],[-3.583,55.012],[-3.583,55.012],[-3.584,55.012]],[[-3.584,55.012],[-3.586,55.013],[-3.584,55.012],[-3.584,55.012]],[[-3.595,54.972],[-3.594,54.972],[-3.595,54.972],[-3.595,54.972]],[[-3.586,54.923],[-3.588,54.924],[-3.588,54.924],[-3.586,54.923]],[[-3.586,54.923],[-3.588,54.922],[-3.588,54.922],[-3.586,54.923]],[[-3.588,54.922],[-3.587,54.922],[-3.588,54.922],[-3.588,54.922]],[[-3.586,54.922],[-3.586,54.922],[-3.585,54.922],[-3.586,54.922]],[[-3.583,54.921],[-3.585,54.922],[-3.585,54.922],[-3.583,54.921]],[[-3.626,54.877],[-3.626,54.877],[-3.626,54.877],[-3.626,54.877]],[[-3.626,54.877],[-3.627,54.877],[-3.626,54.877],[-3.626,54.877]],[[-3.698,54.883],[-3.698,54.883],[-3.698,54.883],[-3.698,54.883]],[[-3.697,54.882],[-3.697,54.883],[-3.698,54.883],[-3.697,54.882]],[[-3.697,54.883],[-3.697,54.883],[-3.697,54.883],[-3.697,54.883]],[[-3.697,54.883],[-3.697,54.882],[-3.696,54.882],[-3.697,54.883],[-3.697,54.883]],[[-3.687,54.886],[-3.687,54.887],[-3.687,54.887],[-3.687,54.886]],[[-3.684,54.889],[-3.684,54.889],[-3.684,54.889],[-3.684,54.889]],[[-3.682,54.89],[-3.682,54.889],[-3.681,54.891],[-3.682,54.89]],[[-3.682,54.889],[-3.681,54.889],[-3.682,54.889],[-3.682,54.889]],[[-3.681,54.889],[-3.681,54.889],[-3.681,54.889],[-3.681,54.889]],[[-3.681,54.891],[-3.681,54.891],[-3.681,54.891],[-3.681,54.891]],[[-3.682,54.891],[-3.682,54.891],[-3.683,54.891],[-3.682,54.891]],[[-3.683,54.892],[-3.683,54.892],[-3.683,54.892],[-3.683,54.892]],[[-3.682,54.892],[-3.682,54.892],[-3.683,54.892],[-3.682,54.892]],[[-3.682,54.892],[-3.682,54.893],[-3.682,54.892],[-3.682,54.892]],[[-3.682,54.892],[-3.68,54.89],[-3.679,54.891],[-3.682,54.892]],[[-3.679,54.89],[-3.679,54.89],[-3.68,54.89],[-3.679,54.89]],[[-3.678,54.891],[-3.677,54.891],[-3.676,54.891],[-3.678,54.891]],[[-3.676,54.891],[-3.676,54.891],[-3.676,54.891],[-3.676,54.891]],[[-3.677,54.891],[-3.675,54.894],[-3.678,54.892],[-3.677,54.891]],[[-3.691,54.888],[-3.691,54.888],[-3.691,54.888],[-3.691,54.888]],[[-3.69,54.888],[-3.69,54.888],[-3.691,54.888],[-3.69,54.888]],[[-3.824,54.926],[-3.825,54.926],[-3.825,54.926],[-3.824,54.926]],[[-3.823,54.926],[-3.823,54.927],[-3.824,54.927],[-3.823,54.928],[-3.823,54.929],[-3.826,54.929],[-3.823,54.929],[-3.825,54.927],[-3.823,54.926]],[[-3.825,54.903],[-3.825,54.903],[-3.825,54.903],[-3.825,54.903]],[[-3.825,54.903],[-3.827,54.903],[-3.825,54.903],[-3.825,54.903]],[[-3.827,54.904],[-3.827,54.903],[-3.827,54.903],[-3.827,54.904]],[[-3.859,54.865],[-3.859,54.865],[-3.859,54.865],[-3.859,54.865]],[[-3.859,54.865],[-3.86,54.864],[-3.86,54.863],[-3.859,54.864],[-3.859,54.865]],[[-3.861,54.864],[-3.861,54.864],[-3.86,54.864],[-3.861,54.864]],[[-3.86,54.866],[-3.86,54.865],[-3.86,54.866],[-3.859,54.866],[-3.86,54.866]],[[-3.858,54.866],[-3.858,54.866],[-3.859,54.866],[-3.858,54.866]],[[-3.859,54.866],[-3.858,54.866],[-3.859,54.867],[-3.859,54.866]],[[-4.05,54.867],[-4.05,54.867],[-4.05,54.867],[-4.05,54.867]],[[-4.185,54.879],[-4.184,54.879],[-4.185,54.879],[-4.185,54.879]],[[-4.184,54.879],[-4.184,54.878],[-4.184,54.879],[-4.184,54.879]],[[-4.397,54.903],[-4.397,54.903],[-4.398,54.903],[-4.397,54.903]],[[-4.397,54.903],[-4.396,54.903],[-4.395,54.903],[-4.396,54.903],[-4.397,54.903]],[[-4.398,54.905],[-4.397,54.905],[-4.398,54.905],[-4.398,54.905]],[[-4.398,54.918],[-4.399,54.92],[-4.398,54.918],[-4.398,54.918]],[[-4.406,54.919],[-4.406,54.92],[-4.406,54.919],[-4.406,54.919]],[[-4.406,54.92],[-4.407,54.92],[-4.406,54.92],[-4.406,54.92]],[[-4.409,54.939],[-4.409,54.939],[-4.41,54.939],[-4.409,54.939]],[[-4.409,54.939],[-4.409,54.939],[-4.409,54.939],[-4.409,54.939]],[[-4.408,54.939],[-4.409,54.939],[-4.409,54.939],[-4.408,54.939]],[[-4.408,54.938],[-4.406,54.939],[-4.405,54.939],[-4.403,54.939],[-4.405,54.939],[-4.407,54.938],[-4.408,54.939],[-4.408,54.938]],[[-4.411,54.946],[-4.412,54.947],[-4.411,54.946],[-4.411,54.946]],[[-4.436,54.935],[-4.436,54.936],[-4.436,54.935],[-4.436,54.935]],[[-4.436,54.936],[-4.438,54.937],[-4.438,54.937],[-4.436,54.936]],[[-4.438,54.937],[-4.438,54.937],[-4.438,54.937],[-4.438,54.937]],[[-4.439,54.937],[-4.439,54.937],[-4.439,54.938],[-4.439,54.937]],[[-4.439,54.938],[-4.439,54.938],[-4.439,54.938],[-4.439,54.938]],[[-4.439,54.938],[-4.439,54.939],[-4.439,54.938],[-4.439,54.938]],[[-4.455,54.935],[-4.452,54.934],[-4.452,54.934],[-4.455,54.935]],[[-4.445,54.93],[-4.444,54.929],[-4.445,54.93],[-4.445,54.93]],[[-4.404,54.916],[-4.404,54.916],[-4.404,54.916],[-4.404,54.916]],[[-4.406,54.916],[-4.405,54.916],[-4.404,54.916],[-4.406,54.916]],[[-4.404,54.915],[-4.402,54.915],[-4.402,54.915],[-4.404,54.915]],[[-4.423,54.89],[-4.424,54.89],[-4.423,54.89],[-4.423,54.89]],[[-4.424,54.89],[-4.424,54.891],[-4.426,54.89],[-4.428,54.891],[-4.43,54.891],[-4.43,54.892],[-4.43,54.892],[-4.43,54.891],[-4.428,54.891],[-4.426,54.89],[-4.424,54.89]],[[-4.431,54.892],[-4.431,54.892],[-4.43,54.892],[-4.431,54.892]],[[-4.434,54.895],[-4.43,54.893],[-4.431,54.895],[-4.434,54.895]],[[-4.432,54.895],[-4.432,54.895],[-4.433,54.895],[-4.432,54.895]],[[-4.433,54.896],[-4.432,54.896],[-4.434,54.897],[-4.433,54.896]],[[-4.432,54.897],[-4.434,54.897],[-4.434,54.897],[-4.432,54.897]],[[-4.432,54.897],[-4.433,54.899],[-4.433,54.899],[-4.432,54.897]],[[-4.433,54.899],[-4.434,54.899],[-4.433,54.899],[-4.433,54.899]],[[-4.436,54.898],[-4.437,54.897],[-4.434,54.899],[-4.436,54.898]],[[-4.425,54.888],[-4.426,54.888],[-4.425,54.888],[-4.425,54.888]],[[-4.426,54.888],[-4.429,54.886],[-4.426,54.888],[-4.426,54.888]],[[-4.425,54.887],[-4.424,54.888],[-4.424,54.888],[-4.425,54.887]],[[-4.404,54.898],[-4.403,54.898],[-4.403,54.898],[-4.404,54.898]],[[-4.405,54.898],[-4.404,54.898],[-4.404,54.898],[-4.405,54.898]],[[-4.401,54.897],[-4.401,54.897],[-4.401,54.897],[-4.401,54.897]],[[-4.402,54.898],[-4.402,54.898],[-4.401,54.897],[-4.402,54.898]],[[-4.402,54.898],[-4.402,54.898],[-4.402,54.898],[-4.402,54.898]],[[-4.402,54.898],[-4.405,54.898],[-4.405,54.897],[-4.402,54.898]],[[-4.401,54.896],[-4.402,54.896],[-4.4,54.896],[-4.401,54.896]],[[-4.404,54.897],[-4.404,54.897],[-4.402,54.896],[-4.404,54.897]],[[-4.403,54.896],[-4.403,54.896],[-4.403,54.896],[-4.403,54.896]],[[-4.404,54.896],[-4.403,54.896],[-4.403,54.896],[-4.404,54.896]],[[-4.408,54.89],[-4.408,54.89],[-4.408,54.889],[-4.408,54.89]],[[-4.408,54.891],[-4.408,54.891],[-4.408,54.89],[-4.408,54.891]],[[-4.408,54.891],[-4.408,54.891],[-4.408,54.891],[-4.408,54.891]],[[-4.408,54.891],[-4.408,54.892],[-4.406,54.893],[-4.408,54.892],[-4.408,54.891]],[[-4.412,54.89],[-4.412,54.89],[-4.411,54.89],[-4.412,54.89]],[[-4.412,54.89],[-4.413,54.891],[-4.414,54.89],[-4.412,54.89]],[[-4.412,54.891],[-4.412,54.891],[-4.412,54.891],[-4.412,54.891]],[[-4.411,54.892],[-4.41,54.892],[-4.41,54.893],[-4.411,54.892]],[[-4.41,54.892],[-4.41,54.892],[-4.41,54.892],[-4.41,54.892]],[[-4.409,54.892],[-4.409,54.893],[-4.41,54.892],[-4.409,54.892]],[[-4.408,54.893],[-4.408,54.894],[-4.409,54.893],[-4.408,54.893]],[[-4.413,54.891],[-4.413,54.891],[-4.413,54.891],[-4.413,54.891]],[[-4.413,54.891],[-4.413,54.892],[-4.413,54.892],[-4.413,54.891]],[[-4.413,54.891],[-4.414,54.891],[-4.413,54.891],[-4.413,54.891]],[[-4.413,54.889],[-4.412,54.889],[-4.413,54.889],[-4.413,54.889]],[[-4.414,54.889],[-4.415,54.89],[-4.416,54.89],[-4.414,54.889],[-4.413,54.889],[-4.414,54.889]],[[-4.415,54.89],[-4.416,54.891],[-4.415,54.89],[-4.415,54.89]],[[-4.414,54.889],[-4.414,54.889],[-4.413,54.888],[-4.414,54.889]],[[-4.415,54.889],[-4.415,54.889],[-4.414,54.889],[-4.415,54.889]],[[-4.416,54.888],[-4.416,54.888],[-4.416,54.888],[-4.416,54.888]],[[-4.417,54.889],[-4.418,54.889],[-4.416,54.888],[-4.417,54.889]],[[-4.422,54.885],[-4.422,54.885],[-4.422,54.885],[-4.422,54.885]],[[-4.422,54.886],[-4.423,54.886],[-4.422,54.885],[-4.422,54.886]],[[-4.422,54.886],[-4.422,54.886],[-4.422,54.886],[-4.422,54.886]],[[-4.422,54.885],[-4.423,54.885],[-4.422,54.885],[-4.422,54.885]],[[-4.423,54.885],[-4.423,54.885],[-4.423,54.885],[-4.423,54.885]],[[-4.424,54.885],[-4.424,54.884],[-4.423,54.885],[-4.424,54.885]],[[-4.423,54.885],[-4.425,54.885],[-4.424,54.885],[-4.423,54.885]],[[-4.424,54.884],[-4.424,54.884],[-4.424,54.884],[-4.424,54.884]],[[-4.424,54.884],[-4.426,54.885],[-4.425,54.884],[-4.424,54.884]],[[-4.424,54.884],[-4.424,54.884],[-4.424,54.884],[-4.424,54.884]],[[-4.426,54.883],[-4.426,54.883],[-4.426,54.883],[-4.426,54.883]],[[-4.426,54.883],[-4.428,54.884],[-4.426,54.883],[-4.426,54.883]],[[-4.427,54.873],[-4.427,54.873],[-4.427,54.873],[-4.427,54.873]],[[-4.428,54.873],[-4.429,54.873],[-4.427,54.873],[-4.428,54.873]],[[-4.426,54.869],[-4.426,54.869],[-4.426,54.869],[-4.426,54.869]],[[-4.428,54.869],[-4.429,54.869],[-4.426,54.869],[-4.428,54.869]],[[-4.428,54.869],[-4.43,54.87],[-4.428,54.869],[-4.428,54.869]],[[-4.428,54.856],[-4.428,54.856],[-4.428,54.856],[-4.428,54.856]],[[-4.429,54.855],[-4.431,54.855],[-4.431,54.854],[-4.431,54.854],[-4.429,54.853],[-4.431,54.853],[-4.432,54.853],[-4.428,54.848],[-4.429,54.855]],[[-4.432,54.853],[-4.432,54.853],[-4.432,54.853],[-4.432,54.853]],[[-4.432,54.853],[-4.434,54.852],[-4.436,54.851],[-4.432,54.852],[-4.432,54.853]],[[-4.429,54.848],[-4.428,54.848],[-4.428,54.848],[-4.429,54.848]],[[-4.432,54.847],[-4.436,54.846],[-4.429,54.848],[-4.432,54.847]],[[-4.421,54.852],[-4.424,54.852],[-4.421,54.852],[-4.421,54.852]],[[-4.423,54.849],[-4.42,54.849],[-4.42,54.85],[-4.423,54.849]],[[-4.419,54.841],[-4.417,54.841],[-4.417,54.841],[-4.419,54.841]],[[-4.419,54.841],[-4.42,54.841],[-4.419,54.841],[-4.419,54.841]],[[-4.419,54.838],[-4.417,54.838],[-4.417,54.838],[-4.419,54.838]],[[-4.369,54.787],[-4.368,54.787],[-4.368,54.787],[-4.369,54.787]],[[-4.817,54.866],[-4.818,54.867],[-4.817,54.866],[-4.817,54.866]],[[-4.818,54.867],[-4.818,54.867],[-4.818,54.867],[-4.818,54.867]],[[-4.818,54.867],[-4.819,54.867],[-4.818,54.867],[-4.818,54.867]],[[-4.82,54.867],[-4.822,54.865],[-4.819,54.867],[-4.82,54.867]],[[-4.886,54.867],[-4.886,54.867],[-4.885,54.867],[-4.886,54.867]],[[-4.886,54.867],[-4.887,54.868],[-4.886,54.867],[-4.886,54.867]],[[-4.886,54.865],[-4.885,54.865],[-4.885,54.864],[-4.886,54.865]],[[-4.885,54.865],[-4.885,54.865],[-4.885,54.865],[-4.885,54.865]],[[-4.885,54.865],[-4.886,54.866],[-4.886,54.865],[-4.885,54.865]],[[-4.886,54.866],[-4.886,54.866],[-4.886,54.866],[-4.886,54.866]],[[-4.886,54.866],[-4.886,54.866],[-4.886,54.866],[-4.886,54.866]],[[-4.886,54.866],[-4.887,54.866],[-4.886,54.866],[-4.886,54.866]],[[-4.886,54.866],[-4.887,54.866],[-4.886,54.866],[-4.886,54.866]],[[-4.928,54.835],[-4.929,54.835],[-4.929,54.835],[-4.928,54.835]],[[-4.941,54.828],[-4.941,54.828],[-4.941,54.827],[-4.941,54.828]],[[-4.941,54.828],[-4.942,54.828],[-4.941,54.828],[-4.941,54.828]],[[-4.408,54.954],[-4.408,54.954],[-4.407,54.954],[-4.408,54.954]],[[-4.408,54.955],[-4.408,54.955],[-4.408,54.955],[-4.408,54.955]],[[-4.411,54.957],[-4.411,54.957],[-4.41,54.958],[-4.411,54.957]]]}},{"type":"Feature","properties":{"code":"S14000074","name":"Dumfriesshire, Clydesdale and Tweeddale","centroidLat":55.38097,"centroidLong":-3.49461},"geometry":{"type":"Polygon","coordinates":[[[-3.093,55.721],[-3.011,55.696],[-2.953,55.631],[-2.92,55.616],[-2.98,55.628],[-2.97,55.605],[-2.985,55.585],[-3.012,55.589],[-3.023,55.57],[-3.055,55.564],[-3.074,55.591],[-3.094,55.554],[-3.123,55.546],[-3.187,55.572],[-3.272,55.517],[-3.306,55.527],[-3.353,55.498],[-3.357,55.475],[-3.325,55.442],[-3.244,55.428],[-3.303,55.394],[-3.318,55.348],[-3.292,55.342],[-3.223,55.376],[-3.175,55.347],[-3.113,55.357],[-3.047,55.296],[-3.055,55.281],[-3.043,55.272],[-2.996,55.269],[-2.962,55.29],[-2.904,55.285],[-2.885,55.263],[-2.921,55.237],[-2.864,55.236],[-2.905,55.174],[-2.857,55.11],[-2.959,55.049],[-3.051,55.053],[-3.026,55.036],[-3.056,54.987],[-3.081,54.986],[-3.075,54.981],[-3.149,54.964],[-3.206,54.978],[-3.241,54.968],[-3.247,54.973],[-3.265,54.969],[-3.268,54.97],[-3.276,54.979],[-3.265,54.988],[-3.268,54.991],[-3.26,54.996],[-3.261,54.998],[-3.263,54.999],[-3.279,54.979],[-3.268,54.966],[-3.294,54.969],[-3.309,54.975],[-3.31,54.975],[-3.317,54.977],[-3.331,54.979],[-3.335,54.979],[-3.336,54.98],[-3.408,54.974],[-3.43,54.988],[-3.432,54.994],[-3.46,54.981],[-3.487,54.982],[-3.513,54.992],[-3.569,55.062],[-3.557,55.069],[-3.571,55.079],[-3.542,55.084],[-3.567,55.109],[-3.595,55.114],[-3.606,55.095],[-3.651,55.131],[-3.719,55.137],[-3.741,55.164],[-3.775,55.156],[-3.806,55.193],[-4.009,55.233],[-4.017,55.255],[-4.064,55.269],[-4.075,55.295],[-4.122,55.314],[-4.086,55.351],[-4.107,55.369],[-4.091,55.412],[-4.003,55.437],[-4.017,55.447],[-3.987,55.461],[-4.026,55.492],[-3.957,55.556],[-3.997,55.564],[-4.008,55.574],[-3.927,55.595],[-3.898,55.617],[-3.846,55.605],[-3.838,55.616],[-3.852,55.628],[-3.762,55.631],[-3.74,55.653],[-3.703,55.661],[-3.71,55.674],[-3.759,55.679],[-3.751,55.686],[-3.627,55.742],[-3.569,55.74],[-3.529,55.783],[-3.472,55.771],[-3.439,55.785],[-3.426,55.811],[-3.369,55.824],[-3.345,55.793],[-3.294,55.796],[-3.274,55.775],[-3.185,55.802],[-3.154,55.761],[-3.163,55.753],[-3.144,55.74],[-3.146,55.72],[-3.128,55.71],[-3.093,55.721]],[[-3.081,54.986],[-3.081,54.986],[-3.081,54.986],[-3.081,54.986]],[[-3.083,54.987],[-3.082,54.987],[-3.081,54.986],[-3.083,54.987]],[[-3.089,54.979],[-3.091,54.978],[-3.091,54.978],[-3.089,54.979]],[[-3.205,54.978],[-3.206,54.978],[-3.206,54.978],[-3.205,54.978]],[[-3.259,54.972],[-3.259,54.972],[-3.259,54.972],[-3.259,54.972]],[[-3.258,54.972],[-3.259,54.973],[-3.259,54.972],[-3.258,54.972]],[[-3.337,54.981],[-3.337,54.981],[-3.336,54.98],[-3.337,54.981]],[[-3.337,54.981],[-3.338,54.981],[-3.337,54.981],[-3.337,54.981]],[[-3.412,54.978],[-3.412,54.978],[-3.412,54.978],[-3.412,54.978]],[[-3.41,54.978],[-3.411,54.978],[-3.412,54.978],[-3.41,54.978]],[[-3.414,54.979],[-3.414,54.979],[-3.414,54.979],[-3.414,54.979]],[[-3.414,54.979],[-3.413,54.979],[-3.415,54.979],[-3.414,54.979]],[[-3.424,54.986],[-3.424,54.986],[-3.424,54.986],[-3.424,54.986]],[[-3.424,54.987],[-3.424,54.987],[-3.424,54.986],[-3.424,54.987]],[[-3.459,54.986],[-3.459,54.986],[-3.459,54.986],[-3.459,54.986]],[[-3.459,54.986],[-3.461,54.986],[-3.459,54.986],[-3.459,54.986]],[[-3.456,54.983],[-3.457,54.983],[-3.456,54.983],[-3.456,54.983]]]}},{"type":"Feature","properties":{"code":"S14000075","name":"Dundee Central","centroidLat":56.47688,"centroidLong":-3.00917},"geometry":{"type":"Polygon","coordinates":[[[-2.968,56.495],[-2.909,56.468],[-3.04,56.451],[-3.087,56.462],[-3.098,56.479],[-3.051,56.483],[-3.052,56.497],[-3.032,56.502],[-2.968,56.495]]]}},{"type":"Feature","properties":{"code":"S14000076","name":"Dunfermline and Dollar","centroidLat":56.10983,"centroidLong":-3.56928},"geometry":{"type":"Polygon","coordinates":[[[-3.603,56.205],[-3.571,56.193],[-3.648,56.16],[-3.64,56.134],[-3.581,56.139],[-3.564,56.16],[-3.54,56.146],[-3.396,56.142],[-3.393,56.114],[-3.433,56.1],[-3.402,56.091],[-3.388,56.069],[-3.409,56.035],[-3.403,56.015],[-3.547,56.04],[-3.576,56.059],[-3.594,56.046],[-3.685,56.048],[-3.738,56.078],[-3.718,56.099],[-3.772,56.119],[-3.697,56.145],[-3.712,56.154],[-3.681,56.177],[-3.697,56.182],[-3.693,56.194],[-3.603,56.205]]]}},{"type":"Feature","properties":{"code":"E14001206","name":"Dunstable and Leighton Buzzard","centroidLat":51.91912,"centroidLong":-0.5953},"geometry":{"type":"Polygon","coordinates":[[[-0.492,51.906],[-0.506,51.901],[-0.484,51.888],[-0.513,51.87],[-0.571,51.899],[-0.616,51.889],[-0.632,51.909],[-0.659,51.894],[-0.702,51.909],[-0.651,51.968],[-0.591,51.934],[-0.519,51.938],[-0.492,51.906]]]}},{"type":"Feature","properties":{"code":"W07000096","name":"Dwyfor Meirionnydd","centroidLat":52.87286,"centroidLong":-3.75884},"geometry":{"type":"Polygon","coordinates":[[[-4.332,53.113],[-4.308,53.107],[-4.312,53.127],[-4.274,53.133],[-4.244,53.17],[-4.205,53.192],[-4.169,53.191],[-4.117,53.177],[-4.098,53.151],[-4.059,53.14],[-4.039,53.102],[-3.987,53.084],[-3.977,53.065],[-3.997,53.038],[-3.992,53.014],[-3.899,53.021],[-3.888,53.012],[-3.897,52.995],[-3.82,52.95],[-3.607,53.012],[-3.611,52.996],[-3.583,52.968],[-3.503,52.966],[-3.455,52.998],[-3.379,52.994],[-3.337,53.011],[-3.289,52.995],[-3.254,53.003],[-3.214,52.971],[-3.245,52.959],[-3.244,52.947],[-3.314,52.947],[-3.389,52.876],[-3.483,52.865],[-3.505,52.842],[-3.586,52.828],[-3.609,52.796],[-3.584,52.739],[-3.602,52.705],[-3.684,52.694],[-3.709,52.671],[-3.808,52.678],[-3.841,52.651],[-3.842,52.6],[-3.883,52.577],[-3.915,52.579],[-3.932,52.554],[-4.067,52.542],[-4.126,52.608],[-4.104,52.599],[-4.09,52.604],[-4.129,52.612],[-4.095,52.668],[-4.057,52.687],[-4.059,52.708],[-4.05,52.715],[-4.057,52.705],[-4.011,52.713],[-3.951,52.751],[-3.938,52.748],[-3.918,52.757],[-3.917,52.756],[-3.917,52.754],[-3.915,52.752],[-3.916,52.752],[-3.915,52.75],[-3.914,52.75],[-3.904,52.752],[-3.901,52.756],[-3.918,52.757],[-3.937,52.749],[-3.95,52.753],[-4.023,52.736],[-4.052,52.716],[-4.151,52.808],[-4.152,52.815],[-4.133,52.826],[-4.141,52.818],[-4.108,52.827],[-4.129,52.827],[-4.119,52.848],[-4.145,52.894],[-4.14,52.897],[-4.132,52.898],[-4.13,52.896],[-4.121,52.898],[-4.123,52.896],[-4.123,52.895],[-4.12,52.898],[-4.115,52.897],[-4.11,52.9],[-4.098,52.901],[-4.078,52.897],[-4.072,52.908],[-4.079,52.902],[-4.086,52.903],[-4.074,52.915],[-4.068,52.918],[-4.063,52.918],[-4.063,52.918],[-4.063,52.916],[-4.061,52.916],[-4.056,52.923],[-4.044,52.927],[-4.038,52.936],[-4.005,52.936],[-3.995,52.942],[-3.999,52.945],[-3.991,52.946],[-3.989,52.948],[-4.037,52.937],[-4.046,52.928],[-4.104,52.909],[-4.127,52.929],[-4.152,52.906],[-4.285,52.917],[-4.264,52.911],[-4.316,52.909],[-4.327,52.892],[-4.407,52.892],[-4.417,52.887],[-4.396,52.883],[-4.477,52.858],[-4.47,52.848],[-4.506,52.825],[-4.487,52.795],[-4.528,52.778],[-4.543,52.786],[-4.536,52.8],[-4.601,52.825],[-4.644,52.8],[-4.721,52.803],[-4.732,52.782],[-4.768,52.795],[-4.723,52.836],[-4.726,52.854],[-4.696,52.859],[-4.65,52.906],[-4.567,52.949],[-4.52,52.94],[-4.437,52.999],[-4.41,52.998],[-4.354,53.033],[-4.336,53.079],[-4.347,53.114],[-4.319,53.122],[-4.33,53.117],[-4.332,53.113]],[[-4.322,53.102],[-4.322,53.102],[-4.322,53.102],[-4.322,53.102]],[[-4.322,53.101],[-4.321,53.101],[-4.322,53.102],[-4.322,53.101]],[[-4.322,53.101],[-4.322,53.101],[-4.322,53.101],[-4.322,53.101]],[[-4.323,53.1],[-4.322,53.101],[-4.322,53.101],[-4.323,53.1]],[[-4.323,53.1],[-4.323,53.1],[-4.323,53.1],[-4.323,53.1]],[[-4.323,53.1],[-4.323,53.1],[-4.322,53.1],[-4.323,53.1]],[[-4.321,53.102],[-4.321,53.102],[-4.321,53.102],[-4.321,53.102]],[[-4.32,53.101],[-4.32,53.102],[-4.319,53.102],[-4.32,53.101]],[[-4.318,53.101],[-4.318,53.101],[-4.318,53.101],[-4.318,53.101]],[[-4.319,53.101],[-4.318,53.101],[-4.319,53.102],[-4.319,53.101]],[[-4.318,53.101],[-4.319,53.101],[-4.318,53.1],[-4.318,53.101]],[[-4.319,53.1],[-4.319,53.101],[-4.319,53.101],[-4.319,53.1]],[[-4.319,53.1],[-4.319,53.1],[-4.318,53.1],[-4.319,53.1]],[[-4.319,53.1],[-4.319,53.1],[-4.319,53.1],[-4.319,53.1],[-4.319,53.1]],[[-4.32,53.1],[-4.32,53.1],[-4.32,53.1],[-4.32,53.1]],[[-4.32,53.101],[-4.32,53.1],[-4.32,53.1],[-4.32,53.101]],[[-4.321,53.1],[-4.321,53.1],[-4.321,53.1],[-4.321,53.1]],[[-3.915,52.579],[-3.915,52.579],[-3.915,52.579],[-3.915,52.579]],[[-3.917,52.579],[-3.917,52.579],[-3.918,52.58],[-3.917,52.579]],[[-3.936,52.556],[-3.936,52.556],[-3.936,52.556],[-3.936,52.556]],[[-3.935,52.555],[-3.935,52.556],[-3.936,52.556],[-3.935,52.555]],[[-3.949,52.561],[-3.947,52.56],[-3.947,52.56],[-3.949,52.561]],[[-3.955,52.561],[-3.955,52.56],[-3.955,52.56],[-3.955,52.561]],[[-3.933,52.749],[-3.933,52.749],[-3.933,52.749],[-3.933,52.749]],[[-3.932,52.749],[-3.931,52.751],[-3.933,52.749],[-3.932,52.749]],[[-3.931,52.753],[-3.931,52.753],[-3.931,52.753],[-3.931,52.753]],[[-3.931,52.753],[-3.932,52.754],[-3.931,52.753],[-3.931,52.753]],[[-4.141,52.818],[-4.141,52.818],[-4.141,52.818],[-4.141,52.818]],[[-4.141,52.817],[-4.141,52.817],[-4.141,52.818],[-4.141,52.817]],[[-4.14,52.818],[-4.14,52.817],[-4.14,52.818],[-4.14,52.818]],[[-4.14,52.817],[-4.14,52.818],[-4.14,52.818],[-4.14,52.817]],[[-4.14,52.817],[-4.14,52.818],[-4.14,52.818],[-4.14,52.817]],[[-4.139,52.817],[-4.139,52.818],[-4.139,52.818],[-4.139,52.817]],[[-4.139,52.817],[-4.139,52.817],[-4.138,52.816],[-4.139,52.817]],[[-4.14,52.817],[-4.14,52.817],[-4.139,52.817],[-4.14,52.817]],[[-4.14,52.817],[-4.14,52.815],[-4.14,52.817],[-4.14,52.817]],[[-4.137,52.818],[-4.137,52.818],[-4.137,52.818],[-4.137,52.818]],[[-4.137,52.818],[-4.136,52.818],[-4.137,52.818],[-4.137,52.818]],[[-4.137,52.818],[-4.137,52.818],[-4.137,52.818],[-4.137,52.818]],[[-4.137,52.818],[-4.138,52.817],[-4.137,52.818],[-4.137,52.818]],[[-4.135,52.819],[-4.135,52.819],[-4.135,52.819],[-4.135,52.819]],[[-4.135,52.819],[-4.134,52.819],[-4.133,52.819],[-4.135,52.819]],[[-4.133,52.897],[-4.132,52.897],[-4.132,52.897],[-4.133,52.897]],[[-4.11,52.9],[-4.11,52.899],[-4.11,52.9],[-4.11,52.9]],[[-4.078,52.897],[-4.078,52.897],[-4.078,52.897],[-4.078,52.897]],[[-4.077,52.897],[-4.073,52.894],[-4.078,52.897],[-4.077,52.897]],[[-4.072,52.907],[-4.071,52.907],[-4.071,52.907],[-4.072,52.907]],[[-4.071,52.907],[-4.071,52.907],[-4.071,52.907],[-4.071,52.907]],[[-4.071,52.907],[-4.071,52.907],[-4.071,52.907],[-4.071,52.907]],[[-4.069,52.907],[-4.069,52.908],[-4.069,52.909],[-4.068,52.909],[-4.069,52.91],[-4.069,52.907]],[[-4.078,52.905],[-4.078,52.905],[-4.077,52.905],[-4.078,52.905]],[[-4.077,52.906],[-4.078,52.905],[-4.078,52.905],[-4.077,52.906]],[[-4.082,52.903],[-4.082,52.903],[-4.082,52.903],[-4.082,52.903]],[[-4.081,52.903],[-4.081,52.903],[-4.082,52.903],[-4.081,52.903]],[[-4.082,52.905],[-4.082,52.905],[-4.082,52.905],[-4.082,52.905]],[[-4.08,52.905],[-4.08,52.905],[-4.081,52.905],[-4.08,52.904],[-4.08,52.905],[-4.08,52.905],[-4.079,52.905],[-4.08,52.905],[-4.08,52.904],[-4.08,52.905]],[[-4.079,52.906],[-4.079,52.906],[-4.079,52.906],[-4.079,52.906]],[[-4.079,52.906],[-4.078,52.907],[-4.076,52.907],[-4.074,52.908],[-4.078,52.907],[-4.079,52.906]],[[-4.08,52.907],[-4.08,52.907],[-4.08,52.907],[-4.08,52.907]],[[-4.079,52.907],[-4.079,52.907],[-4.08,52.907],[-4.079,52.907]],[[-4.075,52.909],[-4.075,52.909],[-4.075,52.909],[-4.075,52.909]],[[-4.073,52.909],[-4.074,52.91],[-4.075,52.909],[-4.073,52.909]],[[-4.075,52.91],[-4.075,52.91],[-4.075,52.91],[-4.075,52.91]],[[-4.075,52.91],[-4.075,52.91],[-4.075,52.91],[-4.075,52.91]],[[-4.075,52.91],[-4.075,52.91],[-4.075,52.91],[-4.075,52.91]],[[-4.075,52.91],[-4.074,52.91],[-4.074,52.91],[-4.074,52.91],[-4.075,52.91]],[[-4.073,52.91],[-4.073,52.91],[-4.074,52.91],[-4.073,52.91]],[[-4.073,52.91],[-4.073,52.911],[-4.073,52.91],[-4.073,52.91]],[[-4.073,52.91],[-4.073,52.91],[-4.073,52.91],[-4.073,52.91]],[[-4.073,52.91],[-4.073,52.91],[-4.073,52.91],[-4.073,52.91]],[[-4.072,52.91],[-4.073,52.91],[-4.073,52.91],[-4.072,52.91]],[[-4.072,52.91],[-4.071,52.911],[-4.072,52.911],[-4.071,52.911],[-4.072,52.91],[-4.072,52.91]],[[-4.072,52.911],[-4.072,52.911],[-4.072,52.911],[-4.072,52.911]],[[-4.071,52.911],[-4.071,52.911],[-4.07,52.911],[-4.07,52.911],[-4.07,52.911],[-4.07,52.911],[-4.071,52.911]],[[-4.074,52.911],[-4.074,52.911],[-4.075,52.911],[-4.074,52.911]],[[-4.074,52.911],[-4.073,52.911],[-4.072,52.911],[-4.073,52.911],[-4.074,52.911]],[[-4.074,52.912],[-4.073,52.913],[-4.074,52.912],[-4.074,52.912]],[[-4.073,52.914],[-4.073,52.915],[-4.073,52.915],[-4.073,52.914]],[[-4.069,52.915],[-4.069,52.915],[-4.069,52.915],[-4.069,52.915]],[[-4.069,52.915],[-4.07,52.915],[-4.069,52.915],[-4.069,52.915]],[[-4.068,52.913],[-4.068,52.913],[-4.068,52.912],[-4.068,52.913]],[[-4.07,52.91],[-4.068,52.91],[-4.069,52.911],[-4.07,52.91]],[[-4.067,52.913],[-4.067,52.913],[-4.067,52.913],[-4.067,52.913]],[[-4.067,52.913],[-4.067,52.913],[-4.067,52.913],[-4.067,52.913]],[[-4.067,52.916],[-4.067,52.916],[-4.067,52.916],[-4.067,52.916]],[[-4.067,52.916],[-4.067,52.915],[-4.067,52.915],[-4.067,52.916]],[[-4.065,52.917],[-4.065,52.917],[-4.065,52.917],[-4.065,52.917]],[[-4.065,52.917],[-4.065,52.917],[-4.063,52.916],[-4.065,52.917]],[[-4.059,52.918],[-4.059,52.918],[-4.059,52.918],[-4.059,52.918]],[[-4.058,52.917],[-4.059,52.917],[-4.059,52.916],[-4.058,52.917]],[[-4.058,52.92],[-4.057,52.921],[-4.057,52.921],[-4.058,52.92]],[[-4.059,52.926],[-4.058,52.925],[-4.057,52.925],[-4.059,52.926]],[[-4.07,52.924],[-4.07,52.924],[-4.07,52.924],[-4.07,52.924]],[[-4.065,52.926],[-4.067,52.925],[-4.066,52.925],[-4.065,52.926]],[[-4.073,52.908],[-4.071,52.909],[-4.071,52.909],[-4.073,52.908]],[[-4.079,52.908],[-4.079,52.907],[-4.078,52.908],[-4.079,52.908]],[[-4.077,52.908],[-4.077,52.908],[-4.078,52.908],[-4.077,52.908]],[[-4.077,52.908],[-4.077,52.908],[-4.077,52.908],[-4.077,52.908]],[[-4.067,52.915],[-4.067,52.915],[-4.067,52.915],[-4.067,52.915]],[[-4.067,52.915],[-4.067,52.915],[-4.067,52.915],[-4.067,52.915]],[[-4.067,52.915],[-4.067,52.914],[-4.066,52.915],[-4.067,52.915]],[[-4.067,52.914],[-4.066,52.914],[-4.067,52.914],[-4.067,52.914]],[[-4.066,52.915],[-4.066,52.914],[-4.066,52.914],[-4.066,52.915]],[[-4.067,52.914],[-4.067,52.914],[-4.066,52.914],[-4.067,52.914]],[[-4.066,52.914],[-4.066,52.914],[-4.066,52.914],[-4.066,52.914]],[[-4.066,52.914],[-4.066,52.914],[-4.066,52.914],[-4.066,52.914]],[[-4.065,52.914],[-4.066,52.914],[-4.066,52.914],[-4.065,52.914]],[[-4.036,52.938],[-4.036,52.938],[-4.037,52.937],[-4.036,52.938]],[[-4.035,52.938],[-4.035,52.939],[-4.036,52.938],[-4.035,52.938]],[[-4.034,52.939],[-4.035,52.939],[-4.035,52.939],[-4.034,52.939]],[[-4.322,53.1],[-4.322,53.1],[-4.323,53.1],[-4.322,53.1]],[[-4.323,53.099],[-4.323,53.099],[-4.323,53.1],[-4.323,53.099]],[[-4.323,53.099],[-4.323,53.099],[-4.323,53.099],[-4.323,53.099]]]}},{"type":"Feature","properties":{"code":"E14001207","name":"Ealing Central and Acton","centroidLat":51.51625,"centroidLong":-0.27251},"geometry":{"type":"Polygon","coordinates":[[[-0.282,51.538],[-0.228,51.53],[-0.22,51.512],[-0.238,51.514],[-0.255,51.495],[-0.306,51.498],[-0.323,51.521],[-0.282,51.538]]]}},{"type":"Feature","properties":{"code":"E14001208","name":"Ealing North","centroidLat":51.53554,"centroidLong":-0.36064},"geometry":{"type":"Polygon","coordinates":[[[-0.336,51.557],[-0.305,51.54],[-0.32,51.514],[-0.42,51.539],[-0.336,51.557]]]}},{"type":"Feature","properties":{"code":"E14001209","name":"Ealing Southall","centroidLat":51.51161,"centroidLong":-0.37076},"geometry":{"type":"Polygon","coordinates":[[[-0.32,51.514],[-0.298,51.495],[-0.407,51.5],[-0.375,51.533],[-0.351,51.511],[-0.32,51.514]]]}},{"type":"Feature","properties":{"code":"E14001210","name":"Earley and Woodley","centroidLat":51.42259,"centroidLong":-0.93866},"geometry":{"type":"Polygon","coordinates":[[[-0.989,51.381],[-1.012,51.393],[-1.0,51.437],[-0.932,51.441],[-0.949,51.46],[-0.898,51.487],[-0.889,51.464],[-0.865,51.462],[-0.946,51.389],[-0.974,51.394],[-0.989,51.381]]]}},{"type":"Feature","properties":{"code":"E14001211","name":"Easington","centroidLat":54.77588,"centroidLong":-1.35583},"geometry":{"type":"Polygon","coordinates":[[[-1.348,54.861],[-1.321,54.838],[-1.302,54.769],[-1.241,54.723],[-1.304,54.719],[-1.319,54.691],[-1.39,54.683],[-1.395,54.719],[-1.465,54.737],[-1.452,54.77],[-1.469,54.79],[-1.423,54.803],[-1.413,54.845],[-1.348,54.861]]]}},{"type":"Feature","properties":{"code":"N05000005","name":"East Antrim","centroidLat":54.91943,"centroidLong":-6.00849},"geometry":{"type":"Polygon","coordinates":[[[-6.048,55.092],[-6.062,55.06],[-5.964,55.049],[-5.99,54.984],[-5.919,54.962],[-5.878,54.908],[-5.844,54.901],[-5.798,54.852],[-5.722,54.846],[-5.691,54.81],[-5.688,54.767],[-5.744,54.725],[-5.838,54.706],[-5.897,54.674],[-5.938,54.695],[-5.895,54.739],[-5.906,54.766],[-5.887,54.772],[-5.901,54.78],[-5.987,54.774],[-6.01,54.8],[-6.103,54.793],[-6.119,54.809],[-6.261,54.811],[-6.274,54.843],[-6.196,54.896],[-6.218,54.934],[-6.254,54.92],[-6.263,54.944],[-6.312,54.966],[-6.324,55.01],[-6.283,55.004],[-6.166,55.031],[-6.148,55.057],[-6.048,55.092]]]}},{"type":"Feature","properties":{"code":"E14001212","name":"East Grinstead and Uckfield","centroidLat":51.03963,"centroidLong":-0.03103},"geometry":{"type":"Polygon","coordinates":[[[0.027,51.14],[0.028,51.118],[0.045,51.111],[0.019,51.104],[0.049,51.101],[0.056,51.082],[0.033,51.07],[0.067,51.062],[0.071,51.045],[0.137,51.042],[0.161,51.004],[0.162,50.977],[0.105,50.97],[0.117,50.915],[0.057,50.926],[-0.008,50.883],[-0.045,50.88],[-0.015,50.929],[-0.022,50.921],[-0.026,50.919],[-0.05,50.959],[-0.083,50.949],[-0.081,50.962],[-0.116,50.967],[-0.054,51.008],[-0.105,51.016],[-0.125,51.04],[-0.155,51.037],[-0.168,51.061],[-0.197,51.058],[-0.195,51.038],[-0.227,51.042],[-0.212,51.087],[-0.14,51.108],[-0.138,51.142],[0.027,51.14]]]}},{"type":"Feature","properties":{"code":"E14001213","name":"East Ham","centroidLat":51.53916,"centroidLong":0.055721},"geometry":{"type":"Polygon","coordinates":[[[0.064,51.557],[0.08,51.528],[0.041,51.52],[0.035,51.555],[0.064,51.557]]]}},{"type":"Feature","properties":{"code":"E14001214","name":"East Hampshire","centroidLat":51.07177,"centroidLong":-1.03934},"geometry":{"type":"Polygon","coordinates":[[[-0.849,51.211],[-0.825,51.181],[-0.833,51.144],[-0.881,51.132],[-0.9,51.106],[-0.88,51.085],[-0.92,51.072],[-0.891,51.053],[-0.855,51.064],[-0.851,51.048],[-0.897,51.022],[-0.893,51.003],[-0.942,50.943],[-0.924,50.924],[-0.958,50.891],[-0.939,50.874],[-0.964,50.867],[-1.02,50.909],[-1.048,50.903],[-1.036,50.951],[-1.068,50.986],[-1.062,51.02],[-1.075,51.033],[-1.054,51.047],[-1.082,51.046],[-1.107,51.079],[-1.072,51.107],[-1.094,51.108],[-1.095,51.14],[-1.178,51.134],[-1.214,51.152],[-1.186,51.164],[-1.19,51.184],[-1.249,51.191],[-1.11,51.238],[-1.091,51.22],[-1.068,51.225],[-1.071,51.188],[-0.974,51.186],[-0.849,51.211]]]}},{"type":"Feature","properties":{"code":"S14000077","name":"East Kilbride and Strathaven","centroidLat":55.65761,"centroidLong":-4.11131},"geometry":{"type":"Polygon","coordinates":[[[-4.11,55.79],[-4.141,55.744],[-4.1,55.746],[-4.066,55.709],[-4.01,55.716],[-3.997,55.7],[-3.965,55.712],[-3.948,55.683],[-4.032,55.614],[-4.041,55.589],[-4.082,55.568],[-4.148,55.573],[-4.225,55.55],[-4.243,55.562],[-4.175,55.605],[-4.205,55.615],[-4.247,55.674],[-4.222,55.692],[-4.224,55.729],[-4.282,55.769],[-4.171,55.806],[-4.11,55.79]]]}},{"type":"Feature","properties":{"code":"N05000006","name":"East Londonderry","centroidLat":55.01207,"centroidLong":-6.89261},"geometry":{"type":"Polygon","coordinates":[[[-6.546,54.98],[-6.537,54.934],[-6.585,54.924],[-6.617,54.938],[-6.69,54.916],[-6.707,54.932],[-6.738,54.929],[-6.776,54.914],[-6.758,54.903],[-6.768,54.873],[-6.803,54.847],[-6.887,54.853],[-6.887,54.832],[-6.912,54.82],[-6.987,54.833],[-7.102,54.813],[-7.157,54.848],[-7.153,54.858],[-7.204,54.854],[-7.188,54.857],[-7.206,54.867],[-7.2,54.888],[-7.273,54.894],[-7.25,54.946],[-7.208,54.964],[-7.214,55.003],[-7.183,55.002],[-7.184,55.023],[-7.2,55.023],[-7.179,55.032],[-7.183,55.061],[-7.129,55.042],[-7.043,55.052],[-7.014,55.077],[-7.02,55.1],[-6.99,55.11],[-6.969,55.148],[-6.966,55.195],[-6.89,55.17],[-6.768,55.167],[-6.66,55.199],[-6.663,55.213],[-6.606,55.206],[-6.529,55.221],[-6.518,55.143],[-6.568,55.135],[-6.572,55.106],[-6.608,55.079],[-6.58,55.058],[-6.581,55.006],[-6.546,54.98]]]}},{"type":"Feature","properties":{"code":"S14000021","name":"East Renfrewshire","centroidLat":55.74869,"centroidLong":-4.36058},"geometry":{"type":"Polygon","coordinates":[[[-4.327,55.808],[-4.261,55.811],[-4.268,55.792],[-4.248,55.778],[-4.283,55.768],[-4.224,55.729],[-4.222,55.692],[-4.256,55.676],[-4.325,55.688],[-4.384,55.723],[-4.401,55.714],[-4.473,55.735],[-4.459,55.751],[-4.504,55.764],[-4.531,55.745],[-4.551,55.766],[-4.495,55.801],[-4.381,55.823],[-4.367,55.818],[-4.372,55.795],[-4.333,55.793],[-4.327,55.808]]]}},{"type":"Feature","properties":{"code":"E14001215","name":"East Surrey","centroidLat":51.23097,"centroidLong":-0.05767},"geometry":{"type":"Polygon","coordinates":[[[0.002,51.329],[0.015,51.292],[0.033,51.308],[0.048,51.286],[0.058,51.248],[0.034,51.211],[0.053,51.181],[0.052,51.145],[-0.138,51.142],[-0.129,51.175],[-0.155,51.231],[-0.143,51.246],[-0.172,51.27],[-0.164,51.29],[-0.144,51.301],[-0.118,51.287],[-0.038,51.339],[0.002,51.329]]]}},{"type":"Feature","properties":{"code":"E14001216","name":"East Thanet","centroidLat":51.35918,"centroidLong":1.401751},"geometry":{"type":"Polygon","coordinates":[[[1.352,51.313],[1.393,51.361],[1.369,51.374],[1.379,51.391],[1.426,51.394],[1.45,51.377],[1.424,51.324],[1.378,51.329],[1.363,51.313],[1.352,51.313]],[[1.363,51.316],[1.363,51.316],[1.363,51.316],[1.363,51.316]],[[1.363,51.316],[1.363,51.315],[1.364,51.314],[1.364,51.315],[1.364,51.315],[1.363,51.316]],[[1.36,51.316],[1.36,51.316],[1.36,51.316],[1.36,51.316]],[[1.36,51.316],[1.36,51.316],[1.36,51.316],[1.36,51.316]],[[1.36,51.315],[1.359,51.315],[1.361,51.314],[1.36,51.315]],[[1.359,51.315],[1.358,51.315],[1.358,51.315],[1.359,51.315]],[[1.362,51.313],[1.361,51.313],[1.362,51.313],[1.362,51.313]],[[1.361,51.314],[1.361,51.313],[1.361,51.313],[1.361,51.314]],[[1.358,51.314],[1.357,51.314],[1.358,51.314],[1.358,51.314]]]}},{"type":"Feature","properties":{"code":"E14001217","name":"East Wiltshire","centroidLat":51.34448,"centroidLong":-1.74662},"geometry":{"type":"Polygon","coordinates":[[[-1.691,51.584],[-1.648,51.572],[-1.603,51.518],[-1.585,51.525],[-1.582,51.494],[-1.525,51.45],[-1.527,51.424],[-1.571,51.416],[-1.495,51.37],[-1.501,51.356],[-1.486,51.348],[-1.498,51.329],[-1.528,51.338],[-1.534,51.316],[-1.519,51.296],[-1.543,51.28],[-1.531,51.255],[-1.608,51.253],[-1.634,51.218],[-1.69,51.215],[-1.715,51.17],[-1.768,51.152],[-1.795,51.106],[-1.82,51.093],[-1.89,51.096],[-1.912,51.119],[-1.93,51.111],[-1.944,51.111],[-1.912,51.128],[-1.917,51.141],[-1.991,51.185],[-1.956,51.193],[-1.957,51.208],[-2.008,51.231],[-1.968,51.25],[-1.895,51.243],[-1.917,51.302],[-1.898,51.322],[-1.923,51.355],[-1.877,51.404],[-1.917,51.414],[-1.879,51.442],[-1.898,51.464],[-1.813,51.461],[-1.798,51.484],[-1.813,51.507],[-1.838,51.501],[-1.844,51.543],[-1.812,51.553],[-1.725,51.527],[-1.73,51.572],[-1.691,51.584]]]}},{"type":"Feature","properties":{"code":"E14001218","name":"East Worthing and Shoreham","centroidLat":50.84274,"centroidLong":-0.34396},"geometry":{"type":"MultiPolygon","coordinates":[[[[-0.366,50.875],[-0.299,50.866],[-0.301,50.864],[-0.302,50.861],[-0.301,50.861],[-0.296,50.86],[-0.293,50.859],[-0.296,50.854],[-0.291,50.851],[-0.295,50.849],[-0.28,50.831],[-0.287,50.83],[-0.252,50.83],[-0.248,50.825],[-0.387,50.819],[-0.405,50.855],[-0.367,50.861],[-0.366,50.875]],[[-0.286,50.835],[-0.287,50.836],[-0.286,50.834],[-0.286,50.835]]],[[[-0.25,50.871],[-0.216,50.828],[-0.247,50.826],[-0.238,50.831],[-0.279,50.832],[-0.293,50.859],[-0.301,50.864],[-0.25,50.871]]]]}},{"type":"Feature","properties":{"code":"E14001219","name":"Eastbourne","centroidLat":50.77387,"centroidLong":0.258516},"geometry":{"type":"Polygon","coordinates":[[[0.228,50.801],[0.339,50.799],[0.334,50.788],[0.258,50.738],[0.21,50.738],[0.228,50.801]]]}},{"type":"Feature","properties":{"code":"E14001220","name":"Eastleigh","centroidLat":50.9522,"centroidLong":-1.33642},"geometry":{"type":"Polygon","coordinates":[[[-1.258,50.978],[-1.328,50.914],[-1.32,50.904],[-1.328,50.904],[-1.413,50.989],[-1.385,51.004],[-1.353,50.998],[-1.347,50.981],[-1.258,50.978]]]}},{"type":"Feature","properties":{"code":"S14000078","name":"Edinburgh East and Musselburgh","centroidLat":55.94151,"centroidLong":-3.1052},"geometry":{"type":"Polygon","coordinates":[[[-3.17,55.968],[-3.094,55.949],[-3.046,55.95],[-3.028,55.928],[-3.055,55.912],[-3.112,55.93],[-3.117,55.915],[-3.149,55.923],[-3.144,55.937],[-3.205,55.94],[-3.17,55.968]]]}},{"type":"Feature","properties":{"code":"S14000079","name":"Edinburgh North and Leith","centroidLat":55.96909,"centroidLong":-3.21357},"geometry":{"type":"Polygon","coordinates":[[[-3.135,55.968],[-3.215,55.947],[-3.269,55.98],[-3.182,55.991],[-3.135,55.968]]]}},{"type":"Feature","properties":{"code":"S14000080","name":"Edinburgh South","centroidLat":55.91481,"centroidLong":-3.17081},"geometry":{"type":"Polygon","coordinates":[[[-3.17,55.942],[-3.092,55.9],[-3.212,55.888],[-3.224,55.934],[-3.17,55.942]]]}},{"type":"Feature","properties":{"code":"S14000081","name":"Edinburgh South West","centroidLat":55.88445,"centroidLong":-3.30743},"geometry":{"type":"Polygon","coordinates":[[[-3.207,55.95],[-3.224,55.934],[-3.212,55.882],[-3.296,55.866],[-3.379,55.82],[-3.42,55.846],[-3.397,55.869],[-3.414,55.878],[-3.403,55.887],[-3.339,55.902],[-3.344,55.914],[-3.307,55.934],[-3.27,55.926],[-3.207,55.95]]]}},{"type":"Feature","properties":{"code":"S14000082","name":"Edinburgh West","centroidLat":55.94799,"centroidLong":-3.3318},"geometry":{"type":"Polygon","coordinates":[[[-3.269,55.98],[-3.215,55.947],[-3.27,55.926],[-3.307,55.934],[-3.344,55.914],[-3.339,55.902],[-3.368,55.895],[-3.444,55.908],[-3.418,55.934],[-3.45,55.951],[-3.425,55.954],[-3.448,55.978],[-3.425,55.994],[-3.352,56.002],[-3.304,55.975],[-3.269,55.98]]]}},{"type":"Feature","properties":{"code":"E14001221","name":"Edmonton and Winchmore Hill","centroidLat":51.62925,"centroidLong":-0.06993},"geometry":{"type":"Polygon","coordinates":[[[-0.015,51.637],[-0.041,51.606],[-0.086,51.608],[-0.119,51.629],[-0.089,51.653],[-0.015,51.637]]]}},{"type":"Feature","properties":{"code":"E14001222","name":"Ellesmere Port and Bromborough","centroidLat":53.29191,"centroidLong":-2.9406},"geometry":{"type":"Polygon","coordinates":[[[-3.006,53.364],[-2.888,53.289],[-2.876,53.262],[-2.927,53.252],[-2.97,53.275],[-2.941,53.3],[-2.98,53.305],[-3.006,53.364]]]}},{"type":"Feature","properties":{"code":"E14001223","name":"Eltham and Chislehurst","centroidLat":51.43609,"centroidLong":0.056759},"geometry":{"type":"Polygon","coordinates":[[[0.027,51.477],[0.086,51.457],[0.075,51.432],[0.104,51.415],[0.088,51.406],[0.095,51.395],[0.059,51.404],[0.01,51.459],[0.027,51.477]]]}},{"type":"Feature","properties":{"code":"E14001224","name":"Ely and East Cambridgeshire","centroidLat":52.35788,"centroidLong":0.283149},"geometry":{"type":"MultiPolygon","coordinates":[[[[0.246,52.501],[0.115,52.411],[0.108,52.406],[0.1,52.399],[0.093,52.391],[0.05,52.359],[0.034,52.386],[0.056,52.398],[0.044,52.418],[0.126,52.438],[0.124,52.421],[0.239,52.509],[0.246,52.501]]],[[[0.429,52.436],[0.375,52.41],[0.408,52.362],[0.443,52.349],[0.424,52.329],[0.431,52.316],[0.458,52.316],[0.505,52.285],[0.424,52.256],[0.359,52.298],[0.34,52.268],[0.361,52.249],[0.343,52.242],[0.371,52.227],[0.421,52.24],[0.427,52.254],[0.495,52.239],[0.514,52.227],[0.491,52.165],[0.452,52.173],[0.41,52.156],[0.322,52.179],[0.225,52.232],[0.212,52.27],[0.171,52.234],[0.13,52.236],[0.146,52.253],[0.136,52.276],[0.094,52.265],[0.063,52.292],[0.12,52.32],[0.044,52.353],[0.256,52.508],[0.367,52.501],[0.429,52.455],[0.429,52.436]]]]}},{"type":"Feature","properties":{"code":"E14001225","name":"Enfield North","centroidLat":51.66447,"centroidLong":-0.06923},"geometry":{"type":"Polygon","coordinates":[[[-0.012,51.681],[-0.015,51.637],[-0.066,51.638],[-0.125,51.651],[-0.121,51.663],[-0.152,51.667],[-0.163,51.688],[-0.012,51.681]]]}},{"type":"Feature","properties":{"code":"E14001226","name":"Epping Forest","centroidLat":51.67731,"centroidLong":0.066831},"geometry":{"type":"Polygon","coordinates":[[[0.157,51.732],[0.141,51.723],[0.135,51.688],[0.114,51.681],[0.128,51.658],[0.105,51.645],[0.124,51.618],[0.073,51.605],[0.022,51.629],[0.023,51.641],[-0.012,51.646],[-0.014,51.723],[0.023,51.717],[0.022,51.731],[0.056,51.741],[0.037,51.758],[0.067,51.761],[0.084,51.735],[0.157,51.732]]]}},{"type":"Feature","properties":{"code":"E14001227","name":"Epsom and Ewell","centroidLat":51.3225,"centroidLong":-0.28906},"geometry":{"type":"Polygon","coordinates":[[[-0.245,51.38],[-0.217,51.343],[-0.247,51.298],[-0.318,51.274],[-0.361,51.308],[-0.245,51.38]]]}},{"type":"Feature","properties":{"code":"E14001228","name":"Erewash","centroidLat":52.93676,"centroidLong":-1.30382},"geometry":{"type":"Polygon","coordinates":[[[-1.24,52.892],[-1.265,52.873],[-1.323,52.872],[-1.371,52.895],[-1.358,52.927],[-1.325,52.939],[-1.342,52.942],[-1.326,52.949],[-1.341,52.963],[-1.325,52.968],[-1.324,52.994],[-1.307,53.004],[-1.295,52.987],[-1.282,52.91],[-1.24,52.892]]]}},{"type":"Feature","properties":{"code":"E14001229","name":"Erith and Thamesmead","centroidLat":51.48708,"centroidLong":0.124377},"geometry":{"type":"Polygon","coordinates":[[[0.167,51.503],[0.181,51.471],[0.127,51.484],[0.082,51.462],[0.053,51.468],[0.08,51.48],[0.073,51.491],[0.092,51.509],[0.125,51.513],[0.167,51.503]]]}},{"type":"Feature","properties":{"code":"E14001230","name":"Esher and Walton","centroidLat":51.37831,"centroidLong":-0.37238},"geometry":{"type":"Polygon","coordinates":[[[-0.318,51.394],[-0.308,51.377],[-0.338,51.349],[-0.391,51.345],[-0.447,51.374],[-0.391,51.41],[-0.318,51.394]]]}},{"type":"Feature","properties":{"code":"E14001231","name":"Exeter","centroidLat":50.72426,"centroidLong":-3.52548},"geometry":{"type":"Polygon","coordinates":[[[-3.501,50.698],[-3.539,50.693],[-3.563,50.707],[-3.57,50.745],[-3.513,50.761],[-3.486,50.751],[-3.483,50.726],[-3.499,50.711],[-3.484,50.711],[-3.501,50.698]],[[-3.507,50.701],[-3.506,50.701],[-3.506,50.701],[-3.507,50.701]],[[-3.507,50.701],[-3.507,50.702],[-3.507,50.701],[-3.507,50.701]]]}},{"type":"Feature","properties":{"code":"E14001232","name":"Exmouth and Exeter East","centroidLat":50.72343,"centroidLong":-3.42404},"geometry":{"type":"Polygon","coordinates":[[[-3.483,50.792],[-3.339,50.813],[-3.347,50.784],[-3.33,50.777],[-3.33,50.737],[-3.407,50.725],[-3.327,50.691],[-3.288,50.698],[-3.294,50.682],[-3.266,50.683],[-3.301,50.632],[-3.306,50.63],[-3.306,50.633],[-3.307,50.631],[-3.308,50.633],[-3.31,50.645],[-3.309,50.631],[-3.311,50.631],[-3.311,50.631],[-3.312,50.631],[-3.307,50.63],[-3.359,50.607],[-3.424,50.616],[-3.416,50.629],[-3.45,50.684],[-3.455,50.684],[-3.456,50.682],[-3.457,50.683],[-3.459,50.693],[-3.461,50.693],[-3.459,50.675],[-3.498,50.697],[-3.484,50.711],[-3.499,50.711],[-3.483,50.726],[-3.486,50.751],[-3.513,50.761],[-3.586,50.744],[-3.547,50.773],[-3.572,50.789],[-3.525,50.787],[-3.507,50.827],[-3.503,50.799],[-3.483,50.792]],[[-3.308,50.633],[-3.307,50.633],[-3.307,50.633],[-3.308,50.633]],[[-3.309,50.639],[-3.308,50.639],[-3.309,50.639],[-3.309,50.639]],[[-3.309,50.648],[-3.31,50.645],[-3.31,50.645],[-3.309,50.648]],[[-3.31,50.631],[-3.311,50.631],[-3.31,50.631],[-3.31,50.631]],[[-3.461,50.693],[-3.461,50.693],[-3.461,50.693],[-3.461,50.693]],[[-3.458,50.695],[-3.458,50.695],[-3.458,50.693],[-3.458,50.693],[-3.457,50.693],[-3.458,50.695]],[[-3.457,50.693],[-3.457,50.693],[-3.457,50.693],[-3.457,50.693]],[[-3.458,50.697],[-3.455,50.697],[-3.456,50.697],[-3.458,50.697]],[[-3.458,50.697],[-3.458,50.697],[-3.458,50.697],[-3.458,50.697]],[[-3.458,50.697],[-3.459,50.698],[-3.458,50.698],[-3.458,50.697]],[[-3.458,50.698],[-3.458,50.698],[-3.458,50.698],[-3.458,50.698]],[[-3.458,50.698],[-3.458,50.698],[-3.457,50.699],[-3.458,50.698]],[[-3.457,50.699],[-3.457,50.699],[-3.457,50.699],[-3.457,50.699]],[[-3.462,50.701],[-3.461,50.701],[-3.463,50.702],[-3.462,50.701]]]}},{"type":"Feature","properties":{"code":"S14000083","name":"Falkirk","centroidLat":55.97459,"centroidLong":-3.78996},"geometry":{"type":"Polygon","coordinates":[[[-3.883,56.047],[-3.89,56.031],[-3.873,56.013],[-3.821,56.007],[-3.772,56.026],[-3.718,55.997],[-3.626,55.985],[-3.674,55.954],[-3.667,55.946],[-3.739,55.933],[-3.768,55.908],[-3.822,55.895],[-3.809,55.905],[-3.904,55.938],[-3.86,55.959],[-3.938,55.963],[-3.946,55.982],[-3.988,55.985],[-3.975,55.991],[-3.988,56.008],[-4.03,56.01],[-3.973,56.049],[-3.883,56.047]]]}},{"type":"Feature","properties":{"code":"E14001233","name":"Fareham and Waterlooville","centroidLat":50.88378,"centroidLong":-1.11208},"geometry":{"type":"Polygon","coordinates":[[[-0.999,50.895],[-1.013,50.876],[-1.041,50.878],[-1.054,50.855],[-1.116,50.858],[-1.113,50.836],[-1.172,50.84],[-1.166,50.85],[-1.166,50.852],[-1.169,50.855],[-1.171,50.856],[-1.172,50.857],[-1.187,50.836],[-1.237,50.864],[-1.216,50.891],[-1.238,50.904],[-1.182,50.919],[-1.154,50.897],[-1.037,50.932],[-1.048,50.903],[-1.02,50.909],[-0.999,50.895]]]}},{"type":"Feature","properties":{"code":"E14001234","name":"Farnham and Bordon","centroidLat":51.15259,"centroidLong":-0.79539},"geometry":{"type":"Polygon","coordinates":[[[-0.746,51.23],[-0.748,51.211],[-0.723,51.192],[-0.747,51.155],[-0.73,51.114],[-0.679,51.102],[-0.687,51.076],[-0.762,51.086],[-0.798,51.064],[-0.837,51.069],[-0.89,51.053],[-0.919,51.07],[-0.88,51.085],[-0.9,51.106],[-0.881,51.132],[-0.833,51.144],[-0.825,51.181],[-0.849,51.211],[-0.827,51.234],[-0.805,51.245],[-0.746,51.23]]]}},{"type":"Feature","properties":{"code":"E14001235","name":"Faversham and Mid Kent","centroidLat":51.28471,"centroidLong":0.764887},"geometry":{"type":"Polygon","coordinates":[[[0.939,51.347],[1.015,51.317],[1.006,51.284],[0.86,51.231],[0.822,51.224],[0.782,51.239],[0.742,51.208],[0.711,51.224],[0.669,51.215],[0.653,51.23],[0.664,51.239],[0.646,51.246],[0.636,51.222],[0.606,51.221],[0.589,51.245],[0.546,51.235],[0.528,51.264],[0.548,51.285],[0.493,51.301],[0.533,51.337],[0.604,51.326],[0.645,51.336],[0.702,51.317],[0.719,51.333],[0.739,51.321],[0.779,51.362],[0.814,51.358],[0.809,51.352],[0.812,51.347],[0.875,51.354],[0.897,51.344],[0.88,51.329],[0.895,51.336],[0.899,51.334],[0.91,51.335],[0.915,51.329],[0.915,51.327],[0.911,51.327],[0.893,51.32],[0.894,51.321],[0.888,51.317],[0.903,51.32],[0.903,51.322],[0.915,51.326],[0.917,51.329],[0.91,51.335],[0.896,51.336],[0.897,51.341],[0.917,51.345],[0.939,51.347]],[[0.905,51.334],[0.906,51.334],[0.906,51.334],[0.905,51.334]],[[0.906,51.334],[0.907,51.334],[0.906,51.334],[0.908,51.334],[0.907,51.335],[0.906,51.334]],[[0.915,51.328],[0.915,51.328],[0.915,51.328],[0.915,51.328]],[[0.913,51.328],[0.915,51.328],[0.915,51.328],[0.913,51.328]],[[0.916,51.328],[0.916,51.328],[0.916,51.328],[0.916,51.328]],[[0.917,51.328],[0.917,51.328],[0.916,51.328],[0.917,51.328]],[[0.917,51.328],[0.917,51.328],[0.917,51.328],[0.917,51.328]],[[0.917,51.328],[0.917,51.328],[0.917,51.328],[0.917,51.328]],[[0.919,51.344],[0.919,51.344],[0.919,51.344],[0.919,51.344]],[[0.919,51.344],[0.921,51.344],[0.919,51.344],[0.919,51.344]],[[0.922,51.344],[0.922,51.344],[0.921,51.344],[0.922,51.344]],[[0.923,51.345],[0.922,51.345],[0.922,51.344],[0.923,51.345]],[[0.922,51.345],[0.922,51.345],[0.922,51.345],[0.922,51.345]]]}},{"type":"Feature","properties":{"code":"E14001236","name":"Feltham and Heston","centroidLat":51.44977,"centroidLong":-0.414},"geometry":{"type":"Polygon","coordinates":[[[-0.407,51.5],[-0.376,51.495],[-0.366,51.468],[-0.401,51.459],[-0.367,51.442],[-0.385,51.421],[-0.461,51.449],[-0.411,51.47],[-0.407,51.5]]]}},{"type":"Feature","properties":{"code":"N05000007","name":"Fermanagh and South Tyrone","centroidLat":54.36027,"centroidLong":-7.53348},"geometry":{"type":"Polygon","coordinates":[[[-6.972,54.549],[-6.9,54.535],[-6.903,54.513],[-6.879,54.51],[-6.834,54.525],[-6.81,54.513],[-6.772,54.538],[-6.727,54.523],[-6.71,54.532],[-6.703,54.516],[-6.741,54.476],[-6.643,54.46],[-6.624,54.438],[-6.65,54.418],[-6.632,54.409],[-6.642,54.391],[-6.628,54.379],[-6.729,54.341],[-6.777,54.355],[-6.865,54.33],[-6.876,54.347],[-6.906,54.35],[-6.911,54.375],[-6.933,54.378],[-6.924,54.383],[-7.04,54.418],[-7.11,54.368],[-7.104,54.356],[-7.189,54.338],[-7.179,54.31],[-7.212,54.3],[-7.142,54.256],[-7.159,54.244],[-7.145,54.225],[-7.248,54.204],[-7.233,54.198],[-7.259,54.192],[-7.258,54.177],[-7.24,54.17],[-7.258,54.165],[-7.28,54.122],[-7.309,54.132],[-7.285,54.136],[-7.301,54.144],[-7.28,54.168],[-7.31,54.167],[-7.339,54.147],[-7.305,54.123],[-7.319,54.113],[-7.364,54.131],[-7.392,54.12],[-7.373,54.14],[-7.42,54.137],[-7.41,54.156],[-7.442,54.154],[-7.479,54.122],[-7.528,54.136],[-7.547,54.122],[-7.61,54.144],[-7.656,54.186],[-7.677,54.182],[-7.685,54.208],[-7.811,54.201],[-7.86,54.218],[-7.873,54.28],[-7.862,54.293],[-7.962,54.312],[-8.0,54.358],[-8.057,54.366],[-8.162,54.442],[-8.143,54.451],[-8.177,54.465],[-8.043,54.488],[-8.006,54.546],[-7.851,54.533],[-7.794,54.582],[-7.691,54.611],[-7.67,54.584],[-7.625,54.585],[-7.588,54.564],[-7.546,54.57],[-7.528,54.556],[-7.56,54.542],[-7.583,54.475],[-7.555,54.433],[-7.509,54.406],[-7.427,54.443],[-7.295,54.444],[-7.273,54.46],[-7.253,54.451],[-7.199,54.466],[-7.203,54.478],[-7.121,54.475],[-7.099,54.5],[-7.039,54.506],[-7.031,54.525],[-6.972,54.549]]]}},{"type":"Feature","properties":{"code":"E14001237","name":"Filton and Bradley Stoke","centroidLat":51.51321,"centroidLong":-2.53857},"geometry":{"type":"Polygon","coordinates":[[[-2.457,51.497],[-2.49,51.477],[-2.488,51.492],[-2.515,51.482],[-2.516,51.494],[-2.588,51.501],[-2.581,51.517],[-2.641,51.518],[-2.552,51.551],[-2.488,51.53],[-2.49,51.506],[-2.457,51.497]]]}},{"type":"Feature","properties":{"code":"E14001238","name":"Finchley and Golders Green","centroidLat":51.58598,"centroidLong":-0.19438},"geometry":{"type":"Polygon","coordinates":[[[-0.161,51.62],[-0.157,51.586],[-0.174,51.569],[-0.213,51.555],[-0.232,51.571],[-0.205,51.589],[-0.225,51.599],[-0.161,51.62]]]}},{"type":"Feature","properties":{"code":"E14001239","name":"Folkestone and Hythe","centroidLat":51.01264,"centroidLong":0.891467},"geometry":{"type":"Polygon","coordinates":[[[1.137,51.102],[1.221,51.098],[1.195,51.076],[1.076,51.064],[0.997,51.025],[0.964,50.969],[0.976,50.912],[0.855,50.924],[0.868,50.933],[0.856,50.953],[0.813,50.942],[0.777,50.975],[0.831,51.049],[0.839,51.031],[0.873,51.053],[0.894,51.037],[0.969,51.063],[0.967,51.077],[1.0,51.095],[1.036,51.086],[1.082,51.104],[1.118,51.084],[1.137,51.102]]]}},{"type":"Feature","properties":{"code":"E14001240","name":"Forest of Dean","centroidLat":51.90686,"centroidLong":-2.43217},"geometry":{"type":"Polygon","coordinates":[[[-2.351,52.021],[-2.325,52.004],[-2.327,51.976],[-2.3,51.967],[-2.251,51.967],[-2.213,51.997],[-2.175,51.988],[-2.226,51.949],[-2.223,51.931],[-2.271,51.917],[-2.25,51.885],[-2.268,51.875],[-2.268,51.889],[-2.292,51.834],[-2.352,51.847],[-2.362,51.811],[-2.348,51.801],[-2.361,51.795],[-2.417,51.819],[-2.441,51.812],[-2.449,51.786],[-2.407,51.771],[-2.473,51.743],[-2.505,51.71],[-2.61,51.673],[-2.658,51.611],[-2.679,51.647],[-2.665,51.665],[-2.686,51.663],[-2.656,51.674],[-2.684,51.701],[-2.668,51.706],[-2.687,51.731],[-2.663,51.754],[-2.68,51.769],[-2.678,51.804],[-2.637,51.843],[-2.532,51.861],[-2.509,51.885],[-2.439,51.897],[-2.466,51.928],[-2.466,51.952],[-2.501,51.961],[-2.471,51.995],[-2.492,52.008],[-2.479,52.023],[-2.413,51.994],[-2.351,52.021]]]}},{"type":"Feature","properties":{"code":"N05000008","name":"Foyle","centroidLat":55.00724,"centroidLong":-7.29189},"geometry":{"type":"Polygon","coordinates":[[[-7.183,55.061],[-7.179,55.032],[-7.2,55.023],[-7.184,55.023],[-7.183,55.002],[-7.211,55.006],[-7.204,54.989],[-7.231,54.972],[-7.282,54.978],[-7.392,54.945],[-7.407,54.955],[-7.391,54.998],[-7.406,55.003],[-7.346,55.05],[-7.289,55.047],[-7.257,55.067],[-7.246,55.064],[-7.252,55.044],[-7.226,55.061],[-7.183,55.061]]]}},{"type":"Feature","properties":{"code":"E14001241","name":"Frome and East Somerset","centroidLat":51.24861,"centroidLong":-2.458},"geometry":{"type":"Polygon","coordinates":[[[-2.308,51.365],[-2.344,51.345],[-2.298,51.343],[-2.275,51.325],[-2.281,51.294],[-2.253,51.29],[-2.245,51.254],[-2.332,51.138],[-2.408,51.148],[-2.579,51.089],[-2.623,51.106],[-2.626,51.125],[-2.669,51.128],[-2.67,51.164],[-2.615,51.162],[-2.593,51.142],[-2.52,51.174],[-2.524,51.203],[-2.555,51.211],[-2.546,51.226],[-2.56,51.239],[-2.488,51.301],[-2.459,51.305],[-2.471,51.315],[-2.468,51.349],[-2.524,51.362],[-2.44,51.378],[-2.452,51.367],[-2.425,51.36],[-2.414,51.376],[-2.383,51.352],[-2.347,51.353],[-2.318,51.363],[-2.323,51.382],[-2.312,51.386],[-2.3,51.379],[-2.308,51.365]]]}},{"type":"Feature","properties":{"code":"E14001242","name":"Fylde","centroidLat":53.79709,"centroidLong":-2.91915},"geometry":{"type":"Polygon","coordinates":[[[-2.877,53.859],[-2.89,53.846],[-2.858,53.843],[-2.87,53.831],[-2.841,53.831],[-2.782,53.79],[-2.799,53.77],[-2.794,53.752],[-2.856,53.738],[-2.86,53.748],[-2.857,53.738],[-2.899,53.733],[-2.904,53.733],[-2.904,53.734],[-2.909,53.732],[-2.909,53.734],[-2.91,53.732],[-2.912,53.732],[-2.913,53.735],[-2.913,53.732],[-2.919,53.732],[-2.92,53.735],[-2.931,53.732],[-2.953,53.733],[-2.939,53.738],[-2.936,53.737],[-2.939,53.738],[-2.939,53.739],[-2.935,53.741],[-2.925,53.737],[-2.918,53.737],[-2.913,53.739],[-2.925,53.738],[-2.92,53.74],[-2.926,53.738],[-2.935,53.741],[-2.937,53.745],[-2.94,53.738],[-2.952,53.734],[-2.956,53.735],[-2.957,53.733],[-3.007,53.737],[-3.055,53.762],[-3.057,53.777],[-2.996,53.775],[-3.004,53.791],[-2.983,53.794],[-3.02,53.841],[-2.997,53.862],[-2.944,53.85],[-2.877,53.859]],[[-2.809,53.749],[-2.81,53.749],[-2.81,53.749],[-2.809,53.749]],[[-2.821,53.747],[-2.822,53.747],[-2.821,53.747],[-2.821,53.747]],[[-2.823,53.747],[-2.823,53.748],[-2.822,53.747],[-2.823,53.747]],[[-2.876,53.738],[-2.876,53.737],[-2.876,53.737],[-2.876,53.738]],[[-2.901,53.734],[-2.901,53.734],[-2.901,53.733],[-2.901,53.734]],[[-2.902,53.734],[-2.902,53.734],[-2.901,53.734],[-2.902,53.734]],[[-2.902,53.735],[-2.902,53.734],[-2.902,53.734],[-2.902,53.735]],[[-2.91,53.734],[-2.911,53.733],[-2.911,53.733],[-2.91,53.734]],[[-2.909,53.734],[-2.91,53.734],[-2.91,53.734],[-2.909,53.734]],[[-2.911,53.734],[-2.911,53.734],[-2.911,53.733],[-2.911,53.734]],[[-2.911,53.734],[-2.911,53.735],[-2.911,53.734],[-2.911,53.734]],[[-2.914,53.733],[-2.914,53.732],[-2.914,53.732],[-2.914,53.733]],[[-2.914,53.734],[-2.914,53.732],[-2.914,53.732],[-2.914,53.734]],[[-2.915,53.735],[-2.915,53.735],[-2.915,53.735],[-2.915,53.735]],[[-2.916,53.733],[-2.916,53.732],[-2.916,53.732],[-2.916,53.733]],[[-2.916,53.733],[-2.916,53.734],[-2.917,53.735],[-2.917,53.733],[-2.916,53.733]],[[-2.918,53.732],[-2.918,53.732],[-2.917,53.732],[-2.918,53.732]],[[-2.918,53.732],[-2.918,53.733],[-2.918,53.734],[-2.918,53.734],[-2.918,53.733],[-2.918,53.732]],[[-2.917,53.734],[-2.918,53.733],[-2.918,53.733],[-2.917,53.734]],[[-2.928,53.733],[-2.928,53.733],[-2.93,53.732],[-2.928,53.733]],[[-2.927,53.733],[-2.925,53.734],[-2.928,53.733],[-2.927,53.733]],[[-2.933,53.732],[-2.933,53.732],[-2.933,53.732],[-2.933,53.732]],[[-2.93,53.733],[-2.929,53.733],[-2.933,53.732],[-2.93,53.733]],[[-2.926,53.734],[-2.926,53.734],[-2.926,53.734],[-2.926,53.734]],[[-2.926,53.734],[-2.926,53.734],[-2.926,53.734],[-2.926,53.734]],[[-2.926,53.734],[-2.926,53.734],[-2.926,53.734],[-2.926,53.734]],[[-2.925,53.734],[-2.926,53.734],[-2.926,53.734],[-2.925,53.734]],[[-2.924,53.735],[-2.924,53.735],[-2.924,53.735],[-2.924,53.735]],[[-2.922,53.735],[-2.922,53.735],[-2.924,53.735],[-2.922,53.735]],[[-2.929,53.735],[-2.929,53.736],[-2.929,53.735],[-2.929,53.735]],[[-2.932,53.734],[-2.932,53.735],[-2.932,53.734],[-2.932,53.734]],[[-2.933,53.735],[-2.933,53.734],[-2.933,53.734],[-2.933,53.735]],[[-2.934,53.735],[-2.934,53.735],[-2.934,53.735],[-2.934,53.735]],[[-2.934,53.737],[-2.934,53.736],[-2.931,53.738],[-2.934,53.737]],[[-2.934,53.735],[-2.934,53.735],[-2.934,53.735],[-2.934,53.735]],[[-2.937,53.733],[-2.937,53.733],[-2.937,53.733],[-2.937,53.733]],[[-2.936,53.734],[-2.937,53.733],[-2.937,53.733],[-2.936,53.734]],[[-2.937,53.734],[-2.937,53.734],[-2.937,53.734],[-2.937,53.734]],[[-2.936,53.734],[-2.936,53.735],[-2.937,53.734],[-2.936,53.734]],[[-2.94,53.733],[-2.94,53.733],[-2.94,53.733],[-2.94,53.733]],[[-2.941,53.734],[-2.94,53.734],[-2.939,53.733],[-2.939,53.733],[-2.939,53.734],[-2.938,53.735],[-2.941,53.734],[-2.939,53.734],[-2.936,53.736],[-2.941,53.734]],[[-2.939,53.734],[-2.938,53.734],[-2.939,53.734],[-2.939,53.734]],[[-2.944,53.733],[-2.944,53.733],[-2.944,53.733],[-2.944,53.733]],[[-2.944,53.733],[-2.944,53.734],[-2.945,53.733],[-2.944,53.733]],[[-2.945,53.733],[-2.945,53.733],[-2.945,53.733],[-2.945,53.733]],[[-2.945,53.734],[-2.944,53.734],[-2.945,53.734],[-2.945,53.734]],[[-2.949,53.733],[-2.949,53.733],[-2.949,53.733],[-2.949,53.733]],[[-2.948,53.734],[-2.949,53.733],[-2.949,53.733],[-2.948,53.734]],[[-2.947,53.734],[-2.948,53.734],[-2.948,53.734],[-2.947,53.734]],[[-2.941,53.735],[-2.941,53.735],[-2.941,53.735],[-2.941,53.735]],[[-2.941,53.735],[-2.941,53.735],[-2.939,53.735],[-2.941,53.735]],[[-2.941,53.735],[-2.941,53.735],[-2.941,53.735],[-2.941,53.735]],[[-2.941,53.735],[-2.941,53.734],[-2.94,53.735],[-2.941,53.735]],[[-2.94,53.735],[-2.94,53.735],[-2.941,53.735],[-2.94,53.735]],[[-2.94,53.735],[-2.938,53.736],[-2.94,53.735],[-2.94,53.735]],[[-2.941,53.735],[-2.94,53.735],[-2.941,53.735],[-2.941,53.735]],[[-2.941,53.736],[-2.941,53.736],[-2.941,53.736],[-2.941,53.736]],[[-2.941,53.736],[-2.941,53.736],[-2.94,53.736],[-2.941,53.736],[-2.941,53.736]],[[-2.94,53.736],[-2.939,53.736],[-2.94,53.736],[-2.94,53.736]],[[-2.939,53.736],[-2.939,53.736],[-2.939,53.736],[-2.939,53.736]],[[-2.937,53.736],[-2.939,53.736],[-2.939,53.736],[-2.937,53.736]],[[-2.94,53.737],[-2.94,53.737],[-2.94,53.737],[-2.94,53.737]],[[-2.94,53.737],[-2.939,53.737],[-2.94,53.737],[-2.94,53.737]],[[-2.937,53.738],[-2.938,53.738],[-2.937,53.738],[-2.937,53.738]],[[-2.937,53.738],[-2.936,53.739],[-2.937,53.738],[-2.937,53.738]],[[-2.914,53.737],[-2.915,53.738],[-2.916,53.738],[-2.914,53.737]],[[-2.906,53.736],[-2.912,53.737],[-2.909,53.736],[-2.907,53.736],[-2.906,53.736]],[[-2.906,53.737],[-2.906,53.737],[-2.906,53.736],[-2.906,53.737]],[[-2.906,53.737],[-2.906,53.737],[-2.906,53.737],[-2.906,53.737]],[[-2.917,53.74],[-2.917,53.74],[-2.917,53.74],[-2.917,53.74]],[[-2.917,53.74],[-2.917,53.74],[-2.917,53.741],[-2.917,53.74],[-2.917,53.74],[-2.917,53.74],[-2.917,53.74]],[[-2.917,53.741],[-2.917,53.741],[-2.917,53.741],[-2.917,53.741]],[[-2.917,53.741],[-2.917,53.741],[-2.916,53.742],[-2.917,53.743],[-2.917,53.741]],[[-2.928,53.739],[-2.928,53.74],[-2.928,53.739],[-2.928,53.739]],[[-2.929,53.741],[-2.93,53.741],[-2.93,53.741],[-2.929,53.741]],[[-2.928,53.74],[-2.925,53.74],[-2.929,53.741],[-2.928,53.74]],[[-2.949,53.736],[-2.948,53.736],[-2.948,53.736],[-2.949,53.736]],[[-2.95,53.735],[-2.95,53.736],[-2.95,53.735],[-2.95,53.735]],[[-2.86,53.748],[-2.86,53.75],[-2.859,53.751],[-2.86,53.75],[-2.86,53.748]]]}},{"type":"Feature","properties":{"code":"E14001243","name":"Gainsborough","centroidLat":53.40045,"centroidLong":-0.50775},"geometry":{"type":"Polygon","coordinates":[[[-0.132,53.436],[-0.214,53.429],[-0.206,53.408],[-0.229,53.398],[-0.205,53.372],[-0.256,53.344],[-0.255,53.33],[-0.276,53.322],[-0.293,53.334],[-0.31,53.32],[-0.296,53.303],[-0.317,53.298],[-0.316,53.279],[-0.276,53.234],[-0.302,53.21],[-0.29,53.179],[-0.319,53.185],[-0.352,53.228],[-0.495,53.225],[-0.496,53.247],[-0.514,53.254],[-0.595,53.245],[-0.622,53.258],[-0.667,53.24],[-0.688,53.258],[-0.777,53.247],[-0.764,53.273],[-0.777,53.284],[-0.763,53.299],[-0.758,53.293],[-0.745,53.293],[-0.749,53.323],[-0.766,53.33],[-0.758,53.354],[-0.79,53.363],[-0.776,53.397],[-0.82,53.44],[-0.739,53.52],[-0.624,53.513],[-0.63,53.458],[-0.472,53.475],[-0.487,53.48],[-0.488,53.505],[-0.405,53.518],[-0.408,53.532],[-0.431,53.546],[-0.5,53.539],[-0.429,53.575],[-0.336,53.559],[-0.303,53.591],[-0.301,53.616],[-0.223,53.568],[-0.192,53.568],[-0.22,53.533],[-0.204,53.512],[-0.211,53.486],[-0.154,53.466],[-0.132,53.436]]]}},{"type":"Feature","properties":{"code":"E14001244","name":"Gateshead Central and Whickham","centroidLat":54.93629,"centroidLong":-1.64307},"geometry":{"type":"Polygon","coordinates":[[[-1.596,54.97],[-1.584,54.942],[-1.557,54.93],[-1.584,54.918],[-1.644,54.936],[-1.691,54.903],[-1.738,54.919],[-1.677,54.964],[-1.632,54.95],[-1.596,54.97]],[[-1.632,54.95],[-1.632,54.95],[-1.632,54.95],[-1.632,54.95]],[[-1.628,54.948],[-1.629,54.949],[-1.632,54.95],[-1.628,54.948]]]}},{"type":"Feature","properties":{"code":"E14001245","name":"Gedling","centroidLat":52.99352,"centroidLong":-1.0959},"geometry":{"type":"Polygon","coordinates":[[[-1.007,52.985],[-1.038,52.984],[-1.042,52.951],[-1.085,52.948],[-1.154,52.997],[-1.144,53.007],[-1.184,53.021],[-1.156,53.047],[-1.132,53.023],[-1.049,53.033],[-1.029,53.023],[-1.052,53.011],[-1.007,52.985]]]}},{"type":"Feature","properties":{"code":"E14001246","name":"Gillingham and Rainham","centroidLat":51.36253,"centroidLong":0.584473},"geometry":{"type":"Polygon","coordinates":[[[0.635,51.389],[0.635,51.366],[0.611,51.336],[0.572,51.336],[0.536,51.391],[0.555,51.399],[0.616,51.378],[0.635,51.389]]]}},{"type":"Feature","properties":{"code":"S14000084","name":"Glasgow East","centroidLat":55.84353,"centroidLong":-4.14454},"geometry":{"type":"MultiPolygon","coordinates":[[[[-4.232,55.839],[-4.234,55.834],[-4.25,55.839],[-4.247,55.828],[-4.266,55.834],[-4.258,55.855],[-4.232,55.839]]],[[[-4.086,55.859],[-4.075,55.844],[-4.102,55.843],[-4.111,55.826],[-4.173,55.823],[-4.258,55.856],[-4.086,55.859]]]]}},{"type":"Feature","properties":{"code":"S14000085","name":"Glasgow North","centroidLat":55.8926,"centroidLong":-4.27691},"geometry":{"type":"Polygon","coordinates":[[[-4.232,55.897],[-4.258,55.856],[-4.308,55.865],[-4.29,55.878],[-4.322,55.889],[-4.316,55.906],[-4.29,55.912],[-4.298,55.929],[-4.269,55.929],[-4.232,55.897]]]}},{"type":"Feature","properties":{"code":"S14000086","name":"Glasgow North East","centroidLat":55.8791,"centroidLong":-4.15988},"geometry":{"type":"Polygon","coordinates":[[[-4.164,55.884],[-4.082,55.884],[-4.072,55.861],[-4.25,55.862],[-4.232,55.897],[-4.18,55.905],[-4.162,55.898],[-4.164,55.884]]]}},{"type":"Feature","properties":{"code":"S14000087","name":"Glasgow South","centroidLat":55.8114,"centroidLong":-4.2471},"geometry":{"type":"Polygon","coordinates":[[[-4.234,55.834],[-4.204,55.8],[-4.227,55.781],[-4.265,55.787],[-4.261,55.811],[-4.327,55.808],[-4.338,55.819],[-4.309,55.84],[-4.296,55.829],[-4.263,55.842],[-4.234,55.834]]]}},{"type":"Feature","properties":{"code":"S14000088","name":"Glasgow South West","centroidLat":55.8523,"centroidLong":-4.32056},"geometry":{"type":"Polygon","coordinates":[[[-4.355,55.864],[-4.353,55.865],[-4.258,55.855],[-4.296,55.829],[-4.33,55.833],[-4.338,55.819],[-4.323,55.801],[-4.333,55.793],[-4.372,55.795],[-4.376,55.835],[-4.333,55.846],[-4.355,55.864]]]}},{"type":"Feature","properties":{"code":"S14000089","name":"Glasgow West","centroidLat":55.88739,"centroidLong":-4.34159},"geometry":{"type":"Polygon","coordinates":[[[-4.322,55.901],[-4.294,55.87],[-4.392,55.89],[-4.369,55.899],[-4.39,55.911],[-4.38,55.921],[-4.322,55.901]]]}},{"type":"Feature","properties":{"code":"E14001247","name":"Glastonbury and Somerton","centroidLat":51.04911,"centroidLong":-2.60831},"geometry":{"type":"Polygon","coordinates":[[[-2.67,51.164],[-2.665,51.125],[-2.626,51.125],[-2.623,51.106],[-2.579,51.089],[-2.408,51.148],[-2.348,51.132],[-2.363,51.104],[-2.326,51.08],[-2.35,51.069],[-2.33,51.042],[-2.382,51.002],[-2.344,50.979],[-2.415,50.961],[-2.447,50.968],[-2.455,50.949],[-2.502,50.994],[-2.547,51.0],[-2.556,50.98],[-2.602,50.978],[-2.598,50.96],[-2.635,50.96],[-2.645,50.978],[-2.688,50.967],[-2.73,50.927],[-2.771,50.936],[-2.797,50.97],[-2.853,50.967],[-2.864,50.949],[-2.898,50.959],[-2.924,50.939],[-2.96,50.967],[-2.985,50.963],[-2.978,50.998],[-2.944,51.003],[-2.95,51.011],[-2.879,51.047],[-2.891,51.066],[-2.857,51.078],[-2.85,51.103],[-2.772,51.097],[-2.752,51.108],[-2.745,51.16],[-2.67,51.164]]]}},{"type":"Feature","properties":{"code":"S14000090","name":"Glenrothes and Mid Fife","centroidLat":56.17523,"centroidLong":-3.15535},"geometry":{"type":"Polygon","coordinates":[[[-3.09,56.193],[-2.996,56.189],[-3.102,56.136],[-3.137,56.153],[-3.321,56.111],[-3.334,56.141],[-3.393,56.113],[-3.398,56.136],[-3.37,56.146],[-3.372,56.164],[-3.297,56.171],[-3.309,56.185],[-3.261,56.196],[-3.275,56.214],[-3.265,56.22],[-3.291,56.226],[-3.276,56.236],[-3.178,56.222],[-3.089,56.234],[-3.067,56.229],[-3.09,56.193]]]}},{"type":"Feature","properties":{"code":"E14001248","name":"Gloucester","centroidLat":51.84545,"centroidLong":-2.23296},"geometry":{"type":"Polygon","coordinates":[[[-2.198,51.872],[-2.177,51.856],[-2.223,51.821],[-2.249,51.825],[-2.263,51.808],[-2.301,51.827],[-2.279,51.845],[-2.287,51.86],[-2.26,51.862],[-2.268,51.875],[-2.238,51.883],[-2.223,51.859],[-2.198,51.872]]]}},{"type":"Feature","properties":{"code":"E14001249","name":"Godalming and Ash","centroidLat":51.17817,"centroidLong":-0.59516},"geometry":{"type":"Polygon","coordinates":[[[-0.651,51.243],[-0.559,51.216],[-0.503,51.24],[-0.435,51.24],[-0.426,51.23],[-0.438,51.21],[-0.41,51.193],[-0.408,51.176],[-0.444,51.184],[-0.464,51.172],[-0.464,51.152],[-0.444,51.126],[-0.417,51.125],[-0.419,51.105],[-0.687,51.076],[-0.675,51.093],[-0.685,51.108],[-0.734,51.121],[-0.749,51.165],[-0.723,51.192],[-0.748,51.224],[-0.732,51.28],[-0.707,51.283],[-0.699,51.236],[-0.651,51.243]]]}},{"type":"Feature","properties":{"code":"E14001250","name":"Goole and Pocklington","centroidLat":53.8428,"centroidLong":-0.82614},"geometry":{"type":"MultiPolygon","coordinates":[[[[-0.698,53.685],[-0.848,53.633],[-0.99,53.659],[-0.991,53.673],[-0.946,53.679],[-0.87,53.696],[-0.857,53.686],[-0.849,53.685],[-0.811,53.704],[-0.775,53.695],[-0.712,53.702],[-0.698,53.685]]],[[[-0.991,53.661],[-1.037,53.654],[-1.103,53.669],[-1.063,53.707],[-0.981,53.697],[-0.905,53.727],[-0.865,53.722],[-0.854,53.731],[-0.847,53.725],[-0.844,53.711],[-0.864,53.704],[-0.866,53.697],[-0.87,53.697],[-0.892,53.693],[-0.946,53.68],[-0.992,53.674],[-0.991,53.661]]],[[[-0.58,53.858],[-0.581,53.846],[-0.641,53.836],[-0.651,53.816],[-0.619,53.799],[-0.445,53.821],[-0.41,53.805],[-0.447,53.794],[-0.454,53.766],[-0.483,53.759],[-0.463,53.717],[-0.549,53.709],[-0.583,53.727],[-0.63,53.734],[-0.618,53.731],[-0.696,53.704],[-0.811,53.707],[-0.852,53.686],[-0.864,53.7],[-0.842,53.71],[-0.849,53.731],[-0.858,53.732],[-0.872,53.724],[-0.91,53.728],[-0.973,53.75],[-0.928,53.766],[-0.934,53.802],[-0.92,53.816],[-0.941,53.824],[-0.948,53.862],[-0.92,53.889],[-0.95,53.894],[-0.922,53.921],[-0.934,53.971],[-0.909,53.997],[-0.878,54.0],[-0.88,53.975],[-0.84,53.943],[-0.759,53.948],[-0.751,53.923],[-0.778,53.899],[-0.726,53.873],[-0.706,53.828],[-0.58,53.858]]]]}},{"type":"Feature","properties":{"code":"S14000091","name":"Gordon and Buchan","centroidLat":57.39164,"centroidLong":-2.44082},"geometry":{"type":"Polygon","coordinates":[[[-1.879,57.38],[-1.988,57.31],[-1.991,57.349],[-2.018,57.362],[-2.053,57.364],[-1.995,57.347],[-2.016,57.336],[-1.999,57.332],[-1.99,57.306],[-2.061,57.212],[-2.128,57.227],[-2.175,57.21],[-2.205,57.231],[-2.28,57.235],[-2.31,57.228],[-2.321,57.207],[-2.378,57.195],[-2.434,57.211],[-2.41,57.221],[-2.397,57.268],[-2.443,57.265],[-2.454,57.234],[-2.507,57.245],[-2.51,57.3],[-2.592,57.269],[-2.602,57.248],[-2.591,57.231],[-2.634,57.222],[-2.65,57.226],[-2.64,57.237],[-2.651,57.246],[-2.741,57.241],[-2.742,57.208],[-2.817,57.214],[-2.819,57.23],[-2.843,57.235],[-2.912,57.225],[-2.985,57.275],[-2.952,57.318],[-2.972,57.328],[-2.984,57.363],[-2.954,57.378],[-3.024,57.405],[-2.955,57.439],[-3.011,57.443],[-3.013,57.461],[-2.972,57.497],[-2.917,57.495],[-2.884,57.533],[-2.826,57.539],[-2.789,57.508],[-2.759,57.522],[-2.718,57.501],[-2.65,57.53],[-2.629,57.514],[-2.553,57.515],[-2.54,57.536],[-2.478,57.541],[-2.502,57.558],[-2.453,57.583],[-2.36,57.588],[-2.286,57.565],[-2.265,57.586],[-2.237,57.587],[-2.221,57.571],[-2.207,57.584],[-2.14,57.549],[-2.025,57.526],[-2.026,57.511],[-1.96,57.493],[-1.969,57.429],[-1.947,57.401],[-1.879,57.38]],[[-2.018,57.362],[-2.018,57.362],[-2.018,57.362],[-2.018,57.362]],[[-2.017,57.361],[-2.016,57.361],[-2.017,57.362],[-2.018,57.362],[-2.016,57.361],[-2.017,57.361],[-2.018,57.362],[-2.018,57.362],[-2.017,57.361]],[[-2.017,57.362],[-2.018,57.362],[-2.018,57.362],[-2.017,57.362]],[[-2.017,57.364],[-2.017,57.364],[-2.018,57.364],[-2.017,57.364]],[[-2.017,57.337],[-2.016,57.336],[-2.016,57.336],[-2.017,57.337]],[[-2.016,57.336],[-2.016,57.336],[-2.016,57.336],[-2.016,57.336]],[[-2.019,57.335],[-2.018,57.335],[-2.016,57.336],[-2.019,57.335]],[[-2.019,57.335],[-2.019,57.335],[-2.019,57.335],[-2.019,57.335]],[[-2.019,57.335],[-2.02,57.335],[-2.019,57.335],[-2.019,57.335]],[[-2.02,57.335],[-2.02,57.335],[-2.02,57.335],[-2.02,57.335]],[[-2.02,57.335],[-2.02,57.335],[-2.02,57.335],[-2.02,57.335]],[[-2.02,57.335],[-2.02,57.335],[-2.02,57.335],[-2.02,57.335]],[[-2.02,57.335],[-2.021,57.335],[-2.022,57.335],[-2.022,57.334],[-2.02,57.335]]]}},{"type":"Feature","properties":{"code":"E14001251","name":"Gorton and Denton","centroidLat":53.44607,"centroidLong":-2.11952},"geometry":{"type":"Polygon","coordinates":[[[-2.194,53.472],[-2.149,53.461],[-2.102,53.466],[-2.089,53.444],[-2.103,53.433],[-2.166,53.454],[-2.176,53.433],[-2.219,53.422],[-2.194,53.472]]]}},{"type":"Feature","properties":{"code":"E14001252","name":"Gosport","centroidLat":50.8096,"centroidLong":-1.17197},"geometry":{"type":"Polygon","coordinates":[[[-1.211,50.846],[-1.152,50.836],[-1.157,50.823],[-1.117,50.796],[-1.136,50.79],[-1.141,50.783],[-1.112,50.79],[-1.141,50.773],[-1.243,50.819],[-1.211,50.846]]]}},{"type":"Feature","properties":{"code":"W07000097","name":"Gower","centroidLat":51.60483,"centroidLong":-4.09333},"geometry":{"type":"Polygon","coordinates":[[[-4.241,51.629],[-4.231,51.631],[-4.234,51.628],[-4.234,51.623],[-4.23,51.631],[-4.224,51.621],[-4.222,51.621],[-4.224,51.621],[-4.225,51.624],[-4.225,51.626],[-4.224,51.625],[-4.224,51.625],[-4.224,51.624],[-4.224,51.625],[-4.225,51.626],[-4.22,51.626],[-4.218,51.621],[-4.218,51.623],[-4.217,51.621],[-4.213,51.624],[-4.213,51.619],[-4.212,51.62],[-4.21,51.619],[-4.208,51.619],[-4.211,51.624],[-4.213,51.624],[-4.217,51.623],[-4.218,51.624],[-4.215,51.626],[-4.225,51.628],[-4.22,51.632],[-4.214,51.627],[-4.209,51.625],[-4.218,51.636],[-4.186,51.627],[-4.193,51.624],[-4.193,51.623],[-4.193,51.624],[-4.192,51.622],[-4.189,51.622],[-4.194,51.62],[-4.188,51.617],[-4.18,51.628],[-4.167,51.622],[-4.164,51.626],[-4.163,51.624],[-4.161,51.624],[-4.159,51.624],[-4.165,51.627],[-4.158,51.634],[-4.153,51.636],[-4.15,51.635],[-4.152,51.632],[-4.151,51.632],[-4.15,51.632],[-4.15,51.631],[-4.149,51.631],[-4.15,51.632],[-4.151,51.632],[-4.15,51.634],[-4.138,51.635],[-4.135,51.633],[-4.134,51.632],[-4.133,51.632],[-4.137,51.642],[-4.125,51.641],[-4.124,51.642],[-4.105,51.643],[-4.1,51.645],[-4.095,51.645],[-4.092,51.646],[-4.09,51.647],[-4.117,51.645],[-4.102,51.654],[-4.091,51.656],[-4.089,51.656],[-4.09,51.655],[-4.09,51.654],[-4.091,51.654],[-4.091,51.652],[-4.085,51.65],[-4.089,51.656],[-4.071,51.652],[-4.072,51.657],[-4.064,51.654],[-4.06,51.655],[-4.058,51.654],[-4.049,51.656],[-4.081,51.661],[-4.062,51.673],[-4.077,51.683],[-4.043,51.706],[-4.049,51.729],[-4.0,51.774],[-3.93,51.77],[-3.881,51.72],[-3.952,51.666],[-3.992,51.655],[-3.965,51.634],[-4.009,51.633],[-4.013,51.611],[-3.981,51.565],[-4.035,51.57],[-4.064,51.557],[-4.111,51.57],[-4.111,51.574],[-4.105,51.575],[-4.104,51.575],[-4.105,51.577],[-4.104,51.578],[-4.156,51.562],[-4.153,51.541],[-4.195,51.548],[-4.211,51.537],[-4.308,51.563],[-4.289,51.577],[-4.308,51.611],[-4.283,51.614],[-4.246,51.647],[-4.231,51.648],[-4.242,51.646],[-4.233,51.642],[-4.247,51.628],[-4.243,51.629],[-4.245,51.626],[-4.243,51.627],[-4.243,51.624],[-4.241,51.623],[-4.242,51.623],[-4.242,51.622],[-4.241,51.622],[-4.24,51.622],[-4.243,51.622],[-4.243,51.621],[-4.243,51.62],[-4.244,51.62],[-4.244,51.619],[-4.24,51.622],[-4.242,51.627],[-4.237,51.624],[-4.241,51.629]],[[-4.236,51.627],[-4.236,51.627],[-4.236,51.627],[-4.236,51.627]],[[-4.236,51.627],[-4.236,51.627],[-4.236,51.627],[-4.236,51.627]],[[-4.234,51.623],[-4.234,51.623],[-4.234,51.623],[-4.234,51.623]],[[-4.234,51.623],[-4.234,51.623],[-4.234,51.623],[-4.234,51.623]],[[-4.231,51.626],[-4.231,51.626],[-4.231,51.626],[-4.231,51.626]],[[-4.229,51.624],[-4.231,51.624],[-4.229,51.623],[-4.229,51.624]],[[-4.225,51.624],[-4.225,51.624],[-4.225,51.624],[-4.225,51.624]],[[-4.225,51.624],[-4.224,51.624],[-4.223,51.623],[-4.225,51.624]],[[-4.208,51.619],[-4.208,51.619],[-4.208,51.619],[-4.208,51.619]],[[-4.205,51.618],[-4.206,51.618],[-4.206,51.618],[-4.206,51.616],[-4.205,51.618]],[[-4.213,51.626],[-4.214,51.626],[-4.213,51.626],[-4.212,51.625],[-4.21,51.624],[-4.213,51.626]],[[-4.193,51.623],[-4.193,51.623],[-4.193,51.623],[-4.193,51.623]],[[-4.193,51.623],[-4.196,51.623],[-4.198,51.622],[-4.196,51.622],[-4.193,51.623]],[[-4.172,51.62],[-4.172,51.62],[-4.17,51.62],[-4.172,51.62]],[[-4.169,51.62],[-4.169,51.62],[-4.17,51.62],[-4.169,51.62]],[[-4.172,51.619],[-4.172,51.619],[-4.173,51.616],[-4.172,51.619]],[[-4.167,51.622],[-4.168,51.621],[-4.167,51.622],[-4.167,51.622]],[[-4.168,51.621],[-4.167,51.62],[-4.168,51.621],[-4.168,51.621]],[[-4.167,51.62],[-4.167,51.62],[-4.167,51.62],[-4.167,51.62]],[[-4.167,51.62],[-4.166,51.619],[-4.165,51.619],[-4.166,51.62],[-4.167,51.62]],[[-4.166,51.619],[-4.166,51.619],[-4.166,51.619],[-4.166,51.619]],[[-4.166,51.619],[-4.167,51.618],[-4.167,51.617],[-4.167,51.617],[-4.166,51.618],[-4.166,51.619]],[[-4.166,51.618],[-4.166,51.618],[-4.166,51.618],[-4.166,51.618]],[[-4.166,51.618],[-4.166,51.618],[-4.166,51.618],[-4.166,51.618]],[[-4.166,51.618],[-4.166,51.618],[-4.166,51.618],[-4.166,51.618]],[[-4.166,51.617],[-4.166,51.617],[-4.166,51.618],[-4.166,51.617]],[[-4.163,51.624],[-4.163,51.624],[-4.163,51.624],[-4.163,51.624]],[[-4.163,51.624],[-4.163,51.624],[-4.162,51.624],[-4.163,51.624]],[[-4.162,51.624],[-4.162,51.624],[-4.162,51.624],[-4.162,51.624]],[[-4.162,51.623],[-4.162,51.623],[-4.162,51.624],[-4.162,51.623]],[[-4.163,51.628],[-4.163,51.628],[-4.163,51.628],[-4.163,51.628]],[[-4.163,51.628],[-4.162,51.626],[-4.161,51.627],[-4.163,51.628],[-4.163,51.628]],[[-4.161,51.627],[-4.161,51.627],[-4.161,51.627],[-4.161,51.627]],[[-4.161,51.627],[-4.16,51.627],[-4.157,51.626],[-4.156,51.627],[-4.157,51.626],[-4.16,51.627],[-4.161,51.627]],[[-4.163,51.628],[-4.163,51.628],[-4.163,51.628],[-4.163,51.628]],[[-4.163,51.628],[-4.162,51.628],[-4.163,51.628],[-4.163,51.628]],[[-4.162,51.628],[-4.162,51.628],[-4.162,51.628],[-4.162,51.628]],[[-4.16,51.628],[-4.162,51.628],[-4.16,51.628],[-4.16,51.628]],[[-4.153,51.635],[-4.152,51.634],[-4.152,51.635],[-4.153,51.635]],[[-4.152,51.634],[-4.153,51.633],[-4.152,51.634],[-4.152,51.634]],[[-4.15,51.634],[-4.15,51.634],[-4.15,51.634],[-4.15,51.634]],[[-4.15,51.633],[-4.15,51.634],[-4.15,51.634],[-4.15,51.633]],[[-4.148,51.633],[-4.148,51.634],[-4.148,51.634],[-4.148,51.633]],[[-4.148,51.634],[-4.148,51.634],[-4.148,51.634],[-4.148,51.634]],[[-4.148,51.633],[-4.147,51.633],[-4.148,51.634],[-4.148,51.633]],[[-4.147,51.633],[-4.147,51.633],[-4.147,51.633],[-4.147,51.633]],[[-4.145,51.634],[-4.145,51.634],[-4.145,51.634],[-4.145,51.634]],[[-4.144,51.633],[-4.144,51.633],[-4.143,51.633],[-4.144,51.633]],[[-4.089,51.648],[-4.089,51.648],[-4.089,51.648],[-4.089,51.648]],[[-4.088,51.648],[-4.087,51.648],[-4.087,51.649],[-4.086,51.649],[-4.087,51.649],[-4.088,51.648],[-4.088,51.648],[-4.089,51.648],[-4.088,51.648]],[[-4.091,51.652],[-4.09,51.651],[-4.091,51.652],[-4.091,51.652]],[[-4.09,51.651],[-4.09,51.651],[-4.09,51.65],[-4.09,51.651]],[[-4.064,51.654],[-4.064,51.654],[-4.064,51.654],[-4.064,51.654]],[[-4.064,51.654],[-4.061,51.653],[-4.059,51.652],[-4.064,51.654]],[[-4.068,51.682],[-4.068,51.682],[-4.068,51.683],[-4.068,51.682]],[[-4.068,51.682],[-4.068,51.681],[-4.068,51.682],[-4.068,51.682]],[[-4.06,51.693],[-4.06,51.693],[-4.06,51.693],[-4.06,51.693]],[[-4.058,51.694],[-4.059,51.694],[-4.06,51.693],[-4.058,51.694]],[[-4.245,51.626],[-4.245,51.626],[-4.245,51.626],[-4.245,51.626]],[[-4.245,51.626],[-4.245,51.626],[-4.245,51.626],[-4.245,51.626]],[[-4.245,51.626],[-4.245,51.626],[-4.245,51.626],[-4.245,51.626]],[[-4.245,51.626],[-4.246,51.626],[-4.246,51.625],[-4.245,51.626]],[[-4.242,51.623],[-4.242,51.623],[-4.242,51.623],[-4.242,51.623]],[[-4.244,51.619],[-4.244,51.619],[-4.244,51.619],[-4.244,51.619]],[[-4.246,51.619],[-4.246,51.618],[-4.244,51.619],[-4.246,51.619]],[[-4.221,51.623],[-4.221,51.623],[-4.221,51.622],[-4.221,51.623]],[[-4.16,51.628],[-4.16,51.628],[-4.159,51.628],[-4.16,51.628]],[[-4.16,51.629],[-4.161,51.629],[-4.16,51.629],[-4.16,51.629],[-4.16,51.629]],[[-4.16,51.629],[-4.16,51.629],[-4.16,51.629],[-4.16,51.629]],[[-4.16,51.628],[-4.156,51.627],[-4.16,51.629],[-4.16,51.628]],[[-4.16,51.629],[-4.159,51.629],[-4.159,51.629],[-4.16,51.629]],[[-4.159,51.629],[-4.159,51.629],[-4.159,51.629],[-4.159,51.629]],[[-4.158,51.629],[-4.157,51.629],[-4.159,51.629],[-4.158,51.629]],[[-4.156,51.629],[-4.155,51.628],[-4.157,51.629],[-4.156,51.629]],[[-4.155,51.628],[-4.155,51.628],[-4.155,51.628],[-4.155,51.628]],[[-4.155,51.627],[-4.155,51.628],[-4.155,51.628],[-4.155,51.627]]]}},{"type":"Feature","properties":{"code":"E14001253","name":"Grantham and Bourne","centroidLat":52.90332,"centroidLong":-0.51716},"geometry":{"type":"Polygon","coordinates":[[[-0.202,53.006],[-0.19,52.996],[-0.247,52.929],[-0.27,52.877],[-0.257,52.867],[-0.276,52.862],[-0.261,52.771],[-0.305,52.746],[-0.407,52.761],[-0.42,52.82],[-0.399,52.824],[-0.404,52.844],[-0.582,52.834],[-0.583,52.881],[-0.596,52.889],[-0.688,52.869],[-0.676,52.848],[-0.706,52.838],[-0.777,52.905],[-0.755,52.951],[-0.778,52.959],[-0.778,52.984],[-0.804,53.013],[-0.761,53.029],[-0.75,53.055],[-0.69,53.06],[-0.523,53.05],[-0.532,52.99],[-0.479,52.977],[-0.379,52.975],[-0.202,53.006]]]}},{"type":"Feature","properties":{"code":"E14001254","name":"Gravesham","centroidLat":51.39649,"centroidLong":0.398744},"geometry":{"type":"Polygon","coordinates":[[[0.459,51.457],[0.488,51.443],[0.488,51.414],[0.431,51.388],[0.381,51.33],[0.341,51.325],[0.331,51.371],[0.345,51.393],[0.315,51.465],[0.325,51.45],[0.382,51.444],[0.459,51.457]],[[0.46,51.455],[0.459,51.455],[0.459,51.455],[0.46,51.455]]]}},{"type":"Feature","properties":{"code":"E14001255","name":"Great Grimsby and Cleethorpes","centroidLat":53.56245,"centroidLong":-0.08592},"geometry":{"type":"Polygon","coordinates":[[[0.007,53.538],[-0.052,53.551],[-0.124,53.543],[-0.15,53.568],[-0.112,53.59],[-0.064,53.584],[-0.008,53.556],[0.007,53.538]],[[-0.004,53.547],[-0.004,53.547],[-0.004,53.548],[-0.004,53.547]],[[-0.003,53.547],[-0.004,53.547],[-0.004,53.547],[-0.003,53.547]],[[0.002,53.54],[0.002,53.54],[0.003,53.54],[0.002,53.54]],[[0.002,53.54],[0.004,53.539],[0.002,53.54],[0.002,53.54]]]}},{"type":"Feature","properties":{"code":"E14001256","name":"Great Yarmouth","centroidLat":52.68439,"centroidLong":1.649525},"geometry":{"type":"MultiPolygon","coordinates":[[[[1.74,52.532],[1.668,52.55],[1.629,52.526],[1.606,52.545],[1.651,52.576],[1.65,52.594],[1.713,52.612],[1.724,52.605],[1.726,52.593],[1.732,52.572],[1.739,52.572],[1.74,52.532]]],[[[1.635,52.593],[1.643,52.605],[1.678,52.613],[1.644,52.63],[1.693,52.621],[1.725,52.626],[1.722,52.62],[1.722,52.616],[1.723,52.614],[1.722,52.612],[1.696,52.618],[1.635,52.593]]],[[[1.546,52.696],[1.675,52.743],[1.698,52.724],[1.745,52.627],[1.744,52.575],[1.734,52.574],[1.726,52.604],[1.72,52.61],[1.72,52.611],[1.723,52.612],[1.724,52.614],[1.722,52.62],[1.727,52.624],[1.725,52.627],[1.721,52.631],[1.622,52.633],[1.605,52.624],[1.558,52.651],[1.546,52.696]],[[1.554,52.687],[1.554,52.687],[1.554,52.687],[1.554,52.687]]]]}},{"type":"Feature","properties":{"code":"E14001257","name":"Greenwich and Woolwich","centroidLat":51.48401,"centroidLong":0.034399},"geometry":{"type":"Polygon","coordinates":[[[0.076,51.496],[0.08,51.48],[0.058,51.471],[-0.023,51.474],[0.002,51.489],[0.002,51.505],[0.076,51.496]]]}},{"type":"Feature","properties":{"code":"E14001258","name":"Guildford","centroidLat":51.27279,"centroidLong":-0.46345},"geometry":{"type":"Polygon","coordinates":[[[-0.54,51.301],[-0.437,51.327],[-0.44,51.305],[-0.395,51.298],[-0.397,51.238],[-0.503,51.24],[-0.559,51.216],[-0.653,51.248],[-0.632,51.278],[-0.602,51.286],[-0.543,51.266],[-0.54,51.301]]]}},{"type":"Feature","properties":{"code":"E14001259","name":"Hackney North and Stoke Newington","centroidLat":51.56352,"centroidLong":-0.06985},"geometry":{"type":"Polygon","coordinates":[[[-0.061,51.578],[-0.017,51.552],[-0.078,51.549],[-0.092,51.564],[-0.061,51.578]]]}},{"type":"Feature","properties":{"code":"E14001260","name":"Hackney South and Shoreditch","centroidLat":51.5365,"centroidLong":-0.07004},"geometry":{"type":"Polygon","coordinates":[[[-0.017,51.552],[-0.083,51.52],[-0.097,51.533],[-0.075,51.551],[-0.017,51.552]]]}},{"type":"Feature","properties":{"code":"E14001261","name":"Halesowen","centroidLat":52.45707,"centroidLong":-2.05768},"geometry":{"type":"Polygon","coordinates":[[[-2.107,52.482],[-2.047,52.47],[-2.023,52.481],[-2.017,52.433],[-2.112,52.441],[-2.107,52.482]]]}},{"type":"Feature","properties":{"code":"E14001262","name":"Halifax","centroidLat":53.73845,"centroidLong":-1.87624},"geometry":{"type":"Polygon","coordinates":[[[-1.951,53.786],[-1.873,53.779],[-1.873,53.755],[-1.855,53.748],[-1.802,53.759],[-1.793,53.745],[-1.844,53.724],[-1.821,53.724],[-1.814,53.7],[-1.851,53.692],[-1.903,53.708],[-1.927,53.688],[-1.959,53.699],[-1.92,53.712],[-1.933,53.729],[-1.92,53.728],[-1.925,53.762],[-1.951,53.786]]]}},{"type":"Feature","properties":{"code":"E14001263","name":"Hamble Valley","centroidLat":50.86291,"centroidLong":-1.26758},"geometry":{"type":"Polygon","coordinates":[[[-1.169,50.922],[-1.238,50.904],[-1.216,50.891],[-1.237,50.864],[-1.21,50.853],[-1.211,50.836],[-1.242,50.817],[-1.308,50.843],[-1.296,50.879],[-1.302,50.884],[-1.249,50.903],[-1.269,50.913],[-1.263,50.9],[-1.288,50.897],[-1.305,50.883],[-1.303,50.881],[-1.301,50.88],[-1.301,50.88],[-1.314,50.873],[-1.317,50.876],[-1.31,50.849],[-1.365,50.88],[-1.322,50.901],[-1.328,50.914],[-1.291,50.947],[-1.267,50.929],[-1.235,50.94],[-1.212,50.935],[-1.223,50.923],[-1.169,50.922]],[[-1.268,50.913],[-1.268,50.913],[-1.269,50.913],[-1.268,50.913]],[[-1.268,50.913],[-1.268,50.914],[-1.269,50.914],[-1.268,50.913]],[[-1.295,50.894],[-1.296,50.894],[-1.295,50.894],[-1.295,50.894]],[[-1.314,50.875],[-1.315,50.875],[-1.314,50.875],[-1.314,50.875]],[[-1.268,50.915],[-1.268,50.915],[-1.267,50.916],[-1.268,50.915]]]}},{"type":"Feature","properties":{"code":"S14000092","name":"Hamilton and Clyde Valley","centroidLat":55.6735,"centroidLong":-3.92338},"geometry":{"type":"Polygon","coordinates":[[[-4.043,55.797],[-3.909,55.739],[-3.863,55.7],[-3.765,55.701],[-3.732,55.691],[-3.759,55.679],[-3.71,55.674],[-3.703,55.661],[-3.74,55.653],[-3.762,55.631],[-3.852,55.628],[-3.838,55.616],[-3.846,55.605],[-3.891,55.618],[-3.987,55.573],[-4.034,55.584],[-4.039,55.606],[-3.948,55.683],[-3.965,55.712],[-3.997,55.7],[-4.01,55.716],[-4.066,55.709],[-4.1,55.746],[-4.148,55.754],[-4.122,55.782],[-4.043,55.797]]]}},{"type":"Feature","properties":{"code":"E14001264","name":"Hammersmith and Chiswick","centroidLat":51.49308,"centroidLong":-0.24499},"geometry":{"type":"Polygon","coordinates":[[[-0.238,51.514],[-0.202,51.492],[-0.243,51.489],[-0.257,51.472],[-0.301,51.499],[-0.255,51.495],[-0.238,51.514]]]}},{"type":"Feature","properties":{"code":"E14001265","name":"Hampstead and Highgate","centroidLat":51.56037,"centroidLong":-0.16751},"geometry":{"type":"Polygon","coordinates":[[[-0.133,51.573],[-0.165,51.536],[-0.213,51.555],[-0.163,51.584],[-0.133,51.573]]]}},{"type":"Feature","properties":{"code":"E14001266","name":"Harborough, Oadby and Wigston","centroidLat":52.53794,"centroidLong":-1.0118},"geometry":{"type":"Polygon","coordinates":[[[-0.883,52.514],[-0.882,52.493],[-0.898,52.487],[-0.882,52.471],[-0.901,52.46],[-0.953,52.477],[-1.028,52.459],[-1.049,52.48],[-1.016,52.533],[-1.075,52.54],[-1.064,52.562],[-1.13,52.562],[-1.145,52.586],[-1.104,52.596],[-1.097,52.616],[-1.067,52.617],[-1.042,52.598],[-0.985,52.618],[-0.936,52.599],[-0.941,52.58],[-0.921,52.565],[-0.918,52.535],[-0.883,52.514]]]}},{"type":"Feature","properties":{"code":"E14001267","name":"Harlow","centroidLat":51.79258,"centroidLong":0.202569},"geometry":{"type":"Polygon","coordinates":[[[0.281,51.789],[0.181,51.771],[0.161,51.758],[0.174,51.736],[0.155,51.731],[0.084,51.735],[0.057,51.763],[0.037,51.758],[0.056,51.741],[0.022,51.731],[0.023,51.717],[-0.014,51.723],[-0.013,51.743],[0.025,51.774],[0.151,51.797],[0.173,51.818],[0.161,51.826],[0.17,51.862],[0.198,51.872],[0.327,51.855],[0.332,51.839],[0.286,51.825],[0.281,51.789]]]}},{"type":"Feature","properties":{"code":"E14001268","name":"Harpenden and Berkhamsted","centroidLat":51.79313,"centroidLong":-0.47744},"geometry":{"type":"Polygon","coordinates":[[[-0.339,51.85],[-0.267,51.835],[-0.244,51.809],[-0.278,51.798],[-0.267,51.768],[-0.285,51.76],[-0.337,51.779],[-0.375,51.746],[-0.357,51.734],[-0.378,51.729],[-0.416,51.733],[-0.442,51.783],[-0.515,51.769],[-0.527,51.743],[-0.57,51.736],[-0.586,51.752],[-0.644,51.754],[-0.746,51.842],[-0.696,51.858],[-0.667,51.816],[-0.582,51.807],[-0.557,51.831],[-0.52,51.805],[-0.47,51.856],[-0.374,51.829],[-0.339,51.85]]]}},{"type":"Feature","properties":{"code":"E14001269","name":"Harrogate and Knaresborough","centroidLat":54.0179,"centroidLong":-1.47936},"geometry":{"type":"Polygon","coordinates":[[[-1.518,53.953],[-1.564,53.96],[-1.562,53.978],[-1.623,53.995],[-1.619,54.021],[-1.569,54.034],[-1.521,54.021],[-1.539,54.046],[-1.503,54.058],[-1.523,54.071],[-1.506,54.083],[-1.39,54.06],[-1.383,54.037],[-1.344,54.02],[-1.352,53.993],[-1.389,54.0],[-1.421,53.981],[-1.442,53.998],[-1.488,53.992],[-1.518,53.953]]]}},{"type":"Feature","properties":{"code":"E14001270","name":"Harrow East","centroidLat":51.61104,"centroidLong":-0.31514},"geometry":{"type":"Polygon","coordinates":[[[-0.304,51.636],[-0.262,51.596],[-0.267,51.583],[-0.317,51.582],[-0.332,51.591],[-0.326,51.603],[-0.35,51.599],[-0.368,51.621],[-0.304,51.636]]]}},{"type":"Feature","properties":{"code":"E14001271","name":"Harrow West","centroidLat":51.5793,"centroidLong":-0.35136},"geometry":{"type":"Polygon","coordinates":[[[-0.37,51.606],[-0.328,51.604],[-0.317,51.582],[-0.336,51.557],[-0.376,51.553],[-0.386,51.571],[-0.363,51.587],[-0.37,51.606]]]}},{"type":"Feature","properties":{"code":"E14001272","name":"Hartlepool","centroidLat":54.67613,"centroidLong":-1.27017},"geometry":{"type":"Polygon","coordinates":[[[-1.27,54.727],[-1.176,54.698],[-1.196,54.699],[-1.199,54.681],[-1.158,54.648],[-1.173,54.633],[-1.162,54.635],[-1.257,54.623],[-1.299,54.628],[-1.316,54.645],[-1.335,54.631],[-1.384,54.646],[-1.341,54.65],[-1.348,54.662],[-1.331,54.682],[-1.345,54.691],[-1.319,54.691],[-1.304,54.719],[-1.27,54.727]],[[-1.233,54.631],[-1.233,54.631],[-1.233,54.631],[-1.233,54.631]],[[-1.233,54.631],[-1.233,54.631],[-1.233,54.631],[-1.233,54.631]],[[-1.233,54.631],[-1.234,54.631],[-1.233,54.631],[-1.233,54.631]],[[-1.236,54.632],[-1.236,54.634],[-1.234,54.631],[-1.236,54.632]]]}},{"type":"Feature","properties":{"code":"E14001273","name":"Harwich and North Essex","centroidLat":51.90067,"centroidLong":0.996735},"geometry":{"type":"MultiPolygon","coordinates":[[[[0.911,51.802],[0.897,51.789],[0.861,51.818],[0.889,51.846],[0.899,51.843],[0.931,51.845],[0.933,51.846],[0.938,51.848],[0.939,51.846],[0.94,51.846],[0.941,51.847],[0.943,51.846],[0.945,51.847],[0.953,51.849],[0.951,51.851],[0.954,51.852],[0.955,51.851],[0.956,51.854],[0.963,51.852],[0.977,51.846],[0.978,51.836],[0.969,51.829],[0.974,51.829],[0.982,51.817],[0.966,51.823],[0.965,51.824],[0.965,51.828],[0.967,51.828],[0.964,51.828],[0.963,51.832],[0.954,51.832],[0.952,51.833],[0.954,51.828],[0.949,51.827],[0.951,51.825],[0.943,51.822],[0.967,51.819],[0.991,51.807],[0.98,51.808],[0.97,51.813],[0.916,51.811],[0.937,51.806],[0.931,51.802],[0.923,51.801],[0.923,51.804],[0.919,51.804],[0.922,51.803],[0.923,51.801],[0.922,51.8],[0.922,51.802],[0.918,51.804],[0.918,51.799],[0.921,51.796],[0.921,51.797],[0.922,51.795],[0.924,51.795],[0.922,51.796],[0.927,51.8],[0.943,51.807],[0.965,51.809],[0.997,51.803],[1.004,51.798],[0.902,51.774],[0.921,51.792],[0.911,51.802]],[[0.907,51.802],[0.907,51.802],[0.907,51.802],[0.907,51.802]],[[0.908,51.803],[0.908,51.803],[0.907,51.803],[0.908,51.803]],[[0.952,51.851],[0.952,51.851],[0.952,51.851],[0.952,51.851]],[[0.952,51.851],[0.954,51.851],[0.952,51.851],[0.952,51.851],[0.952,51.851]],[[0.955,51.851],[0.955,51.851],[0.955,51.851],[0.955,51.851]],[[0.955,51.851],[0.955,51.851],[0.955,51.851],[0.955,51.851]],[[0.957,51.853],[0.957,51.854],[0.957,51.854],[0.957,51.853]],[[0.976,51.845],[0.976,51.844],[0.977,51.844],[0.976,51.845]],[[0.976,51.844],[0.976,51.844],[0.976,51.844],[0.976,51.844]],[[0.976,51.844],[0.976,51.843],[0.976,51.844],[0.976,51.844]],[[0.975,51.838],[0.975,51.838],[0.976,51.838],[0.975,51.838]],[[0.971,51.831],[0.971,51.831],[0.971,51.831],[0.971,51.831]],[[0.971,51.831],[0.971,51.831],[0.971,51.831],[0.971,51.831]],[[0.969,51.831],[0.97,51.83],[0.97,51.83],[0.969,51.831]],[[0.968,51.831],[0.968,51.832],[0.968,51.831],[0.968,51.831]],[[0.968,51.831],[0.968,51.831],[0.968,51.831],[0.968,51.831]],[[0.969,51.83],[0.969,51.83],[0.969,51.83],[0.969,51.83]],[[0.969,51.83],[0.968,51.83],[0.968,51.829],[0.969,51.83]],[[0.968,51.83],[0.968,51.83],[0.968,51.83],[0.968,51.83]],[[0.968,51.83],[0.968,51.83],[0.968,51.83],[0.968,51.83]],[[0.968,51.83],[0.968,51.829],[0.968,51.83],[0.968,51.83]],[[0.968,51.83],[0.968,51.83],[0.968,51.83],[0.968,51.83]],[[0.967,51.83],[0.967,51.83],[0.968,51.83],[0.967,51.83]],[[0.967,51.83],[0.967,51.831],[0.966,51.829],[0.967,51.83]],[[0.969,51.829],[0.969,51.829],[0.969,51.829],[0.969,51.829]],[[0.969,51.828],[0.969,51.828],[0.969,51.829],[0.969,51.828]],[[0.968,51.829],[0.968,51.828],[0.969,51.828],[0.968,51.829]],[[0.968,51.829],[0.968,51.828],[0.968,51.828],[0.968,51.829]],[[0.968,51.828],[0.968,51.828],[0.968,51.828],[0.968,51.828]],[[0.968,51.828],[0.968,51.828],[0.968,51.827],[0.968,51.828]],[[0.967,51.829],[0.968,51.828],[0.968,51.828],[0.967,51.829]],[[0.971,51.826],[0.972,51.827],[0.972,51.827],[0.971,51.826]],[[0.971,51.826],[0.97,51.826],[0.971,51.826],[0.971,51.826]],[[0.971,51.826],[0.971,51.826],[0.971,51.826],[0.971,51.826]],[[0.97,51.826],[0.968,51.826],[0.97,51.826],[0.969,51.825],[0.97,51.824],[0.97,51.826]],[[0.976,51.824],[0.976,51.824],[0.976,51.824],[0.976,51.824]],[[0.976,51.824],[0.975,51.824],[0.976,51.824],[0.976,51.824]],[[0.975,51.824],[0.975,51.824],[0.975,51.824],[0.975,51.824]],[[0.974,51.824],[0.973,51.824],[0.975,51.824],[0.974,51.824]],[[0.972,51.821],[0.972,51.821],[0.972,51.821],[0.972,51.821]],[[0.972,51.822],[0.971,51.822],[0.972,51.821],[0.972,51.822]],[[0.971,51.822],[0.971,51.822],[0.971,51.822],[0.971,51.822]],[[0.971,51.822],[0.971,51.822],[0.971,51.822],[0.971,51.822]],[[0.971,51.822],[0.971,51.822],[0.971,51.822],[0.971,51.822]],[[0.971,51.822],[0.97,51.822],[0.971,51.822],[0.971,51.822]],[[0.965,51.826],[0.965,51.826],[0.965,51.826],[0.965,51.826]],[[0.965,51.826],[0.966,51.826],[0.965,51.826],[0.965,51.826]],[[0.965,51.83],[0.965,51.831],[0.964,51.831],[0.965,51.83]],[[0.964,51.831],[0.965,51.831],[0.965,51.831],[0.967,51.831],[0.968,51.832],[0.967,51.831],[0.966,51.831],[0.965,51.831],[0.964,51.831]],[[0.958,51.833],[0.958,51.833],[0.958,51.833],[0.958,51.833]],[[0.958,51.833],[0.959,51.832],[0.959,51.833],[0.958,51.833]],[[0.953,51.833],[0.953,51.832],[0.953,51.832],[0.953,51.833]],[[0.951,51.831],[0.95,51.831],[0.952,51.831],[0.951,51.831]],[[0.95,51.829],[0.95,51.829],[0.95,51.829],[0.95,51.829]],[[0.95,51.83],[0.949,51.829],[0.95,51.829],[0.95,51.83]],[[0.949,51.825],[0.95,51.825],[0.95,51.825],[0.949,51.825]],[[0.988,51.808],[0.988,51.808],[0.989,51.808],[0.988,51.808]],[[0.989,51.808],[0.989,51.808],[0.989,51.808],[0.989,51.808]],[[0.988,51.808],[0.988,51.808],[0.989,51.808],[0.988,51.808]],[[0.923,51.808],[0.923,51.808],[0.923,51.808],[0.923,51.808]],[[0.923,51.808],[0.923,51.808],[0.922,51.808],[0.923,51.808]],[[0.922,51.808],[0.922,51.808],[0.922,51.808],[0.922,51.808]],[[0.922,51.808],[0.922,51.808],[0.922,51.808],[0.922,51.808]],[[0.921,51.808],[0.921,51.808],[0.921,51.808],[0.921,51.808]],[[0.921,51.809],[0.921,51.808],[0.921,51.808],[0.921,51.809]],[[0.918,51.808],[0.918,51.808],[0.918,51.808],[0.918,51.808]],[[0.918,51.808],[0.916,51.807],[0.915,51.807],[0.914,51.809],[0.914,51.807],[0.916,51.807],[0.918,51.808]],[[0.917,51.808],[0.916,51.808],[0.917,51.808],[0.917,51.808]],[[0.916,51.808],[0.916,51.808],[0.916,51.808],[0.916,51.808]],[[0.916,51.808],[0.916,51.807],[0.916,51.807],[0.916,51.808]],[[0.915,51.808],[0.915,51.808],[0.915,51.809],[0.915,51.808]],[[0.919,51.807],[0.918,51.807],[0.919,51.807],[0.919,51.807]],[[0.92,51.807],[0.92,51.807],[0.92,51.807],[0.92,51.807]],[[0.919,51.807],[0.918,51.806],[0.919,51.806],[0.919,51.807]],[[0.919,51.807],[0.919,51.807],[0.919,51.807],[0.919,51.807]],[[0.919,51.806],[0.92,51.806],[0.919,51.807],[0.919,51.806]],[[0.926,51.804],[0.926,51.804],[0.926,51.804],[0.926,51.804]],[[0.926,51.804],[0.925,51.804],[0.926,51.804],[0.927,51.804],[0.926,51.804]],[[0.927,51.805],[0.927,51.805],[0.927,51.805],[0.927,51.805]],[[0.927,51.805],[0.928,51.804],[0.927,51.805],[0.927,51.805]],[[0.935,51.805],[0.934,51.805],[0.934,51.805],[0.935,51.805]],[[0.933,51.805],[0.933,51.805],[0.934,51.805],[0.933,51.805]],[[0.929,51.804],[0.929,51.804],[0.93,51.804],[0.929,51.804]],[[0.929,51.804],[0.929,51.805],[0.928,51.804],[0.929,51.804]],[[0.928,51.803],[0.928,51.803],[0.928,51.803],[0.928,51.803]],[[0.928,51.803],[0.928,51.803],[0.928,51.803],[0.928,51.803]],[[0.927,51.804],[0.926,51.804],[0.926,51.804],[0.927,51.804]],[[0.925,51.803],[0.925,51.803],[0.925,51.803],[0.925,51.803]],[[0.925,51.803],[0.926,51.804],[0.923,51.804],[0.925,51.803]],[[0.922,51.796],[0.922,51.795],[0.922,51.796],[0.922,51.796]],[[0.923,51.795],[0.924,51.794],[0.922,51.795],[0.923,51.795]],[[0.923,51.796],[0.923,51.796],[0.923,51.796],[0.923,51.796]],[[0.923,51.796],[0.924,51.796],[0.923,51.796],[0.923,51.796]],[[0.932,51.799],[0.931,51.8],[0.931,51.8],[0.932,51.799]],[[0.931,51.799],[0.932,51.799],[0.932,51.799],[0.931,51.799]],[[0.938,51.803],[0.938,51.803],[0.938,51.803],[0.938,51.803]],[[0.938,51.803],[0.939,51.803],[0.939,51.803],[0.938,51.803]],[[0.937,51.802],[0.939,51.803],[0.939,51.803],[0.937,51.802]],[[0.943,51.805],[0.943,51.805],[0.943,51.806],[0.943,51.805]],[[0.942,51.805],[0.943,51.805],[0.943,51.805],[0.942,51.805]],[[0.941,51.802],[0.941,51.801],[0.941,51.801],[0.941,51.802]],[[0.94,51.8],[0.94,51.803],[0.938,51.802],[0.94,51.8]],[[0.978,51.804],[0.978,51.804],[0.978,51.804],[0.978,51.804]],[[0.978,51.804],[0.978,51.804],[0.978,51.804],[0.978,51.804]],[[0.979,51.804],[0.979,51.804],[0.979,51.804],[0.979,51.804]],[[0.98,51.804],[0.98,51.804],[0.98,51.804],[0.98,51.804]],[[0.99,51.803],[0.99,51.803],[0.99,51.803],[0.99,51.803]],[[0.995,51.802],[0.997,51.802],[0.997,51.802],[0.995,51.802]],[[0.997,51.802],[0.997,51.802],[0.997,51.802],[0.997,51.802]],[[0.998,51.801],[0.998,51.801],[0.997,51.802],[0.998,51.801]],[[0.91,51.803],[0.91,51.803],[0.911,51.802],[0.91,51.803]],[[0.91,51.803],[0.91,51.803],[0.909,51.803],[0.91,51.803]],[[0.965,51.83],[0.966,51.83],[0.965,51.831],[0.965,51.83]],[[0.962,51.832],[0.962,51.833],[0.962,51.832],[0.962,51.832]],[[0.94,51.8],[0.939,51.8],[0.941,51.8],[0.94,51.8]],[[0.994,51.803],[0.995,51.802],[0.994,51.803],[0.994,51.803]]],[[[0.918,51.852],[0.908,51.874],[0.918,51.887],[0.926,51.886],[0.927,51.881],[0.951,51.863],[0.949,51.856],[0.955,51.853],[0.918,51.852]]],[[[1.231,51.919],[1.159,51.914],[1.165,51.925],[1.143,51.934],[1.089,51.897],[1.061,51.905],[1.055,51.877],[1.01,51.866],[1.042,51.853],[1.064,51.818],[1.057,51.819],[1.048,51.823],[1.046,51.823],[1.045,51.819],[1.064,51.817],[1.057,51.81],[1.049,51.809],[1.047,51.811],[1.026,51.805],[0.984,51.828],[0.984,51.835],[0.988,51.837],[0.99,51.837],[0.989,51.836],[0.992,51.837],[0.994,51.836],[1.0,51.835],[1.002,51.834],[1.011,51.832],[1.014,51.834],[1.02,51.834],[1.021,51.835],[0.985,51.839],[0.98,51.848],[0.95,51.856],[0.951,51.863],[0.94,51.872],[0.934,51.881],[0.957,51.904],[0.929,51.927],[0.889,51.926],[0.868,51.902],[0.796,51.884],[0.754,51.89],[0.73,51.868],[0.7,51.903],[0.725,51.905],[0.75,51.955],[0.783,51.968],[0.85,51.961],[0.963,51.977],[0.971,51.962],[1.119,51.94],[1.127,51.942],[1.137,51.941],[1.15,51.946],[1.17,51.948],[1.227,51.939],[1.246,51.948],[1.277,51.939],[1.277,51.945],[1.292,51.949],[1.297,51.936],[1.285,51.937],[1.261,51.917],[1.25,51.916],[1.258,51.912],[1.254,51.904],[1.231,51.919]],[[1.063,51.819],[1.063,51.819],[1.063,51.819],[1.063,51.819]],[[1.063,51.819],[1.062,51.819],[1.062,51.819],[1.063,51.819]],[[1.063,51.819],[1.063,51.819],[1.063,51.819],[1.063,51.819]],[[1.058,51.819],[1.058,51.819],[1.058,51.819],[1.058,51.819]],[[1.059,51.819],[1.058,51.819],[1.058,51.819],[1.059,51.819]],[[1.059,51.812],[1.058,51.812],[1.059,51.812],[1.059,51.812]],[[1.049,51.809],[1.049,51.809],[1.049,51.809],[1.049,51.809]],[[1.048,51.81],[1.05,51.809],[1.05,51.81],[1.048,51.81]],[[1.048,51.81],[1.047,51.811],[1.048,51.81],[1.048,51.81]],[[0.985,51.831],[0.987,51.835],[0.985,51.831],[0.985,51.831]],[[0.987,51.835],[0.988,51.835],[0.988,51.835],[0.987,51.835]],[[0.999,51.835],[1.0,51.835],[1.0,51.835],[0.999,51.835]],[[0.969,51.851],[0.968,51.851],[0.969,51.851],[0.969,51.851]],[[0.951,51.864],[0.951,51.864],[0.95,51.864],[0.951,51.864]],[[0.951,51.864],[0.95,51.865],[0.95,51.865],[0.951,51.864]],[[1.129,51.941],[1.129,51.941],[1.129,51.941],[1.129,51.941]],[[1.17,51.947],[1.171,51.947],[1.171,51.947],[1.17,51.947]],[[1.17,51.947],[1.168,51.947],[1.17,51.947],[1.17,51.947]],[[1.169,51.947],[1.17,51.947],[1.17,51.947],[1.169,51.947]],[[1.169,51.946],[1.169,51.946],[1.169,51.947],[1.169,51.946]],[[1.166,51.947],[1.169,51.946],[1.169,51.946],[1.166,51.947]],[[1.169,51.946],[1.17,51.946],[1.169,51.946],[1.169,51.946]],[[1.258,51.919],[1.259,51.919],[1.259,51.919],[1.258,51.919]],[[1.258,51.919],[1.258,51.92],[1.257,51.919],[1.258,51.919]],[[1.257,51.919],[1.257,51.919],[1.258,51.919],[1.257,51.919]],[[1.256,51.919],[1.256,51.919],[1.257,51.919],[1.256,51.919]],[[1.256,51.911],[1.256,51.912],[1.255,51.912],[1.256,51.911]],[[1.256,51.911],[1.255,51.91],[1.253,51.91],[1.255,51.91],[1.256,51.911]],[[0.989,51.837],[0.989,51.836],[0.989,51.836],[0.989,51.837]],[[0.949,51.866],[0.948,51.866],[0.95,51.865],[0.949,51.866]],[[1.258,51.917],[1.258,51.917],[1.258,51.917],[1.258,51.917]],[[1.259,51.917],[1.258,51.918],[1.258,51.917],[1.259,51.917]],[[1.258,51.918],[1.257,51.919],[1.257,51.918],[1.258,51.918]]]]}},{"type":"Feature","properties":{"code":"E14001274","name":"Hastings and Rye","centroidLat":50.92016,"centroidLong":0.682749},"geometry":{"type":"Polygon","coordinates":[[[0.777,50.985],[0.813,50.942],[0.844,50.957],[0.868,50.933],[0.772,50.931],[0.765,50.94],[0.742,50.948],[0.738,50.951],[0.74,50.953],[0.739,50.957],[0.748,50.963],[0.75,50.97],[0.728,50.95],[0.74,50.95],[0.74,50.948],[0.753,50.942],[0.751,50.941],[0.763,50.94],[0.774,50.928],[0.669,50.874],[0.501,50.842],[0.521,50.852],[0.531,50.893],[0.606,50.879],[0.628,50.902],[0.625,50.928],[0.725,50.935],[0.711,50.957],[0.651,50.949],[0.681,51.001],[0.777,50.985]],[[0.744,50.946],[0.744,50.946],[0.744,50.946],[0.744,50.946]],[[0.744,50.946],[0.744,50.946],[0.744,50.946],[0.744,50.946]],[[0.75,50.946],[0.75,50.946],[0.75,50.946],[0.75,50.946]]]}},{"type":"Feature","properties":{"code":"E14001275","name":"Havant","centroidLat":50.86517,"centroidLong":-0.99026},"geometry":{"type":"MultiPolygon","coordinates":[[[[-0.989,50.804],[-0.99,50.828],[-0.969,50.835],[-0.957,50.831],[-0.956,50.809],[-0.958,50.807],[-0.959,50.808],[-0.96,50.811],[-0.961,50.811],[-0.973,50.809],[-0.953,50.801],[-0.955,50.794],[-0.968,50.79],[-0.967,50.787],[-0.936,50.779],[-1.024,50.788],[-0.989,50.804]],[[-0.963,50.833],[-0.963,50.833],[-0.963,50.833],[-0.963,50.833]],[[-0.964,50.833],[-0.964,50.833],[-0.963,50.833],[-0.964,50.833]],[[-0.964,50.833],[-0.964,50.832],[-0.964,50.833],[-0.964,50.833]],[[-0.957,50.809],[-0.957,50.809],[-0.957,50.809],[-0.957,50.809]],[[-0.958,50.808],[-0.958,50.808],[-0.958,50.808],[-0.958,50.808]],[[-1.009,50.793],[-1.009,50.793],[-1.009,50.793],[-1.009,50.793]],[[-1.009,50.793],[-1.01,50.793],[-1.009,50.793],[-1.009,50.793]],[[-1.006,50.794],[-1.006,50.794],[-1.006,50.794],[-1.006,50.794]],[[-1.005,50.794],[-1.005,50.794],[-1.005,50.794],[-1.005,50.794]]],[[[-1.021,50.838],[-1.055,50.867],[-1.013,50.876],[-0.999,50.895],[-0.964,50.867],[-0.926,50.864],[-0.933,50.843],[-0.981,50.835],[-0.999,50.842],[-1.001,50.851],[-1.021,50.838]],[[-0.987,50.84],[-0.987,50.84],[-0.987,50.84],[-0.987,50.84]],[[-0.987,50.84],[-0.987,50.84],[-0.988,50.84],[-0.987,50.84]],[[-1.022,50.842],[-1.021,50.842],[-1.021,50.842],[-1.022,50.842]],[[-1.022,50.842],[-1.022,50.842],[-1.022,50.842],[-1.022,50.842]]]]}},{"type":"Feature","properties":{"code":"E14001276","name":"Hayes and Harlington","centroidLat":51.48817,"centroidLong":-0.44345},"geometry":{"type":"Polygon","coordinates":[[[-0.441,51.537],[-0.376,51.526],[-0.41,51.5],[-0.411,51.47],[-0.444,51.453],[-0.51,51.468],[-0.486,51.51],[-0.45,51.507],[-0.441,51.537]]]}},{"type":"Feature","properties":{"code":"E14001277","name":"Hazel Grove","centroidLat":53.39928,"centroidLong":-2.07696},"geometry":{"type":"Polygon","coordinates":[[[-2.131,53.439],[-2.083,53.427],[-2.026,53.43],[-1.992,53.415],[-2.029,53.371],[-2.125,53.362],[-2.117,53.375],[-2.134,53.396],[-2.156,53.401],[-2.127,53.424],[-2.131,53.439]]]}},{"type":"Feature","properties":{"code":"E14001278","name":"Hemel Hempstead","centroidLat":51.73514,"centroidLong":-0.49357},"geometry":{"type":"Polygon","coordinates":[[[-0.422,51.741],[-0.482,51.728],[-0.47,51.697],[-0.515,51.707],[-0.531,51.681],[-0.549,51.683],[-0.544,51.697],[-0.563,51.712],[-0.55,51.731],[-0.564,51.74],[-0.527,51.743],[-0.508,51.771],[-0.437,51.782],[-0.422,51.741]]]}},{"type":"Feature","properties":{"code":"E14001279","name":"Hendon","centroidLat":51.60194,"centroidLong":-0.23932},"geometry":{"type":"Polygon","coordinates":[[[-0.303,51.636],[-0.277,51.621],[-0.202,51.625],[-0.216,51.615],[-0.203,51.604],[-0.226,51.599],[-0.205,51.589],[-0.249,51.569],[-0.248,51.584],[-0.303,51.636]]]}},{"type":"Feature","properties":{"code":"E14001280","name":"Henley and Thame","centroidLat":51.62174,"centroidLong":-1.06193},"geometry":{"type":"Polygon","coordinates":[[[-1.154,51.797],[-1.083,51.781],[-1.081,51.757],[-1.045,51.745],[-1.03,51.758],[-0.954,51.758],[-0.888,51.718],[-0.895,51.693],[-0.88,51.681],[-0.898,51.676],[-0.878,51.668],[-0.931,51.666],[-0.927,51.651],[-0.951,51.651],[-0.935,51.637],[-0.95,51.623],[-0.943,51.605],[-0.917,51.599],[-0.941,51.586],[-0.938,51.571],[-0.902,51.556],[-0.871,51.503],[-0.949,51.46],[-0.941,51.475],[-0.957,51.493],[-1.018,51.467],[-1.043,51.489],[-1.09,51.486],[-1.142,51.516],[-1.147,51.553],[-1.126,51.571],[-1.115,51.619],[-1.18,51.636],[-1.18,51.67],[-1.157,51.696],[-1.187,51.71],[-1.19,51.727],[-1.176,51.733],[-1.194,51.737],[-1.195,51.754],[-1.18,51.766],[-1.254,51.786],[-1.254,51.798],[-1.242,51.81],[-1.195,51.797],[-1.167,51.814],[-1.154,51.797]]]}},{"type":"Feature","properties":{"code":"E14001281","name":"Hereford and South Herefordshire","centroidLat":51.97424,"centroidLong":-2.83437},"geometry":{"type":"Polygon","coordinates":[[[-2.468,51.937],[-2.439,51.897],[-2.509,51.885],[-2.532,51.861],[-2.601,51.856],[-2.65,51.826],[-2.72,51.849],[-2.739,51.837],[-2.779,51.866],[-2.768,51.88],[-2.842,51.918],[-2.862,51.914],[-2.845,51.922],[-2.859,51.928],[-2.888,51.934],[-2.968,51.905],[-2.977,51.927],[-3.008,51.927],[-3.099,52.023],[-3.086,52.04],[-3.126,52.078],[-3.123,52.103],[-3.091,52.121],[-3.038,52.104],[-2.987,52.116],[-2.967,52.089],[-2.914,52.078],[-2.896,52.109],[-2.877,52.112],[-2.811,52.082],[-2.8,52.051],[-2.753,52.045],[-2.738,52.049],[-2.769,52.078],[-2.714,52.075],[-2.658,52.04],[-2.668,52.032],[-2.656,52.021],[-2.632,52.029],[-2.638,52.013],[-2.62,52.003],[-2.634,51.992],[-2.601,51.99],[-2.656,51.967],[-2.653,51.946],[-2.592,51.963],[-2.609,51.937],[-2.595,51.921],[-2.468,51.937]]]}},{"type":"Feature","properties":{"code":"E14001282","name":"Herne Bay and Sandwich","centroidLat":51.33678,"centroidLong":1.220864},"geometry":{"type":"Polygon","coordinates":[[[1.36,51.312],[1.372,51.313],[1.394,51.257],[1.294,51.257],[1.261,51.227],[1.193,51.257],[1.212,51.283],[1.2,51.292],[1.229,51.316],[1.22,51.323],[1.23,51.325],[1.23,51.326],[1.228,51.327],[1.232,51.329],[1.232,51.332],[1.235,51.331],[1.242,51.331],[1.246,51.329],[1.248,51.328],[1.251,51.329],[1.253,51.326],[1.255,51.325],[1.25,51.326],[1.248,51.326],[1.236,51.324],[1.228,51.321],[1.25,51.326],[1.257,51.323],[1.274,51.32],[1.277,51.32],[1.281,51.32],[1.286,51.321],[1.263,51.322],[1.251,51.329],[1.233,51.333],[1.117,51.297],[1.14,51.297],[1.124,51.284],[1.085,51.315],[1.093,51.334],[1.077,51.349],[1.099,51.373],[1.374,51.388],[1.369,51.374],[1.393,51.361],[1.38,51.336],[1.361,51.338],[1.348,51.302],[1.346,51.302],[1.346,51.305],[1.345,51.308],[1.343,51.31],[1.339,51.313],[1.314,51.321],[1.286,51.321],[1.343,51.31],[1.328,51.286],[1.332,51.281],[1.348,51.274],[1.349,51.301],[1.356,51.309],[1.357,51.309],[1.356,51.309],[1.358,51.31],[1.358,51.31],[1.359,51.311],[1.36,51.312]],[[1.367,51.31],[1.367,51.31],[1.365,51.311],[1.367,51.31]],[[1.367,51.31],[1.366,51.31],[1.367,51.31],[1.367,51.31]],[[1.367,51.31],[1.367,51.31],[1.366,51.31],[1.367,51.31]],[[1.366,51.309],[1.367,51.31],[1.367,51.31],[1.366,51.309]],[[1.366,51.311],[1.369,51.311],[1.366,51.312],[1.366,51.311]],[[1.353,51.287],[1.353,51.287],[1.353,51.288],[1.353,51.287]],[[1.358,51.31],[1.359,51.31],[1.358,51.31],[1.358,51.31]],[[1.359,51.31],[1.359,51.31],[1.359,51.31],[1.359,51.31]],[[1.359,51.31],[1.359,51.31],[1.359,51.31],[1.359,51.31]],[[1.36,51.311],[1.36,51.311],[1.359,51.311],[1.36,51.311]],[[1.36,51.311],[1.36,51.31],[1.361,51.31],[1.36,51.311]],[[1.361,51.312],[1.361,51.312],[1.36,51.312],[1.361,51.312]],[[1.361,51.311],[1.362,51.311],[1.361,51.312],[1.361,51.311]]]}},{"type":"Feature","properties":{"code":"E14001283","name":"Hertford and Stortford","centroidLat":51.83573,"centroidLong":0.090088},"geometry":{"type":"Polygon","coordinates":[[[0.196,51.868],[0.17,51.862],[0.161,51.826],[0.173,51.818],[0.151,51.797],[0.099,51.783],[0.042,51.775],[0.034,51.81],[-0.089,51.779],[-0.117,51.801],[-0.062,51.829],[0.015,51.83],[0.058,51.874],[0.117,51.859],[0.125,51.885],[0.179,51.896],[0.175,51.883],[0.196,51.868]]]}},{"type":"Feature","properties":{"code":"E14001284","name":"Hertsmere","centroidLat":51.68495,"centroidLong":-0.2696},"geometry":{"type":"Polygon","coordinates":[[[-0.092,51.743],[-0.114,51.721],[-0.106,51.692],[-0.163,51.688],[-0.191,51.664],[-0.274,51.639],[-0.363,51.623],[-0.38,51.64],[-0.363,51.666],[-0.379,51.69],[-0.3,51.697],[-0.28,51.735],[-0.262,51.737],[-0.239,51.706],[-0.172,51.703],[-0.148,51.728],[-0.155,51.737],[-0.092,51.743]]]}},{"type":"Feature","properties":{"code":"E14001285","name":"Hexham","centroidLat":55.07544,"centroidLong":-2.09022},"geometry":{"type":"Polygon","coordinates":[[[-1.648,55.169],[-1.621,55.151],[-1.651,55.129],[-1.622,55.113],[-1.647,55.105],[-1.63,55.068],[-1.648,55.079],[-1.705,55.071],[-1.711,55.053],[-1.668,55.041],[-1.666,55.02],[-1.698,55.002],[-1.742,55.002],[-1.726,54.992],[-1.732,54.98],[-1.813,54.976],[-1.834,54.953],[-1.827,54.93],[-1.853,54.917],[-1.821,54.906],[-1.854,54.891],[-1.87,54.851],[-1.915,54.834],[-1.933,54.854],[-2.001,54.87],[-2.083,54.838],[-2.14,54.842],[-2.169,54.804],[-2.199,54.807],[-2.219,54.782],[-2.323,54.795],[-2.412,54.856],[-2.497,54.81],[-2.531,54.806],[-2.568,54.824],[-2.583,54.846],[-2.573,54.854],[-2.605,54.884],[-2.545,54.929],[-2.601,54.971],[-2.573,54.988],[-2.573,55.016],[-2.483,55.04],[-2.504,55.062],[-2.486,55.082],[-2.562,55.083],[-2.599,55.125],[-2.657,55.136],[-2.69,55.189],[-2.667,55.222],[-2.631,55.224],[-2.63,55.245],[-2.611,55.247],[-2.647,55.26],[-2.559,55.318],[-2.52,55.323],[-2.481,55.354],[-2.393,55.347],[-2.329,55.368],[-2.244,55.318],[-2.172,55.311],[-2.149,55.287],[-2.158,55.259],[-2.116,55.236],[-2.154,55.215],[-2.167,55.184],[-2.096,55.196],[-2.091,55.181],[-2.053,55.179],[-2.036,55.19],[-2.045,55.201],[-1.932,55.216],[-1.924,55.248],[-1.904,55.244],[-1.837,55.277],[-1.817,55.262],[-1.767,55.291],[-1.691,55.302],[-1.666,55.293],[-1.652,55.268],[-1.717,55.264],[-1.731,55.255],[-1.72,55.237],[-1.761,55.22],[-1.747,55.179],[-1.714,55.175],[-1.706,55.15],[-1.648,55.169]]]}},{"type":"Feature","properties":{"code":"E14001286","name":"Heywood and Middleton North","centroidLat":53.61101,"centroidLong":-2.21692},"geometry":{"type":"Polygon","coordinates":[[[-2.218,53.669],[-2.162,53.624],[-2.173,53.604],[-2.151,53.567],[-2.184,53.547],[-2.236,53.548],[-2.255,53.583],[-2.282,53.584],[-2.245,53.6],[-2.272,53.614],[-2.257,53.62],[-2.27,53.646],[-2.246,53.663],[-2.218,53.669]]]}},{"type":"Feature","properties":{"code":"E14001287","name":"High Peak","centroidLat":53.38564,"centroidLong":-1.844},"geometry":{"type":"Polygon","coordinates":[[[-1.912,53.538],[-1.796,53.503],[-1.801,53.481],[-1.745,53.462],[-1.747,53.426],[-1.655,53.393],[-1.671,53.349],[-1.7,53.324],[-1.728,53.319],[-1.73,53.339],[-1.761,53.338],[-1.823,53.303],[-1.79,53.256],[-1.844,53.25],[-1.874,53.227],[-1.831,53.211],[-1.832,53.198],[-1.911,53.222],[-1.899,53.2],[-1.962,53.226],[-1.987,53.214],[-1.975,53.231],[-2.009,53.261],[-2.007,53.355],[-2.034,53.368],[-1.992,53.415],[-2.027,53.432],[-1.986,53.455],[-1.971,53.505],[-1.922,53.51],[-1.912,53.538]]]}},{"type":"Feature","properties":{"code":"E14001288","name":"Hinckley and Bosworth","centroidLat":52.61479,"centroidLong":-1.4144},"geometry":{"type":"Polygon","coordinates":[[[-1.361,52.676],[-1.32,52.636],[-1.29,52.653],[-1.241,52.633],[-1.298,52.586],[-1.273,52.566],[-1.324,52.568],[-1.339,52.555],[-1.318,52.515],[-1.325,52.501],[-1.561,52.596],[-1.554,52.615],[-1.571,52.636],[-1.542,52.654],[-1.598,52.7],[-1.515,52.728],[-1.498,52.721],[-1.526,52.704],[-1.507,52.688],[-1.467,52.707],[-1.434,52.703],[-1.451,52.688],[-1.408,52.673],[-1.361,52.676]]]}},{"type":"Feature","properties":{"code":"E14001289","name":"Hitchin","centroidLat":51.9471,"centroidLong":-0.28103},"geometry":{"type":"Polygon","coordinates":[[[-0.274,52.07],[-0.201,52.01],[-0.26,51.98],[-0.232,51.949],[-0.197,51.958],[-0.155,51.924],[-0.227,51.93],[-0.224,51.889],[-0.249,51.884],[-0.274,51.835],[-0.319,51.837],[-0.35,51.857],[-0.35,51.879],[-0.406,51.941],[-0.391,51.977],[-0.38,51.978],[-0.372,51.948],[-0.349,51.964],[-0.367,51.984],[-0.329,51.995],[-0.37,52.012],[-0.404,52.048],[-0.38,52.059],[-0.316,52.04],[-0.274,52.07]]]}},{"type":"Feature","properties":{"code":"E14001290","name":"Holborn and St Pancras","centroidLat":51.53516,"centroidLong":-0.13355},"geometry":{"type":"Polygon","coordinates":[[[-0.142,51.558],[-0.123,51.531],[-0.105,51.519],[-0.128,51.513],[-0.162,51.538],[-0.142,51.558]]]}},{"type":"Feature","properties":{"code":"E14001291","name":"Honiton and Sidmouth","centroidLat":50.79075,"centroidLong":-3.11649},"geometry":{"type":"Polygon","coordinates":[[[-3.051,50.906],[-3.055,50.874],[-3.037,50.851],[-2.974,50.856],[-2.961,50.816],[-2.893,50.805],[-2.887,50.793],[-2.954,50.768],[-2.935,50.754],[-2.953,50.715],[-3.028,50.699],[-3.058,50.704],[-3.053,50.722],[-3.057,50.722],[-3.055,50.723],[-3.051,50.725],[-3.053,50.726],[-3.058,50.723],[-3.061,50.705],[-3.059,50.704],[-3.055,50.703],[-3.096,50.685],[-3.262,50.672],[-3.271,50.686],[-3.294,50.682],[-3.288,50.698],[-3.324,50.69],[-3.374,50.706],[-3.407,50.728],[-3.33,50.737],[-3.33,50.777],[-3.347,50.784],[-3.339,50.813],[-3.412,50.805],[-3.426,50.812],[-3.406,50.823],[-3.411,50.836],[-3.464,50.832],[-3.459,50.86],[-3.477,50.871],[-3.283,50.888],[-3.277,50.868],[-3.233,50.895],[-3.182,50.876],[-3.126,50.902],[-3.051,50.906]],[[-3.059,50.72],[-3.059,50.72],[-3.059,50.72],[-3.059,50.72]],[[-3.059,50.721],[-3.06,50.721],[-3.059,50.72],[-3.059,50.721]]]}},{"type":"Feature","properties":{"code":"E14001292","name":"Hornchurch and Upminster","centroidLat":51.55896,"centroidLong":0.263066},"geometry":{"type":"Polygon","coordinates":[[[0.313,51.566],[0.334,51.541],[0.265,51.532],[0.264,51.518],[0.231,51.525],[0.203,51.556],[0.232,51.583],[0.194,51.595],[0.21,51.614],[0.196,51.625],[0.224,51.632],[0.252,51.618],[0.29,51.564],[0.313,51.566]]]}},{"type":"Feature","properties":{"code":"E14001293","name":"Hornsey and Friern Barnet","centroidLat":51.58884,"centroidLong":-0.12941},"geometry":{"type":"Polygon","coordinates":[[[-0.161,51.625],[-0.098,51.587],[-0.096,51.571],[-0.161,51.582],[-0.161,51.625]]]}},{"type":"Feature","properties":{"code":"E14001294","name":"Horsham","centroidLat":51.03603,"centroidLong":-0.36022},"geometry":{"type":"Polygon","coordinates":[[[-0.212,51.087],[-0.219,51.038],[-0.248,51.031],[-0.232,51.011],[-0.239,50.95],[-0.383,50.941],[-0.413,50.974],[-0.419,51.006],[-0.443,50.988],[-0.517,50.997],[-0.476,51.021],[-0.488,51.097],[-0.24,51.143],[-0.2,51.139],[-0.237,51.109],[-0.212,51.087]]]}},{"type":"Feature","properties":{"code":"E14001295","name":"Houghton and Sunderland South","centroidLat":54.85206,"centroidLong":-1.43976},"geometry":{"type":"Polygon","coordinates":[[[-1.369,54.858],[-1.422,54.839],[-1.423,54.803],[-1.482,54.799],[-1.494,54.801],[-1.482,54.81],[-1.51,54.86],[-1.501,54.887],[-1.44,54.912],[-1.427,54.892],[-1.381,54.882],[-1.392,54.876],[-1.369,54.858]]]}},{"type":"Feature","properties":{"code":"E14001296","name":"Hove and Portslade","centroidLat":50.8501,"centroidLong":-0.19832},"geometry":{"type":"Polygon","coordinates":[[[-0.188,50.869],[-0.148,50.831],[-0.157,50.822],[-0.216,50.828],[-0.245,50.864],[-0.227,50.878],[-0.188,50.869]]]}},{"type":"Feature","properties":{"code":"E14001297","name":"Huddersfield","centroidLat":53.65276,"centroidLong":-1.7694},"geometry":{"type":"Polygon","coordinates":[[[-1.731,53.68],[-1.739,53.662],[-1.705,53.645],[-1.704,53.622],[-1.725,53.634],[-1.804,53.608],[-1.839,53.619],[-1.801,53.666],[-1.815,53.676],[-1.747,53.695],[-1.731,53.68]]]}},{"type":"Feature","properties":{"code":"E14001298","name":"Huntingdon","centroidLat":52.34934,"centroidLong":-0.23481},"geometry":{"type":"Polygon","coordinates":[[[-0.009,52.462],[0.034,52.429],[0.019,52.414],[0.051,52.358],[0.009,52.341],[-0.015,52.313],[-0.086,52.308],[-0.138,52.277],[-0.175,52.28],[-0.183,52.257],[-0.228,52.271],[-0.238,52.255],[-0.295,52.262],[-0.277,52.251],[-0.286,52.235],[-0.374,52.233],[-0.375,52.28],[-0.422,52.285],[-0.434,52.312],[-0.465,52.323],[-0.5,52.365],[-0.494,52.381],[-0.444,52.384],[-0.39,52.422],[-0.348,52.413],[-0.318,52.427],[-0.325,52.449],[-0.23,52.446],[-0.186,52.469],[-0.181,52.438],[-0.136,52.45],[-0.114,52.431],[-0.124,52.425],[-0.093,52.423],[-0.009,52.462]]]}},{"type":"Feature","properties":{"code":"E14001299","name":"Hyndburn","centroidLat":53.75279,"centroidLong":-2.38426},"geometry":{"type":"Polygon","coordinates":[[[-2.342,53.795],[-2.329,53.761],[-2.303,53.748],[-2.307,53.682],[-2.333,53.699],[-2.42,53.708],[-2.466,53.781],[-2.397,53.817],[-2.399,53.803],[-2.342,53.795]]]}},{"type":"Feature","properties":{"code":"E14001300","name":"Ilford North","centroidLat":51.59105,"centroidLong":0.083602},"geometry":{"type":"Polygon","coordinates":[[[0.138,51.624],[0.15,51.603],[0.128,51.582],[0.079,51.574],[0.064,51.558],[0.04,51.582],[0.046,51.6],[0.077,51.597],[0.138,51.624]]]}},{"type":"Feature","properties":{"code":"E14001301","name":"Ilford South","centroidLat":51.57159,"centroidLong":0.104733},"geometry":{"type":"Polygon","coordinates":[[[0.147,51.576],[0.094,51.546],[0.07,51.544],[0.064,51.558],[0.147,51.599],[0.147,51.576]]]}},{"type":"Feature","properties":{"code":"S14000093","name":"Inverclyde and Renfrewshire West","centroidLat":55.89822,"centroidLong":-4.75425},"geometry":{"type":"Polygon","coordinates":[[[-4.614,55.93],[-4.631,55.907],[-4.564,55.898],[-4.507,55.87],[-4.578,55.837],[-4.679,55.838],[-4.755,55.852],[-4.794,55.872],[-4.8,55.893],[-4.873,55.874],[-4.899,55.891],[-4.871,55.91],[-4.879,55.943],[-4.818,55.963],[-4.614,55.93]]]}},{"type":"Feature","properties":{"code":"S14000094","name":"Inverness, Skye and West Ross-shire","centroidLat":57.30176,"centroidLong":-4.70826},"geometry":{"type":"MultiPolygon","coordinates":[[[[-6.487,57.063],[-6.591,57.042],[-6.612,57.051],[-6.557,57.07],[-6.487,57.063]]],[[[-6.278,56.835],[-6.224,56.846],[-6.215,56.836],[-6.236,56.823],[-6.278,56.835]]],[[[-6.119,56.935],[-6.116,56.888],[-6.139,56.871],[-6.21,56.889],[-6.207,56.907],[-6.159,56.915],[-6.151,56.942],[-6.119,56.935]]],[[[-6.32,57.057],[-6.247,57.022],[-6.279,57.011],[-6.238,57.005],[-6.25,56.971],[-6.303,56.938],[-6.37,56.952],[-6.376,56.973],[-6.46,57.007],[-6.37,57.053],[-6.32,57.057]]],[[[-6.182,57.155],[-6.21,57.151],[-6.204,57.136],[-6.223,57.129],[-6.256,57.15],[-6.206,57.166],[-6.182,57.155]]],[[[-6.355,57.707],[-6.297,57.708],[-6.303,57.692],[-6.251,57.673],[-6.235,57.637],[-6.191,57.633],[-6.137,57.588],[-6.149,57.566],[-6.136,57.473],[-6.146,57.43],[-6.198,57.412],[-6.202,57.39],[-6.182,57.408],[-6.139,57.406],[-6.124,57.388],[-6.146,57.371],[-6.095,57.339],[-6.104,57.319],[-6.132,57.316],[-6.168,57.295],[-6.057,57.314],[-6.042,57.293],[-6.079,57.277],[-6.083,57.268],[-6.021,57.288],[-5.994,57.27],[-5.922,57.263],[-5.905,57.253],[-5.914,57.241],[-5.886,57.238],[-5.754,57.275],[-5.711,57.271],[-5.732,57.261],[-5.662,57.264],[-5.648,57.255],[-5.669,57.209],[-5.765,57.17],[-5.808,57.176],[-5.796,57.16],[-5.806,57.146],[-5.787,57.138],[-5.806,57.137],[-5.804,57.121],[-5.853,57.112],[-5.923,57.044],[-6.018,57.018],[-6.038,57.057],[-6.003,57.073],[-6.008,57.09],[-5.985,57.107],[-6.005,57.115],[-5.998,57.124],[-5.915,57.166],[-5.866,57.171],[-5.843,57.183],[-5.838,57.19],[-5.992,57.169],[-6.037,57.228],[-6.029,57.183],[-6.05,57.181],[-6.084,57.127],[-6.113,57.137],[-6.102,57.17],[-6.123,57.195],[-6.131,57.184],[-6.165,57.199],[-6.174,57.174],[-6.322,57.16],[-6.285,57.201],[-6.344,57.185],[-6.388,57.217],[-6.349,57.23],[-6.343,57.253],[-6.357,57.236],[-6.405,57.232],[-6.451,57.262],[-6.459,57.286],[-6.482,57.291],[-6.483,57.311],[-6.427,57.323],[-6.431,57.34],[-6.348,57.3],[-6.318,57.296],[-6.306,57.299],[-6.403,57.34],[-6.407,57.352],[-6.396,57.36],[-6.397,57.358],[-6.388,57.361],[-6.386,57.364],[-6.458,57.339],[-6.455,57.36],[-6.481,57.366],[-6.468,57.378],[-6.486,57.381],[-6.489,57.404],[-6.525,57.369],[-6.517,57.393],[-6.538,57.413],[-6.534,57.393],[-6.573,57.388],[-6.564,57.339],[-6.582,57.333],[-6.72,57.372],[-6.743,57.418],[-6.79,57.421],[-6.78,57.458],[-6.72,57.45],[-6.75,57.484],[-6.748,57.5],[-6.717,57.514],[-6.64,57.443],[-6.62,57.432],[-6.599,57.445],[-6.585,57.421],[-6.574,57.43],[-6.604,57.461],[-6.624,57.459],[-6.613,57.467],[-6.638,57.503],[-6.598,57.51],[-6.568,57.493],[-6.561,57.508],[-6.642,57.552],[-6.656,57.546],[-6.635,57.609],[-6.582,57.589],[-6.566,57.548],[-6.504,57.534],[-6.466,57.498],[-6.427,57.518],[-6.453,57.481],[-6.432,57.47],[-6.436,57.492],[-6.4,57.509],[-6.4,57.529],[-6.345,57.481],[-6.335,57.49],[-6.326,57.459],[-6.312,57.455],[-6.325,57.486],[-6.305,57.482],[-6.365,57.515],[-6.395,57.554],[-6.395,57.57],[-6.383,57.563],[-6.359,57.589],[-6.395,57.585],[-6.394,57.613],[-6.428,57.642],[-6.41,57.66],[-6.354,57.671],[-6.342,57.685],[-6.355,57.707]],[[-5.864,57.242],[-5.863,57.242],[-5.863,57.242],[-5.864,57.242]],[[-6.386,57.363],[-6.386,57.363],[-6.386,57.363],[-6.386,57.363]],[[-6.385,57.363],[-6.384,57.364],[-6.386,57.363],[-6.385,57.363]]],[[[-5.984,57.499],[-5.996,57.46],[-6.032,57.434],[-5.993,57.358],[-6.021,57.333],[-6.065,57.332],[-6.088,57.351],[-6.074,57.379],[-6.08,57.435],[-6.055,57.462],[-6.018,57.455],[-6.011,57.465],[-6.03,57.469],[-5.992,57.494],[-5.997,57.507],[-5.984,57.499]]],[[[-6.016,57.32],[-5.925,57.307],[-5.926,57.284],[-5.98,57.274],[-6.023,57.305],[-6.016,57.32]]],[[[-5.96,57.581],[-5.971,57.52],[-5.991,57.519],[-5.998,57.531],[-5.98,57.54],[-6.001,57.543],[-5.976,57.55],[-5.989,57.571],[-5.96,57.581]]],[[[-5.091,56.831],[-5.191,56.855],[-5.406,56.858],[-5.442,56.87],[-5.474,56.85],[-5.455,56.872],[-5.636,56.888],[-5.69,56.88],[-5.72,56.851],[-5.789,56.86],[-5.722,56.887],[-5.738,56.896],[-5.887,56.874],[-5.922,56.884],[-5.894,56.904],[-5.862,56.894],[-5.843,56.908],[-5.883,56.923],[-5.859,56.927],[-5.867,56.935],[-5.845,56.967],[-5.817,56.961],[-5.847,56.973],[-5.821,57.012],[-5.727,57.018],[-5.709,56.991],[-5.636,56.97],[-5.508,56.995],[-5.521,57.007],[-5.62,56.983],[-5.679,57.01],[-5.683,57.025],[-5.677,57.024],[-5.664,57.028],[-5.674,57.034],[-5.749,57.029],[-5.762,57.051],[-5.791,57.053],[-5.797,57.066],[-5.726,57.101],[-5.722,57.118],[-5.592,57.119],[-5.52,57.081],[-5.51,57.097],[-5.385,57.107],[-5.527,57.102],[-5.562,57.134],[-5.66,57.143],[-5.693,57.169],[-5.632,57.2],[-5.621,57.22],[-5.656,57.228],[-5.637,57.25],[-5.531,57.271],[-5.477,57.233],[-5.433,57.212],[-5.423,57.214],[-5.389,57.232],[-5.46,57.241],[-5.516,57.28],[-5.486,57.297],[-5.486,57.307],[-5.43,57.315],[-5.422,57.314],[-5.419,57.312],[-5.409,57.31],[-5.407,57.303],[-5.402,57.299],[-5.398,57.3],[-5.408,57.31],[-5.423,57.315],[-5.432,57.315],[-5.431,57.316],[-5.428,57.316],[-5.426,57.317],[-5.437,57.316],[-5.44,57.319],[-5.467,57.315],[-5.49,57.307],[-5.499,57.293],[-5.517,57.289],[-5.52,57.277],[-5.593,57.271],[-5.648,57.287],[-5.673,57.28],[-5.734,57.283],[-5.718,57.284],[-5.729,57.297],[-5.717,57.315],[-5.669,57.327],[-5.686,57.342],[-5.535,57.353],[-5.457,57.391],[-5.442,57.423],[-5.552,57.358],[-5.636,57.367],[-5.634,57.38],[-5.609,57.384],[-5.609,57.386],[-5.597,57.388],[-5.594,57.391],[-5.615,57.4],[-5.608,57.421],[-5.625,57.398],[-5.73,57.355],[-5.788,57.346],[-5.808,57.376],[-5.822,57.364],[-5.831,57.391],[-5.819,57.389],[-5.821,57.402],[-5.806,57.391],[-5.825,57.419],[-5.806,57.439],[-5.854,57.442],[-5.873,57.475],[-5.836,57.579],[-5.812,57.586],[-5.742,57.543],[-5.707,57.54],[-5.71,57.557],[-5.697,57.53],[-5.65,57.509],[-5.656,57.542],[-5.621,57.521],[-5.626,57.531],[-5.606,57.536],[-5.511,57.537],[-5.517,57.55],[-5.589,57.557],[-5.669,57.546],[-5.704,57.564],[-5.681,57.568],[-5.686,57.577],[-5.728,57.585],[-5.756,57.624],[-5.819,57.639],[-5.789,57.697],[-5.738,57.708],[-5.682,57.689],[-5.688,57.699],[-5.672,57.701],[-5.696,57.73],[-5.813,57.75],[-5.801,57.793],[-5.812,57.86],[-5.7,57.871],[-5.682,57.864],[-5.692,57.842],[-5.661,57.823],[-5.669,57.8],[-5.619,57.766],[-5.596,57.772],[-5.622,57.79],[-5.578,57.792],[-5.591,57.808],[-5.508,57.791],[-5.507,57.768],[-5.475,57.775],[-5.412,57.726],[-5.352,57.73],[-5.226,57.686],[-5.148,57.68],[-5.154,57.658],[-5.136,57.652],[-5.136,57.629],[-5.199,57.567],[-5.179,57.538],[-5.229,57.537],[-5.197,57.521],[-5.168,57.526],[-5.156,57.503],[-5.206,57.478],[-5.205,57.457],[-5.23,57.455],[-5.244,57.419],[-5.04,57.429],[-5.047,57.439],[-4.999,57.464],[-4.816,57.495],[-4.757,57.499],[-4.728,57.476],[-4.673,57.494],[-4.617,57.443],[-4.629,57.396],[-4.604,57.373],[-4.46,57.365],[-4.409,57.426],[-4.342,57.436],[-4.283,57.471],[-4.288,57.481],[-4.237,57.496],[-4.239,57.491],[-4.228,57.469],[-4.234,57.496],[-4.185,57.484],[-4.104,57.511],[-4.056,57.501],[-4.075,57.491],[-4.018,57.438],[-4.062,57.433],[-4.054,57.426],[-4.022,57.431],[-4.006,57.414],[-3.96,57.427],[-3.953,57.389],[-3.905,57.383],[-3.887,57.357],[-3.844,57.343],[-4.042,57.246],[-4.038,57.223],[-4.063,57.189],[-4.122,57.184],[-4.152,57.157],[-4.158,57.146],[-4.139,57.129],[-4.22,57.123],[-4.314,57.091],[-4.307,57.078],[-4.33,57.054],[-4.368,57.054],[-4.368,57.07],[-4.393,57.083],[-4.489,57.063],[-4.52,57.072],[-4.539,57.054],[-4.59,57.061],[-4.627,57.044],[-4.63,57.03],[-4.605,57.026],[-4.612,57.008],[-4.566,56.987],[-4.602,56.951],[-4.498,56.949],[-4.561,56.918],[-4.576,56.888],[-4.553,56.867],[-4.581,56.84],[-4.541,56.825],[-4.508,56.835],[-4.537,56.81],[-4.547,56.772],[-4.59,56.76],[-4.576,56.735],[-4.605,56.709],[-4.659,56.716],[-4.685,56.746],[-4.745,56.742],[-4.778,56.771],[-4.853,56.779],[-4.901,56.746],[-5.056,56.751],[-5.121,56.731],[-5.191,56.755],[-5.091,56.831]],[[-5.859,56.927],[-5.859,56.927],[-5.859,56.927],[-5.859,56.927]],[[-5.858,56.926],[-5.856,56.927],[-5.859,56.927],[-5.858,56.926]],[[-5.847,56.959],[-5.846,56.959],[-5.847,56.959],[-5.847,56.959]],[[-5.844,56.959],[-5.844,56.958],[-5.846,56.959],[-5.844,56.959]],[[-5.523,57.083],[-5.523,57.083],[-5.523,57.083],[-5.523,57.083]],[[-5.523,57.083],[-5.523,57.083],[-5.523,57.083],[-5.523,57.083]],[[-5.395,57.233],[-5.395,57.233],[-5.395,57.233],[-5.395,57.233]],[[-5.431,57.315],[-5.43,57.315],[-5.431,57.316],[-5.431,57.315]],[[-5.602,57.281],[-5.601,57.281],[-5.601,57.281],[-5.602,57.281]],[[-5.439,57.416],[-5.439,57.416],[-5.439,57.416],[-5.439,57.416]],[[-5.439,57.416],[-5.438,57.416],[-5.439,57.416],[-5.439,57.416]],[[-5.441,57.417],[-5.441,57.417],[-5.441,57.417],[-5.441,57.417]],[[-5.44,57.417],[-5.44,57.417],[-5.437,57.417],[-5.44,57.417]],[[-5.453,57.423],[-5.454,57.423],[-5.454,57.423],[-5.453,57.423]],[[-5.598,57.365],[-5.598,57.365],[-5.598,57.365],[-5.598,57.365]],[[-5.597,57.365],[-5.598,57.365],[-5.598,57.365],[-5.597,57.365]]]]}},{"type":"Feature","properties":{"code":"E14001302","name":"Ipswich","centroidLat":52.05585,"centroidLong":1.166723},"geometry":{"type":"Polygon","coordinates":[[[1.19,52.08],[1.219,52.023],[1.179,52.022],[1.158,52.035],[1.164,52.045],[1.161,52.049],[1.158,52.051],[1.155,52.052],[1.142,52.052],[1.14,52.054],[1.137,52.054],[1.135,52.056],[1.135,52.059],[1.135,52.056],[1.142,52.052],[1.16,52.049],[1.155,52.036],[1.13,52.03],[1.107,52.047],[1.133,52.071],[1.19,52.08]],[[1.138,52.055],[1.138,52.055],[1.139,52.055],[1.138,52.055]]]}},{"type":"Feature","properties":{"code":"E14001303","name":"Isle of Wight East","centroidLat":50.6838,"centroidLong":-1.16895},"geometry":{"type":"Polygon","coordinates":[[[-1.269,50.58],[-1.213,50.669],[-1.217,50.683],[-1.247,50.686],[-1.247,50.716],[-1.258,50.715],[-1.241,50.742],[-1.214,50.738],[-1.227,50.727],[-1.225,50.725],[-1.211,50.735],[-1.11,50.722],[-1.096,50.694],[-1.108,50.694],[-1.07,50.687],[-1.16,50.649],[-1.183,50.598],[-1.269,50.58]]]}},{"type":"Feature","properties":{"code":"E14001304","name":"Isle of Wight West","centroidLat":50.67161,"centroidLong":-1.39212},"geometry":{"type":"Polygon","coordinates":[[[-1.242,50.739],[-1.258,50.715],[-1.247,50.716],[-1.247,50.686],[-1.217,50.683],[-1.213,50.669],[-1.252,50.597],[-1.245,50.588],[-1.269,50.58],[-1.308,50.577],[-1.484,50.667],[-1.587,50.663],[-1.522,50.707],[-1.502,50.707],[-1.51,50.706],[-1.5,50.698],[-1.508,50.696],[-1.503,50.687],[-1.509,50.685],[-1.508,50.683],[-1.502,50.686],[-1.506,50.694],[-1.498,50.697],[-1.499,50.697],[-1.499,50.698],[-1.498,50.698],[-1.498,50.699],[-1.499,50.699],[-1.498,50.7],[-1.5,50.699],[-1.501,50.701],[-1.497,50.701],[-1.501,50.702],[-1.504,50.706],[-1.429,50.726],[-1.424,50.727],[-1.412,50.724],[-1.411,50.724],[-1.412,50.723],[-1.416,50.724],[-1.421,50.725],[-1.422,50.725],[-1.413,50.719],[-1.429,50.711],[-1.425,50.71],[-1.427,50.709],[-1.426,50.708],[-1.427,50.707],[-1.427,50.706],[-1.434,50.705],[-1.435,50.704],[-1.426,50.705],[-1.413,50.715],[-1.416,50.713],[-1.413,50.713],[-1.415,50.712],[-1.414,50.712],[-1.414,50.711],[-1.413,50.706],[-1.413,50.705],[-1.412,50.704],[-1.413,50.704],[-1.413,50.704],[-1.407,50.709],[-1.412,50.714],[-1.402,50.711],[-1.398,50.71],[-1.409,50.715],[-1.41,50.717],[-1.408,50.719],[-1.377,50.712],[-1.37,50.72],[-1.389,50.717],[-1.404,50.727],[-1.314,50.767],[-1.292,50.758],[-1.292,50.702],[-1.29,50.701],[-1.291,50.707],[-1.279,50.726],[-1.277,50.732],[-1.277,50.732],[-1.292,50.765],[-1.27,50.765],[-1.242,50.739]],[[-1.503,50.698],[-1.502,50.698],[-1.502,50.698],[-1.503,50.698]],[[-1.506,50.691],[-1.506,50.69],[-1.506,50.691],[-1.506,50.691]],[[-1.506,50.69],[-1.506,50.69],[-1.505,50.69],[-1.506,50.69]],[[-1.506,50.69],[-1.506,50.69],[-1.506,50.69],[-1.506,50.69]],[[-1.505,50.689],[-1.505,50.69],[-1.505,50.689],[-1.505,50.689]],[[-1.504,50.687],[-1.504,50.687],[-1.504,50.687],[-1.504,50.687]],[[-1.502,50.693],[-1.503,50.693],[-1.503,50.693],[-1.502,50.693]],[[-1.504,50.694],[-1.503,50.694],[-1.503,50.694],[-1.504,50.694]],[[-1.502,50.694],[-1.502,50.693],[-1.501,50.694],[-1.502,50.694]],[[-1.498,50.697],[-1.498,50.697],[-1.498,50.697],[-1.498,50.697]],[[-1.498,50.698],[-1.498,50.698],[-1.498,50.697],[-1.498,50.698]],[[-1.499,50.7],[-1.499,50.7],[-1.499,50.7],[-1.499,50.7]],[[-1.5,50.7],[-1.499,50.7],[-1.499,50.7],[-1.5,50.7]],[[-1.498,50.7],[-1.498,50.7],[-1.498,50.7],[-1.498,50.7]],[[-1.427,50.709],[-1.427,50.709],[-1.427,50.709],[-1.427,50.709]],[[-1.43,50.708],[-1.427,50.709],[-1.427,50.709],[-1.43,50.708]],[[-1.435,50.704],[-1.438,50.702],[-1.435,50.704],[-1.435,50.704]],[[-1.43,50.704],[-1.43,50.703],[-1.43,50.704],[-1.43,50.704]],[[-1.402,50.711],[-1.402,50.711],[-1.402,50.711],[-1.402,50.711]],[[-1.402,50.711],[-1.403,50.709],[-1.402,50.708],[-1.402,50.711]],[[-1.41,50.717],[-1.409,50.716],[-1.41,50.717],[-1.41,50.717]],[[-1.377,50.711],[-1.377,50.711],[-1.377,50.712],[-1.377,50.711]],[[-1.377,50.711],[-1.377,50.71],[-1.376,50.71],[-1.377,50.71],[-1.376,50.711],[-1.377,50.711]],[[-1.396,50.724],[-1.396,50.724],[-1.396,50.724],[-1.396,50.724]],[[-1.293,50.702],[-1.292,50.702],[-1.292,50.702],[-1.293,50.702]],[[-1.294,50.702],[-1.295,50.702],[-1.293,50.702],[-1.294,50.702]],[[-1.29,50.701],[-1.29,50.701],[-1.29,50.701],[-1.29,50.701]],[[-1.29,50.701],[-1.29,50.699],[-1.29,50.697],[-1.289,50.7],[-1.29,50.701]],[[-1.277,50.732],[-1.277,50.731],[-1.277,50.732],[-1.277,50.732]],[[-1.277,50.731],[-1.276,50.731],[-1.276,50.731],[-1.277,50.731]],[[-1.276,50.731],[-1.276,50.732],[-1.276,50.731],[-1.276,50.731]],[[-1.276,50.732],[-1.276,50.732],[-1.276,50.732],[-1.276,50.732]]]}},{"type":"Feature","properties":{"code":"E14001305","name":"Islington North","centroidLat":51.56094,"centroidLong":-0.11738},"geometry":{"type":"Polygon","coordinates":[[[-0.142,51.569],[-0.077,51.546],[-0.129,51.549],[-0.142,51.569]]]}},{"type":"Feature","properties":{"code":"E14001306","name":"Islington South and Finsbury","centroidLat":51.538,"centroidLong":-0.10047},"geometry":{"type":"Polygon","coordinates":[[[-0.077,51.546],[-0.097,51.533],[-0.086,51.519],[-0.105,51.519],[-0.129,51.549],[-0.077,51.546]]]}},{"type":"Feature","properties":{"code":"E14001307","name":"Jarrow and Gateshead East","centroidLat":54.95718,"centroidLong":-1.51387},"geometry":{"type":"Polygon","coordinates":[[[-1.45,54.934],[-1.553,54.928],[-1.585,54.954],[-1.536,54.962],[-1.523,54.985],[-1.451,54.987],[-1.463,54.959],[-1.429,54.95],[-1.45,54.934]]]}},{"type":"Feature","properties":{"code":"E14001308","name":"Keighley and Ilkley","centroidLat":53.89659,"centroidLong":-1.9195},"geometry":{"type":"Polygon","coordinates":[[[-1.778,53.923],[-1.838,53.887],[-1.856,53.859],[-1.927,53.836],[-1.937,53.824],[-1.919,53.797],[-1.927,53.787],[-1.981,53.786],[-2.061,53.826],[-2.022,53.872],[-1.982,53.869],[-1.979,53.901],[-1.952,53.904],[-1.977,53.926],[-1.966,53.952],[-1.88,53.963],[-1.861,53.933],[-1.805,53.939],[-1.778,53.923]]]}},{"type":"Feature","properties":{"code":"E14001309","name":"Kenilworth and Southam","centroidLat":52.15791,"centroidLong":-1.49659},"geometry":{"type":"Polygon","coordinates":[[[-1.525,52.379],[-1.346,52.348],[-1.317,52.36],[-1.289,52.344],[-1.252,52.355],[-1.238,52.344],[-1.265,52.328],[-1.209,52.315],[-1.234,52.29],[-1.218,52.262],[-1.285,52.238],[-1.255,52.198],[-1.313,52.19],[-1.349,52.135],[-1.393,52.119],[-1.358,52.101],[-1.385,52.094],[-1.42,52.118],[-1.449,52.116],[-1.447,52.098],[-1.477,52.101],[-1.499,52.064],[-1.583,52.108],[-1.566,52.121],[-1.54,52.113],[-1.526,52.128],[-1.605,52.16],[-1.6,52.179],[-1.635,52.181],[-1.626,52.201],[-1.601,52.198],[-1.575,52.217],[-1.621,52.214],[-1.626,52.226],[-1.606,52.236],[-1.669,52.258],[-1.668,52.285],[-1.762,52.308],[-1.78,52.364],[-1.746,52.355],[-1.72,52.373],[-1.718,52.368],[-1.721,52.359],[-1.719,52.356],[-1.648,52.357],[-1.601,52.389],[-1.568,52.385],[-1.552,52.364],[-1.525,52.379]],[[-1.444,52.34],[-1.486,52.331],[-1.48,52.29],[-1.557,52.326],[-1.542,52.314],[-1.607,52.293],[-1.617,52.262],[-1.575,52.252],[-1.555,52.228],[-1.5,52.238],[-1.478,52.262],[-1.435,52.273],[-1.448,52.294],[-1.425,52.294],[-1.407,52.315],[-1.444,52.34]]]}},{"type":"Feature","properties":{"code":"E14001310","name":"Kensington and Bayswater","centroidLat":51.50412,"centroidLong":-0.1923},"geometry":{"type":"Polygon","coordinates":[[[-0.229,51.53],[-0.171,51.51],[-0.18,51.498],[-0.155,51.495],[-0.198,51.488],[-0.229,51.53]]]}},{"type":"Feature","properties":{"code":"E14001311","name":"Kettering","centroidLat":52.43045,"centroidLong":-0.76019},"geometry":{"type":"Polygon","coordinates":[[[-0.869,52.527],[-0.722,52.505],[-0.738,52.458],[-0.673,52.484],[-0.634,52.479],[-0.632,52.465],[-0.664,52.454],[-0.659,52.434],[-0.628,52.435],[-0.614,52.42],[-0.622,52.368],[-0.654,52.348],[-0.7,52.364],[-0.789,52.347],[-0.841,52.393],[-0.891,52.399],[-0.887,52.423],[-0.864,52.434],[-0.906,52.454],[-0.882,52.471],[-0.898,52.487],[-0.869,52.527]]]}},{"type":"Feature","properties":{"code":"S14000110","name":"Kilmarnock and Loudoun","centroidLat":55.57065,"centroidLong":-4.29488},"geometry":{"type":"Polygon","coordinates":[[[-4.247,55.679],[-4.205,55.615],[-4.175,55.605],[-4.243,55.562],[-4.225,55.55],[-4.148,55.573],[-4.082,55.568],[-4.04,55.592],[-3.957,55.556],[-4.026,55.492],[-3.987,55.461],[-4.026,55.436],[-4.097,55.425],[-4.208,55.467],[-4.284,55.454],[-4.329,55.482],[-4.386,55.48],[-4.397,55.485],[-4.387,55.498],[-4.424,55.496],[-4.399,55.511],[-4.413,55.556],[-4.518,55.565],[-4.539,55.575],[-4.536,55.592],[-4.594,55.601],[-4.579,55.604],[-4.588,55.618],[-4.559,55.625],[-4.57,55.633],[-4.557,55.647],[-4.493,55.665],[-4.546,55.667],[-4.594,55.644],[-4.639,55.669],[-4.504,55.764],[-4.458,55.751],[-4.469,55.733],[-4.439,55.735],[-4.401,55.714],[-4.384,55.723],[-4.325,55.688],[-4.247,55.679]]]}},{"type":"Feature","properties":{"code":"E14001312","name":"Kingston and Surbiton","centroidLat":51.38755,"centroidLong":-0.28719},"geometry":{"type":"Polygon","coordinates":[[[-0.247,51.41],[-0.276,51.397],[-0.262,51.377],[-0.33,51.328],[-0.308,51.414],[-0.247,51.41]]]}},{"type":"Feature","properties":{"code":"E14001313","name":"Kingston upon Hull East","centroidLat":53.77321,"centroidLong":-0.29796},"geometry":{"type":"Polygon","coordinates":[[[-0.247,53.741],[-0.331,53.738],[-0.328,53.766],[-0.349,53.779],[-0.316,53.788],[-0.349,53.81],[-0.316,53.813],[-0.278,53.782],[-0.252,53.781],[-0.247,53.741]]]}},{"type":"Feature","properties":{"code":"E14001314","name":"Kingston upon Hull North and Cottingham","centroidLat":53.77645,"centroidLong":-0.39964},"geometry":{"type":"MultiPolygon","coordinates":[[[[-0.447,53.794],[-0.366,53.803],[-0.366,53.801],[-0.365,53.798],[-0.364,53.796],[-0.359,53.794],[-0.36,53.792],[-0.356,53.79],[-0.348,53.787],[-0.348,53.786],[-0.351,53.785],[-0.352,53.784],[-0.349,53.776],[-0.328,53.766],[-0.33,53.748],[-0.368,53.744],[-0.406,53.77],[-0.452,53.769],[-0.447,53.794]]],[[[-0.316,53.788],[-0.348,53.787],[-0.365,53.803],[-0.349,53.809],[-0.316,53.788]]]]}},{"type":"Feature","properties":{"code":"E14001315","name":"Kingston upon Hull West and Haltemprice","centroidLat":53.74202,"centroidLong":-0.40241},"geometry":{"type":"Polygon","coordinates":[[[-0.33,53.748],[-0.34,53.736],[-0.448,53.714],[-0.463,53.717],[-0.483,53.759],[-0.406,53.77],[-0.368,53.744],[-0.33,53.748]]]}},{"type":"Feature","properties":{"code":"E14001316","name":"Kingswinford and South Staffordshire","centroidLat":52.54034,"centroidLong":-2.22923},"geometry":{"type":"Polygon","coordinates":[[[-2.134,52.634],[-2.196,52.607],[-2.189,52.589],[-2.207,52.587],[-2.18,52.575],[-2.176,52.554],[-2.133,52.554],[-2.159,52.506],[-2.136,52.487],[-2.176,52.456],[-2.164,52.423],[-2.295,52.449],[-2.288,52.461],[-2.313,52.489],[-2.256,52.542],[-2.282,52.553],[-2.263,52.571],[-2.322,52.594],[-2.324,52.613],[-2.256,52.61],[-2.233,52.648],[-2.165,52.63],[-2.152,52.649],[-2.134,52.634]]]}},{"type":"Feature","properties":{"code":"E14001317","name":"Knowsley","centroidLat":53.45998,"centroidLong":-2.85514},"geometry":{"type":"Polygon","coordinates":[[[-2.825,53.485],[-2.787,53.429],[-2.818,53.416],[-2.806,53.399],[-2.817,53.396],[-2.875,53.401],[-2.845,53.413],[-2.849,53.423],[-2.873,53.435],[-2.871,53.453],[-2.923,53.475],[-2.888,53.504],[-2.825,53.485]]]}},{"type":"Feature","properties":{"code":"N05000009","name":"Lagan Valley","centroidLat":54.46135,"centroidLong":-6.09199},"geometry":{"type":"Polygon","coordinates":[[[-6.056,54.56],[-6.032,54.532],[-5.994,54.543],[-6.003,54.526],[-5.976,54.516],[-5.98,54.495],[-5.894,54.499],[-5.872,54.479],[-5.945,54.414],[-5.938,54.384],[-6.017,54.372],[-6.07,54.325],[-6.086,54.328],[-6.083,54.341],[-6.127,54.344],[-6.15,54.368],[-6.184,54.355],[-6.258,54.369],[-6.268,54.379],[-6.233,54.397],[-6.241,54.406],[-6.209,54.445],[-6.309,54.451],[-6.313,54.478],[-6.353,54.477],[-6.407,54.512],[-6.448,54.563],[-6.324,54.591],[-6.278,54.557],[-6.179,54.567],[-6.192,54.544],[-6.145,54.544],[-6.125,54.523],[-6.095,54.529],[-6.112,54.561],[-6.056,54.56]]]}},{"type":"Feature","properties":{"code":"E14001318","name":"Lancaster and Wyre","centroidLat":53.95185,"centroidLong":-2.77867},"geometry":{"type":"Polygon","coordinates":[[[-2.846,53.966],[-2.879,53.979],[-2.856,54.0],[-2.834,53.999],[-2.832,53.995],[-2.83,53.997],[-2.831,53.995],[-2.829,53.995],[-2.827,53.996],[-2.828,53.995],[-2.825,53.995],[-2.823,53.995],[-2.833,53.998],[-2.829,54.027],[-2.827,54.029],[-2.827,54.03],[-2.826,54.03],[-2.827,54.031],[-2.829,54.028],[-2.832,54.032],[-2.829,54.034],[-2.828,54.034],[-2.828,54.036],[-2.83,54.038],[-2.83,54.034],[-2.833,54.033],[-2.837,54.036],[-2.833,54.036],[-2.833,54.037],[-2.831,54.038],[-2.837,54.037],[-2.836,54.038],[-2.838,54.039],[-2.833,54.04],[-2.838,54.039],[-2.838,54.037],[-2.837,54.041],[-2.841,54.039],[-2.842,54.041],[-2.84,54.042],[-2.839,54.041],[-2.838,54.041],[-2.84,54.042],[-2.842,54.041],[-2.843,54.045],[-2.841,54.046],[-2.824,54.051],[-2.81,54.055],[-2.803,54.052],[-2.799,54.052],[-2.791,54.061],[-2.838,54.049],[-2.824,54.055],[-2.836,54.061],[-2.793,54.069],[-2.765,54.056],[-2.776,54.041],[-2.741,54.034],[-2.765,54.013],[-2.732,54.003],[-2.68,54.024],[-2.59,54.025],[-2.571,54.015],[-2.581,54.0],[-2.558,53.975],[-2.651,53.952],[-2.616,53.923],[-2.617,53.9],[-2.687,53.89],[-2.71,53.854],[-2.747,53.851],[-2.736,53.823],[-2.771,53.84],[-2.826,53.82],[-2.891,53.848],[-2.876,53.857],[-2.873,53.865],[-2.865,53.859],[-2.848,53.857],[-2.826,53.864],[-2.848,53.858],[-2.868,53.866],[-2.91,53.865],[-2.945,53.852],[-2.972,53.864],[-2.962,53.872],[-2.963,53.878],[-2.993,53.897],[-3.0,53.929],[-2.924,53.95],[-2.891,53.94],[-2.892,53.942],[-2.876,53.945],[-2.874,53.951],[-2.87,53.951],[-2.864,53.953],[-2.874,53.952],[-2.887,53.958],[-2.862,53.965],[-2.854,53.965],[-2.854,53.964],[-2.853,53.964],[-2.841,53.956],[-2.836,53.955],[-2.854,53.965],[-2.842,53.965],[-2.842,53.964],[-2.843,53.962],[-2.842,53.962],[-2.839,53.962],[-2.842,53.962],[-2.841,53.963],[-2.842,53.965],[-2.846,53.966],[-2.846,53.966],[-2.845,53.967],[-2.845,53.967],[-2.844,53.967],[-2.844,53.968],[-2.844,53.967],[-2.845,53.967],[-2.847,53.966],[-2.846,53.966]],[[-2.858,53.993],[-2.858,53.993],[-2.859,53.993],[-2.858,53.993]],[[-2.858,53.993],[-2.856,53.994],[-2.856,53.995],[-2.858,53.993]],[[-2.86,53.995],[-2.86,53.995],[-2.86,53.995],[-2.86,53.995]],[[-2.859,53.995],[-2.857,53.995],[-2.86,53.995],[-2.859,53.995]],[[-2.837,53.997],[-2.837,53.998],[-2.837,53.998],[-2.837,53.997]],[[-2.828,54.021],[-2.829,54.021],[-2.829,54.021],[-2.828,54.021]],[[-2.829,54.033],[-2.829,54.033],[-2.829,54.033],[-2.829,54.033]],[[-2.829,54.033],[-2.828,54.033],[-2.829,54.033],[-2.829,54.033],[-2.829,54.033]],[[-2.831,54.035],[-2.83,54.035],[-2.83,54.035],[-2.831,54.035]],[[-2.833,54.034],[-2.834,54.034],[-2.834,54.034],[-2.833,54.034]],[[-2.833,54.034],[-2.833,54.034],[-2.833,54.034],[-2.833,54.034]],[[-2.833,54.034],[-2.833,54.034],[-2.833,54.034],[-2.833,54.034]],[[-2.832,54.035],[-2.833,54.035],[-2.833,54.034],[-2.832,54.035]],[[-2.833,54.036],[-2.834,54.035],[-2.834,54.035],[-2.833,54.036]],[[-2.832,54.037],[-2.832,54.037],[-2.833,54.037],[-2.832,54.037]],[[-2.831,54.037],[-2.83,54.037],[-2.832,54.037],[-2.831,54.037]],[[-2.833,54.038],[-2.833,54.038],[-2.833,54.038],[-2.833,54.038]],[[-2.833,54.039],[-2.833,54.038],[-2.833,54.038],[-2.833,54.039]],[[-2.836,54.038],[-2.836,54.038],[-2.836,54.038],[-2.836,54.038]],[[-2.836,54.039],[-2.836,54.039],[-2.834,54.039],[-2.833,54.04],[-2.836,54.039]],[[-2.837,54.04],[-2.837,54.04],[-2.837,54.04],[-2.837,54.04]],[[-2.836,54.04],[-2.837,54.04],[-2.837,54.04],[-2.836,54.04]],[[-2.836,54.04],[-2.836,54.04],[-2.836,54.04],[-2.836,54.04]],[[-2.836,54.04],[-2.836,54.041],[-2.836,54.04],[-2.836,54.04],[-2.836,54.04]],[[-2.841,54.041],[-2.841,54.041],[-2.842,54.041],[-2.841,54.041]],[[-2.841,54.041],[-2.84,54.041],[-2.841,54.041],[-2.841,54.041]],[[-2.838,54.042],[-2.839,54.042],[-2.839,54.042],[-2.838,54.042]],[[-2.839,54.042],[-2.839,54.043],[-2.84,54.042],[-2.839,54.042]],[[-2.842,54.043],[-2.841,54.044],[-2.842,54.043],[-2.842,54.043]],[[-2.841,54.044],[-2.841,54.043],[-2.841,54.044],[-2.841,54.044]],[[-2.841,54.044],[-2.841,54.044],[-2.841,54.044],[-2.841,54.044]],[[-2.84,54.043],[-2.84,54.044],[-2.841,54.044],[-2.84,54.043]],[[-2.842,54.045],[-2.841,54.044],[-2.842,54.045],[-2.842,54.045]],[[-2.84,54.046],[-2.84,54.046],[-2.84,54.046],[-2.84,54.046]],[[-2.839,54.046],[-2.839,54.046],[-2.84,54.046],[-2.839,54.046]],[[-2.952,53.86],[-2.952,53.86],[-2.954,53.86],[-2.952,53.86]],[[-2.952,53.86],[-2.952,53.86],[-2.952,53.86],[-2.952,53.86]],[[-2.951,53.859],[-2.951,53.86],[-2.952,53.86],[-2.951,53.859]],[[-2.951,53.859],[-2.951,53.859],[-2.951,53.859],[-2.951,53.859]],[[-2.951,53.859],[-2.951,53.859],[-2.951,53.859],[-2.951,53.859]],[[-2.95,53.859],[-2.949,53.858],[-2.951,53.859],[-2.95,53.859]],[[-2.987,53.895],[-2.987,53.895],[-2.987,53.895],[-2.987,53.895]],[[-2.986,53.895],[-2.986,53.895],[-2.985,53.896],[-2.987,53.895],[-2.986,53.895]],[[-2.987,53.896],[-2.987,53.896],[-2.987,53.896],[-2.987,53.896]],[[-2.987,53.897],[-2.987,53.897],[-2.984,53.897],[-2.985,53.898],[-2.987,53.897]],[[-2.989,53.896],[-2.989,53.896],[-2.989,53.896],[-2.989,53.896]],[[-2.989,53.896],[-2.988,53.896],[-2.989,53.896],[-2.989,53.896]],[[-2.989,53.896],[-2.988,53.896],[-2.989,53.896],[-2.989,53.896]],[[-2.988,53.895],[-2.988,53.896],[-2.988,53.896],[-2.988,53.895]],[[-2.992,53.898],[-2.992,53.898],[-2.992,53.898],[-2.992,53.898]],[[-2.991,53.898],[-2.991,53.899],[-2.992,53.898],[-2.991,53.898]],[[-2.993,53.898],[-2.992,53.898],[-2.993,53.898],[-2.993,53.898]],[[-2.991,53.899],[-2.991,53.899],[-2.992,53.898],[-2.991,53.899]],[[-2.991,53.899],[-2.992,53.9],[-2.992,53.9],[-2.991,53.899]],[[-2.993,53.902],[-2.992,53.902],[-2.993,53.902],[-2.993,53.902]],[[-2.992,53.902],[-2.991,53.903],[-2.992,53.902],[-2.992,53.902]],[[-2.991,53.903],[-2.991,53.903],[-2.992,53.903],[-2.991,53.903]],[[-2.993,53.903],[-2.993,53.903],[-2.994,53.903],[-2.993,53.903]],[[-2.993,53.903],[-2.993,53.903],[-2.993,53.903],[-2.993,53.903]],[[-2.992,53.903],[-2.992,53.903],[-2.993,53.903],[-2.992,53.903]],[[-2.992,53.905],[-2.992,53.905],[-2.992,53.905],[-2.992,53.905]],[[-2.992,53.904],[-2.991,53.904],[-2.992,53.905],[-2.992,53.904]],[[-2.992,53.905],[-2.992,53.906],[-2.992,53.905],[-2.992,53.905]],[[-2.992,53.905],[-2.991,53.905],[-2.992,53.905],[-2.992,53.905]],[[-2.987,53.904],[-2.987,53.904],[-2.987,53.904],[-2.987,53.904]],[[-2.985,53.904],[-2.986,53.903],[-2.987,53.904],[-2.985,53.904]],[[-2.989,53.908],[-2.99,53.908],[-2.989,53.908],[-2.989,53.908]],[[-2.993,53.91],[-2.993,53.91],[-2.993,53.91],[-2.993,53.91]],[[-2.993,53.91],[-2.994,53.911],[-2.993,53.911],[-2.993,53.911],[-2.992,53.911],[-2.99,53.911],[-2.993,53.91]],[[-2.92,53.944],[-2.92,53.944],[-2.919,53.944],[-2.92,53.944]],[[-2.921,53.944],[-2.92,53.944],[-2.92,53.944],[-2.921,53.944]],[[-2.912,53.941],[-2.912,53.94],[-2.912,53.941],[-2.912,53.941]],[[-2.913,53.94],[-2.913,53.941],[-2.916,53.941],[-2.913,53.94]],[[-2.908,53.94],[-2.909,53.94],[-2.908,53.941],[-2.908,53.94]],[[-2.909,53.94],[-2.909,53.94],[-2.909,53.94],[-2.909,53.94]],[[-2.909,53.939],[-2.909,53.939],[-2.909,53.94],[-2.909,53.939]],[[-2.896,53.939],[-2.897,53.939],[-2.897,53.939],[-2.896,53.939]],[[-2.896,53.939],[-2.896,53.939],[-2.896,53.939],[-2.896,53.939]],[[-2.875,53.948],[-2.875,53.948],[-2.875,53.948],[-2.875,53.948]],[[-2.875,53.948],[-2.874,53.946],[-2.873,53.947],[-2.875,53.948],[-2.875,53.948]],[[-2.873,53.951],[-2.873,53.951],[-2.873,53.951],[-2.873,53.951]],[[-2.873,53.95],[-2.873,53.95],[-2.873,53.951],[-2.873,53.95]],[[-2.873,53.95],[-2.873,53.95],[-2.873,53.95],[-2.873,53.95]],[[-2.873,53.95],[-2.872,53.95],[-2.873,53.95],[-2.873,53.95]],[[-2.855,53.959],[-2.857,53.96],[-2.858,53.96],[-2.855,53.959]],[[-2.853,53.963],[-2.853,53.963],[-2.853,53.963],[-2.853,53.963]],[[-2.853,53.963],[-2.853,53.962],[-2.853,53.962],[-2.853,53.963]],[[-2.842,53.963],[-2.842,53.963],[-2.842,53.964],[-2.842,53.963]],[[-2.842,53.963],[-2.846,53.963],[-2.847,53.963],[-2.842,53.963]],[[-2.841,53.963],[-2.836,53.964],[-2.841,53.963],[-2.841,53.963]],[[-2.845,53.966],[-2.845,53.966],[-2.846,53.966],[-2.845,53.966]],[[-2.845,53.966],[-2.843,53.966],[-2.843,53.966],[-2.845,53.967],[-2.845,53.966]],[[-2.843,53.966],[-2.843,53.966],[-2.843,53.966],[-2.843,53.966]],[[-2.843,53.966],[-2.842,53.966],[-2.843,53.967],[-2.843,53.966]],[[-2.842,53.966],[-2.842,53.966],[-2.842,53.966],[-2.842,53.966]],[[-2.842,53.966],[-2.841,53.966],[-2.841,53.966],[-2.842,53.966]],[[-2.845,53.967],[-2.845,53.967],[-2.845,53.967],[-2.845,53.967]],[[-2.845,53.967],[-2.845,53.968],[-2.846,53.968],[-2.845,53.967]],[[-2.88,53.943],[-2.88,53.944],[-2.88,53.944],[-2.88,53.943]],[[-2.874,53.949],[-2.874,53.949],[-2.875,53.948],[-2.874,53.949]],[[-2.874,53.948],[-2.874,53.948],[-2.874,53.949],[-2.874,53.948]],[[-2.874,53.948],[-2.873,53.948],[-2.872,53.949],[-2.872,53.949],[-2.871,53.949],[-2.872,53.95],[-2.874,53.948]],[[-2.872,53.949],[-2.872,53.948],[-2.872,53.949],[-2.872,53.949]],[[-2.872,53.948],[-2.872,53.948],[-2.872,53.948],[-2.872,53.948]],[[-2.871,53.949],[-2.871,53.949],[-2.871,53.949],[-2.871,53.949]],[[-2.871,53.95],[-2.872,53.95],[-2.872,53.95],[-2.871,53.95]],[[-2.827,54.029],[-2.827,54.03],[-2.827,54.029],[-2.827,54.029]]]}},{"type":"Feature","properties":{"code":"E14001319","name":"Leeds Central and Headingley","centroidLat":53.82665,"centroidLong":-1.5962},"geometry":{"type":"Polygon","coordinates":[[[-1.577,53.842],[-1.569,53.824],[-1.528,53.81],[-1.53,53.798],[-1.566,53.794],[-1.633,53.827],[-1.614,53.837],[-1.63,53.847],[-1.616,53.859],[-1.594,53.838],[-1.577,53.842]]]}},{"type":"Feature","properties":{"code":"E14001320","name":"Leeds East","centroidLat":53.7926,"centroidLong":-1.40209},"geometry":{"type":"Polygon","coordinates":[[[-1.345,53.809],[-1.349,53.779],[-1.392,53.781],[-1.385,53.747],[-1.407,53.741],[-1.482,53.766],[-1.47,53.776],[-1.483,53.789],[-1.458,53.791],[-1.457,53.799],[-1.529,53.805],[-1.474,53.844],[-1.4,53.82],[-1.401,53.8],[-1.345,53.809]]]}},{"type":"Feature","properties":{"code":"E14001321","name":"Leeds North East","centroidLat":53.84495,"centroidLong":-1.53112},"geometry":{"type":"Polygon","coordinates":[[[-1.589,53.885],[-1.497,53.866],[-1.5,53.848],[-1.477,53.83],[-1.536,53.808],[-1.569,53.824],[-1.578,53.836],[-1.564,53.848],[-1.589,53.885]]]}},{"type":"Feature","properties":{"code":"E14001322","name":"Leeds North West","centroidLat":53.87277,"centroidLong":-1.68086},"geometry":{"type":"Polygon","coordinates":[[[-1.553,53.903],[-1.589,53.885],[-1.564,53.846],[-1.594,53.838],[-1.616,53.859],[-1.63,53.847],[-1.614,53.837],[-1.63,53.827],[-1.703,53.836],[-1.695,53.858],[-1.761,53.864],[-1.8,53.886],[-1.787,53.897],[-1.725,53.886],[-1.729,53.908],[-1.707,53.919],[-1.553,53.903]]]}},{"type":"Feature","properties":{"code":"E14001323","name":"Leeds South","centroidLat":53.77424,"centroidLong":-1.53272},"geometry":{"type":"Polygon","coordinates":[[[-1.47,53.776],[-1.512,53.758],[-1.515,53.743],[-1.559,53.739],[-1.59,53.776],[-1.506,53.81],[-1.456,53.797],[-1.483,53.789],[-1.47,53.776]]]}},{"type":"Feature","properties":{"code":"E14001324","name":"Leeds South West and Morley","centroidLat":53.75083,"centroidLong":-1.62051},"geometry":{"type":"Polygon","coordinates":[[[-1.576,53.788],[-1.59,53.771],[-1.559,53.739],[-1.504,53.751],[-1.481,53.728],[-1.511,53.73],[-1.559,53.699],[-1.623,53.719],[-1.638,53.748],[-1.682,53.756],[-1.642,53.773],[-1.631,53.801],[-1.576,53.788]]]}},{"type":"Feature","properties":{"code":"E14001325","name":"Leeds West and Pudsey","centroidLat":53.81067,"centroidLong":-1.653},"geometry":{"type":"Polygon","coordinates":[[[-1.633,53.828],[-1.566,53.794],[-1.626,53.802],[-1.641,53.78],[-1.712,53.783],[-1.703,53.836],[-1.633,53.828]]]}},{"type":"Feature","properties":{"code":"E14001326","name":"Leicester East","centroidLat":52.64594,"centroidLong":-1.0899},"geometry":{"type":"Polygon","coordinates":[[[-1.129,52.665],[-1.057,52.664],[-1.047,52.635],[-1.069,52.619],[-1.118,52.64],[-1.129,52.665]]]}},{"type":"Feature","properties":{"code":"E14001327","name":"Leicester South","centroidLat":52.61771,"centroidLong":-1.11467},"geometry":{"type":"Polygon","coordinates":[[[-1.069,52.619],[-1.097,52.616],[-1.104,52.596],[-1.161,52.583],[-1.126,52.645],[-1.069,52.619]]]}},{"type":"Feature","properties":{"code":"E14001328","name":"Leicester West","centroidLat":52.64985,"centroidLong":-1.1704},"geometry":{"type":"Polygon","coordinates":[[[-1.129,52.665],[-1.126,52.645],[-1.149,52.617],[-1.142,52.597],[-1.174,52.593],[-1.165,52.613],[-1.216,52.635],[-1.191,52.64],[-1.161,52.691],[-1.129,52.665]]]}},{"type":"Feature","properties":{"code":"E14001329","name":"Leigh and Atherton","centroidLat":53.49254,"centroidLong":-2.53345},"geometry":{"type":"Polygon","coordinates":[[[-2.451,53.529],[-2.435,53.513],[-2.577,53.446],[-2.617,53.466],[-2.608,53.493],[-2.567,53.499],[-2.542,53.52],[-2.527,53.506],[-2.516,53.536],[-2.451,53.529]]]}},{"type":"Feature","properties":{"code":"E14001330","name":"Lewes","centroidLat":50.83165,"centroidLong":0.169249},"geometry":{"type":"MultiPolygon","coordinates":[[[[0.057,50.926],[0.157,50.918],[0.185,50.878],[0.235,50.877],[0.253,50.836],[0.311,50.839],[0.314,50.809],[0.228,50.801],[0.21,50.738],[0.148,50.76],[0.15,50.766],[0.146,50.774],[0.142,50.777],[0.143,50.778],[0.142,50.779],[0.148,50.785],[0.147,50.788],[0.144,50.79],[0.154,50.792],[0.157,50.794],[0.165,50.816],[0.144,50.79],[0.148,50.785],[0.142,50.779],[0.142,50.777],[0.149,50.759],[0.058,50.782],[0.048,50.804],[0.044,50.809],[0.027,50.816],[0.049,50.854],[0.038,50.847],[0.023,50.872],[-0.002,50.887],[0.057,50.926]]],[[[-0.003,50.887],[0.038,50.848],[0.026,50.816],[0.059,50.776],[0.03,50.783],[-0.003,50.82],[-0.046,50.822],[-0.037,50.841],[-0.073,50.841],[-0.085,50.873],[-0.136,50.881],[-0.12,50.942],[-0.097,50.964],[-0.081,50.962],[-0.083,50.949],[-0.05,50.959],[-0.026,50.919],[-0.015,50.929],[-0.045,50.88],[-0.003,50.887]]]]}},{"type":"Feature","properties":{"code":"E14001331","name":"Lewisham East","centroidLat":51.43721,"centroidLong":-0.00024},"geometry":{"type":"Polygon","coordinates":[[[0.012,51.457],[0.036,51.422],[-0.04,51.424],[-0.032,51.448],[0.012,51.457]]]}},{"type":"Feature","properties":{"code":"E14001332","name":"Lewisham North","centroidLat":51.47146,"centroidLong":-0.03568},"geometry":{"type":"Polygon","coordinates":[[[-0.025,51.486],[-0.015,51.468],[0.018,51.474],[0.012,51.457],[-0.046,51.457],[-0.054,51.488],[-0.025,51.486]]]}},{"type":"Feature","properties":{"code":"E14001333","name":"Lewisham West and East Dulwich","centroidLat":51.4427,"centroidLong":-0.05607},"geometry":{"type":"Polygon","coordinates":[[[-0.047,51.465],[-0.027,51.435],[-0.074,51.426],[-0.064,51.444],[-0.086,51.456],[-0.047,51.465]]]}},{"type":"Feature","properties":{"code":"E14001334","name":"Leyton and Wanstead","centroidLat":51.5743,"centroidLong":0.017345},"geometry":{"type":"Polygon","coordinates":[[[0.038,51.594],[0.064,51.557],[-0.009,51.55],[-0.03,51.561],[0.015,51.583],[0.013,51.595],[0.038,51.594]]]}},{"type":"Feature","properties":{"code":"E14001335","name":"Lichfield","centroidLat":52.75501,"centroidLong":-1.82034},"geometry":{"type":"Polygon","coordinates":[[[-1.67,52.774],[-1.698,52.735],[-1.726,52.729],[-1.733,52.706],[-1.779,52.695],[-1.842,52.644],[-1.945,52.656],[-1.963,52.675],[-1.916,52.711],[-1.938,52.716],[-1.912,52.759],[-1.952,52.78],[-1.951,52.808],[-1.968,52.824],[-1.934,52.866],[-1.97,52.885],[-1.83,52.843],[-1.803,52.854],[-1.778,52.845],[-1.78,52.82],[-1.704,52.812],[-1.67,52.774]]]}},{"type":"Feature","properties":{"code":"E14001336","name":"Lincoln","centroidLat":53.22018,"centroidLong":-0.57164},"geometry":{"type":"Polygon","coordinates":[[[-0.495,53.225],[-0.534,53.213],[-0.51,53.193],[-0.516,53.164],[-0.492,53.156],[-0.528,53.152],[-0.56,53.161],[-0.553,53.186],[-0.614,53.203],[-0.654,53.242],[-0.622,53.258],[-0.595,53.245],[-0.514,53.254],[-0.496,53.247],[-0.495,53.225]]]}},{"type":"Feature","properties":{"code":"E14001337","name":"Liverpool Garston","centroidLat":53.36634,"centroidLong":-2.87135},"geometry":{"type":"Polygon","coordinates":[[[-2.837,53.4],[-2.822,53.381],[-2.856,53.379],[-2.84,53.347],[-2.819,53.348],[-2.836,53.327],[-2.924,53.358],[-2.908,53.37],[-2.913,53.39],[-2.881,53.388],[-2.88,53.406],[-2.837,53.4]]]}},{"type":"Feature","properties":{"code":"E14001338","name":"Liverpool Riverside","centroidLat":53.41017,"centroidLong":-2.97377},"geometry":{"type":"Polygon","coordinates":[[[-3.009,53.438],[-2.94,53.433],[-2.963,53.414],[-2.948,53.387],[-2.965,53.376],[-3.007,53.426],[-3.009,53.438]]]}},{"type":"Feature","properties":{"code":"E14001339","name":"Liverpool Walton","centroidLat":53.46138,"centroidLong":-2.93176},"geometry":{"type":"Polygon","coordinates":[[[-2.949,53.494],[-2.868,53.445],[-2.903,53.448],[-2.927,53.428],[-2.975,53.443],[-2.949,53.494]]]}},{"type":"Feature","properties":{"code":"E14001340","name":"Liverpool Wavertree","centroidLat":53.38453,"centroidLong":-2.92188},"geometry":{"type":"Polygon","coordinates":[[[-2.882,53.408],[-2.881,53.388],[-2.921,53.386],[-2.908,53.37],[-2.922,53.357],[-2.969,53.376],[-2.948,53.387],[-2.963,53.414],[-2.948,53.421],[-2.922,53.405],[-2.882,53.408]]]}},{"type":"Feature","properties":{"code":"E14001341","name":"Liverpool West Derby","centroidLat":53.42663,"centroidLong":-2.90009},"geometry":{"type":"Polygon","coordinates":[[[-2.871,53.443],[-2.845,53.413],[-2.922,53.405],[-2.95,53.429],[-2.903,53.448],[-2.871,53.443]]]}},{"type":"Feature","properties":{"code":"S14000095","name":"Livingston","centroidLat":55.86311,"centroidLong":-3.49042},"geometry":{"type":"Polygon","coordinates":[[[-3.449,55.951],[-3.418,55.934],[-3.442,55.905],[-3.387,55.898],[-3.414,55.878],[-3.397,55.869],[-3.42,55.846],[-3.391,55.824],[-3.436,55.806],[-3.439,55.785],[-3.478,55.771],[-3.555,55.786],[-3.592,55.81],[-3.744,55.781],[-3.742,55.799],[-3.715,55.814],[-3.744,55.839],[-3.607,55.863],[-3.584,55.854],[-3.554,55.875],[-3.589,55.899],[-3.563,55.914],[-3.596,55.928],[-3.552,55.943],[-3.554,55.955],[-3.449,55.951]]]}},{"type":"Feature","properties":{"code":"W07000098","name":"Llanelli","centroidLat":51.74722,"centroidLong":-4.19532},"geometry":{"type":"Polygon","coordinates":[[[-4.338,51.718],[-4.322,51.724],[-4.323,51.719],[-4.321,51.72],[-4.321,51.719],[-4.316,51.717],[-4.323,51.721],[-4.322,51.725],[-4.319,51.72],[-4.316,51.719],[-4.319,51.724],[-4.314,51.727],[-4.303,51.723],[-4.325,51.732],[-4.319,51.736],[-4.306,51.737],[-4.295,51.742],[-4.364,51.737],[-4.376,51.756],[-4.366,51.787],[-4.36,51.789],[-4.36,51.787],[-4.359,51.787],[-4.359,51.789],[-4.343,51.797],[-4.323,51.803],[-4.327,51.827],[-4.313,51.837],[-4.202,51.829],[-4.178,51.794],[-4.087,51.835],[-4.067,51.819],[-4.072,51.77],[-3.998,51.783],[-4.002,51.763],[-4.049,51.729],[-4.044,51.706],[-4.056,51.713],[-4.053,51.701],[-4.072,51.699],[-4.067,51.691],[-4.074,51.689],[-4.077,51.69],[-4.077,51.689],[-4.078,51.69],[-4.082,51.689],[-4.081,51.67],[-4.081,51.675],[-4.082,51.671],[-4.085,51.674],[-4.09,51.672],[-4.085,51.662],[-4.154,51.655],[-4.171,51.678],[-4.168,51.666],[-4.174,51.666],[-4.211,51.685],[-4.298,51.669],[-4.38,51.732],[-4.335,51.723],[-4.338,51.718]],[[-4.327,51.72],[-4.327,51.72],[-4.327,51.72],[-4.327,51.72]],[[-4.325,51.721],[-4.325,51.721],[-4.325,51.721],[-4.325,51.721]],[[-4.325,51.721],[-4.325,51.721],[-4.325,51.721],[-4.325,51.721]],[[-4.325,51.721],[-4.325,51.72],[-4.325,51.72],[-4.325,51.721]],[[-4.325,51.72],[-4.325,51.72],[-4.324,51.719],[-4.325,51.72]],[[-4.326,51.72],[-4.326,51.72],[-4.325,51.72],[-4.326,51.72]],[[-4.327,51.719],[-4.326,51.719],[-4.326,51.72],[-4.327,51.719]],[[-4.324,51.721],[-4.324,51.721],[-4.324,51.721],[-4.324,51.721]],[[-4.324,51.72],[-4.324,51.72],[-4.324,51.721],[-4.324,51.72]],[[-4.321,51.718],[-4.321,51.718],[-4.321,51.719],[-4.321,51.718]],[[-4.32,51.717],[-4.323,51.719],[-4.323,51.717],[-4.32,51.717]],[[-4.315,51.721],[-4.315,51.721],[-4.315,51.721],[-4.315,51.721]],[[-4.315,51.72],[-4.315,51.72],[-4.313,51.72],[-4.315,51.72]],[[-4.31,51.723],[-4.31,51.723],[-4.31,51.723],[-4.31,51.723]],[[-4.311,51.723],[-4.311,51.723],[-4.311,51.723],[-4.311,51.723]],[[-4.309,51.722],[-4.308,51.723],[-4.308,51.723],[-4.309,51.722]],[[-4.306,51.724],[-4.306,51.724],[-4.307,51.724],[-4.306,51.724]],[[-4.307,51.723],[-4.306,51.723],[-4.306,51.724],[-4.307,51.723]],[[-4.365,51.787],[-4.365,51.787],[-4.365,51.787],[-4.365,51.787]],[[-4.365,51.787],[-4.364,51.787],[-4.365,51.787],[-4.365,51.787]],[[-4.36,51.787],[-4.36,51.787],[-4.36,51.787],[-4.36,51.787]],[[-4.36,51.787],[-4.36,51.787],[-4.36,51.786],[-4.36,51.787]],[[-4.356,51.79],[-4.356,51.79],[-4.356,51.79],[-4.356,51.79]],[[-4.356,51.79],[-4.357,51.79],[-4.356,51.79],[-4.356,51.79]],[[-4.357,51.789],[-4.356,51.789],[-4.356,51.79],[-4.357,51.789]],[[-4.349,51.794],[-4.348,51.794],[-4.348,51.794],[-4.349,51.794]],[[-4.349,51.793],[-4.349,51.793],[-4.349,51.794],[-4.349,51.793]],[[-4.077,51.69],[-4.077,51.69],[-4.077,51.69],[-4.077,51.69]],[[-4.077,51.691],[-4.075,51.691],[-4.077,51.69],[-4.077,51.691]],[[-4.078,51.691],[-4.078,51.69],[-4.078,51.69],[-4.078,51.691]],[[-4.083,51.674],[-4.083,51.674],[-4.083,51.673],[-4.083,51.674]],[[-4.083,51.674],[-4.084,51.673],[-4.083,51.674],[-4.083,51.674]],[[-4.133,51.665],[-4.133,51.665],[-4.133,51.665],[-4.133,51.665]],[[-4.131,51.665],[-4.132,51.665],[-4.133,51.665],[-4.131,51.665]],[[-4.132,51.665],[-4.132,51.665],[-4.132,51.665],[-4.132,51.665]],[[-4.171,51.679],[-4.171,51.679],[-4.171,51.678],[-4.171,51.679]],[[-4.169,51.681],[-4.171,51.679],[-4.171,51.679],[-4.169,51.681]],[[-4.366,51.727],[-4.366,51.727],[-4.366,51.728],[-4.366,51.727]],[[-4.365,51.727],[-4.364,51.727],[-4.366,51.727],[-4.365,51.727]],[[-4.363,51.728],[-4.363,51.728],[-4.363,51.728],[-4.363,51.728]],[[-4.364,51.727],[-4.363,51.727],[-4.363,51.728],[-4.364,51.727]],[[-4.361,51.727],[-4.361,51.727],[-4.361,51.727],[-4.361,51.727]],[[-4.361,51.727],[-4.362,51.725],[-4.363,51.725],[-4.361,51.727]],[[-4.36,51.726],[-4.36,51.727],[-4.36,51.727],[-4.36,51.726]],[[-4.349,51.724],[-4.349,51.724],[-4.349,51.724],[-4.349,51.724]],[[-4.347,51.723],[-4.347,51.723],[-4.346,51.723],[-4.347,51.723]],[[-4.349,51.723],[-4.351,51.721],[-4.347,51.723],[-4.349,51.723]],[[-4.341,51.723],[-4.342,51.723],[-4.342,51.723],[-4.341,51.723]]]}},{"type":"Feature","properties":{"code":"S14000096","name":"Lothian East","centroidLat":55.94219,"centroidLong":-2.70441},"geometry":{"type":"Polygon","coordinates":[[[-2.367,55.943],[-2.467,55.884],[-2.505,55.912],[-2.554,55.912],[-2.57,55.892],[-2.535,55.861],[-2.594,55.829],[-2.669,55.847],[-2.74,55.828],[-2.777,55.844],[-2.844,55.817],[-2.895,55.859],[-2.937,55.863],[-2.967,55.912],[-3.011,55.901],[-3.055,55.912],[-3.028,55.928],[-3.046,55.953],[-2.901,55.981],[-2.891,56.01],[-2.858,56.011],[-2.843,56.015],[-2.84,56.018],[-2.859,56.018],[-2.866,56.038],[-2.786,56.066],[-2.654,56.059],[-2.582,56.023],[-2.583,56.007],[-2.592,56.016],[-2.593,56.006],[-2.596,56.005],[-2.604,56.005],[-2.603,56.006],[-2.605,56.008],[-2.612,56.007],[-2.621,56.0],[-2.619,55.999],[-2.622,55.998],[-2.624,55.997],[-2.619,55.999],[-2.613,56.006],[-2.605,56.007],[-2.599,55.998],[-2.579,56.0],[-2.575,56.012],[-2.551,55.998],[-2.513,56.005],[-2.403,55.972],[-2.367,55.943]],[[-2.838,56.019],[-2.837,56.019],[-2.84,56.018],[-2.838,56.019]],[[-2.837,56.019],[-2.836,56.021],[-2.837,56.019],[-2.837,56.019]],[[-2.599,56.005],[-2.599,56.005],[-2.599,56.005],[-2.599,56.005]],[[-2.599,56.005],[-2.599,56.005],[-2.6,56.005],[-2.599,56.005]],[[-2.621,56.0],[-2.621,56.0],[-2.621,56.0],[-2.621,56.0]],[[-2.622,56.002],[-2.622,56.0],[-2.621,56.0],[-2.622,56.002]],[[-2.622,56.002],[-2.624,56.002],[-2.622,56.002],[-2.622,56.002]],[[-2.605,56.005],[-2.605,56.005],[-2.605,56.005],[-2.605,56.005]],[[-2.606,56.006],[-2.606,56.005],[-2.605,56.005],[-2.606,56.006]],[[-2.579,56.0],[-2.579,56.0],[-2.579,56.0],[-2.579,56.0]],[[-2.579,55.999],[-2.579,55.999],[-2.581,55.998],[-2.579,55.999]],[[-2.551,55.997],[-2.551,55.998],[-2.551,55.998],[-2.551,55.997]],[[-2.553,55.997],[-2.552,55.997],[-2.551,55.997],[-2.553,55.997]],[[-2.553,55.997],[-2.553,55.996],[-2.553,55.997],[-2.553,55.997]],[[-2.553,55.997],[-2.553,55.996],[-2.553,55.997],[-2.553,55.997]]]}},{"type":"Feature","properties":{"code":"E14001342","name":"Loughborough","centroidLat":52.77423,"centroidLong":-1.20188},"geometry":{"type":"Polygon","coordinates":[[[-1.036,52.816],[-1.047,52.781],[-1.121,52.762],[-1.109,52.754],[-1.12,52.729],[-1.181,52.723],[-1.203,52.747],[-1.242,52.734],[-1.267,52.747],[-1.287,52.734],[-1.334,52.757],[-1.319,52.785],[-1.279,52.783],[-1.262,52.81],[-1.198,52.789],[-1.117,52.82],[-1.036,52.816]]]}},{"type":"Feature","properties":{"code":"E14001343","name":"Louth and Horncastle","centroidLat":53.32038,"centroidLong":0.004253},"geometry":{"type":"Polygon","coordinates":[[[0.322,53.266],[0.22,53.236],[0.16,53.257],[0.111,53.252],[0.114,53.22],[0.131,53.216],[0.118,53.181],[0.141,53.129],[0.032,53.103],[-0.05,53.124],[-0.04,53.112],[-0.059,53.114],[-0.068,53.087],[-0.115,53.068],[-0.1,53.045],[-0.138,53.046],[-0.138,53.03],[-0.19,53.063],[-0.226,53.125],[-0.29,53.179],[-0.302,53.21],[-0.276,53.234],[-0.317,53.298],[-0.296,53.303],[-0.31,53.32],[-0.293,53.334],[-0.272,53.322],[-0.205,53.372],[-0.229,53.398],[-0.206,53.408],[-0.214,53.429],[-0.181,53.441],[-0.12,53.434],[-0.082,53.451],[-0.108,53.47],[-0.075,53.489],[-0.065,53.519],[0.018,53.525],[0.036,53.522],[0.041,53.508],[0.061,53.512],[0.041,53.517],[0.043,53.519],[0.027,53.53],[0.088,53.515],[0.083,53.504],[0.101,53.495],[0.101,53.485],[0.105,53.489],[0.108,53.486],[0.108,53.488],[0.109,53.486],[0.113,53.485],[0.114,53.484],[0.115,53.484],[0.103,53.493],[0.108,53.505],[0.135,53.485],[0.143,53.485],[0.139,53.495],[0.143,53.495],[0.174,53.471],[0.19,53.439],[0.187,53.439],[0.189,53.438],[0.187,53.438],[0.179,53.434],[0.175,53.437],[0.179,53.434],[0.187,53.438],[0.191,53.437],[0.211,53.417],[0.192,53.418],[0.189,53.417],[0.229,53.406],[0.322,53.266]],[[0.024,53.522],[0.024,53.522],[0.025,53.522],[0.024,53.522]],[[0.023,53.522],[0.023,53.522],[0.024,53.522],[0.023,53.522]],[[0.03,53.519],[0.03,53.519],[0.031,53.519],[0.03,53.519]],[[0.028,53.516],[0.028,53.516],[0.028,53.516],[0.028,53.516]],[[0.026,53.516],[0.027,53.516],[0.028,53.516],[0.026,53.516]],[[0.038,53.515],[0.038,53.515],[0.038,53.515],[0.038,53.515]],[[0.038,53.515],[0.038,53.513],[0.039,53.513],[0.038,53.515]],[[0.038,53.513],[0.038,53.512],[0.038,53.513],[0.038,53.513]],[[0.04,53.51],[0.038,53.511],[0.037,53.511],[0.04,53.51]],[[0.042,53.517],[0.041,53.517],[0.041,53.517],[0.042,53.517]],[[0.091,53.493],[0.091,53.493],[0.092,53.493],[0.091,53.493]],[[0.091,53.493],[0.091,53.492],[0.091,53.493],[0.091,53.493]],[[0.1,53.494],[0.1,53.494],[0.1,53.494],[0.1,53.494]],[[0.096,53.491],[0.099,53.491],[0.099,53.491],[0.096,53.491]],[[0.102,53.484],[0.102,53.484],[0.102,53.484],[0.102,53.484]],[[0.102,53.484],[0.105,53.483],[0.107,53.483],[0.102,53.484]],[[0.105,53.487],[0.105,53.487],[0.105,53.487],[0.105,53.487]],[[0.105,53.487],[0.106,53.487],[0.107,53.487],[0.106,53.487],[0.105,53.487]],[[0.115,53.488],[0.114,53.488],[0.114,53.488],[0.115,53.488]],[[0.121,53.484],[0.117,53.487],[0.115,53.488],[0.121,53.484]],[[0.14,53.494],[0.14,53.494],[0.14,53.494],[0.14,53.494]],[[0.14,53.494],[0.139,53.494],[0.14,53.494],[0.14,53.494]],[[0.187,53.438],[0.187,53.438],[0.187,53.438],[0.187,53.438]],[[0.187,53.439],[0.186,53.439],[0.187,53.438],[0.187,53.439]],[[0.187,53.438],[0.187,53.438],[0.187,53.438],[0.187,53.438]],[[0.186,53.439],[0.185,53.438],[0.187,53.438],[0.186,53.439]],[[0.188,53.437],[0.187,53.437],[0.188,53.437],[0.188,53.437]],[[0.187,53.437],[0.187,53.437],[0.187,53.437],[0.187,53.437]],[[0.189,53.436],[0.189,53.436],[0.19,53.436],[0.189,53.436]],[[0.189,53.436],[0.188,53.435],[0.189,53.436],[0.189,53.436]],[[0.189,53.436],[0.189,53.436],[0.189,53.436],[0.189,53.436]],[[0.188,53.436],[0.187,53.435],[0.189,53.436],[0.188,53.436]],[[0.192,53.435],[0.192,53.435],[0.192,53.435],[0.192,53.435]],[[0.192,53.436],[0.192,53.435],[0.192,53.435],[0.192,53.436]],[[0.191,53.435],[0.19,53.435],[0.192,53.435],[0.191,53.435]],[[0.191,53.435],[0.192,53.435],[0.192,53.435],[0.191,53.435]],[[0.192,53.435],[0.193,53.435],[0.193,53.435],[0.192,53.435]],[[0.19,53.434],[0.192,53.434],[0.193,53.434],[0.19,53.434]],[[0.191,53.433],[0.191,53.433],[0.192,53.433],[0.191,53.433]],[[0.191,53.433],[0.188,53.433],[0.191,53.433],[0.191,53.433]],[[0.192,53.433],[0.191,53.433],[0.192,53.433],[0.192,53.433]],[[0.19,53.433],[0.19,53.432],[0.191,53.433],[0.19,53.433]],[[0.194,53.432],[0.193,53.432],[0.194,53.432],[0.194,53.432]],[[0.195,53.427],[0.194,53.427],[0.195,53.427],[0.195,53.427]]]}},{"type":"Feature","properties":{"code":"E14001344","name":"Lowestoft","centroidLat":52.52531,"centroidLong":1.662589},"geometry":{"type":"Polygon","coordinates":[[[1.74,52.532],[1.764,52.482],[1.76,52.474],[1.757,52.472],[1.76,52.476],[1.753,52.473],[1.723,52.478],[1.711,52.475],[1.756,52.472],[1.733,52.446],[1.728,52.4],[1.684,52.418],[1.684,52.441],[1.642,52.424],[1.555,52.436],[1.553,52.459],[1.57,52.475],[1.635,52.463],[1.681,52.489],[1.681,52.474],[1.691,52.47],[1.711,52.475],[1.682,52.477],[1.684,52.495],[1.674,52.503],[1.629,52.523],[1.637,52.537],[1.685,52.55],[1.74,52.532]]]}},{"type":"Feature","properties":{"code":"E14001345","name":"Luton North","centroidLat":51.90764,"centroidLong":-0.43161},"geometry":{"type":"Polygon","coordinates":[[[-0.386,51.916],[-0.38,51.9],[-0.441,51.89],[-0.506,51.901],[-0.482,51.908],[-0.486,51.923],[-0.386,51.916]]]}},{"type":"Feature","properties":{"code":"E14001346","name":"Luton South and South Bedfordshire","centroidLat":51.85467,"centroidLong":-0.40652},"geometry":{"type":"Polygon","coordinates":[[[-0.484,51.888],[-0.378,51.902],[-0.339,51.85],[-0.374,51.829],[-0.47,51.856],[-0.52,51.805],[-0.584,51.87],[-0.66,51.892],[-0.632,51.909],[-0.616,51.889],[-0.571,51.899],[-0.513,51.87],[-0.484,51.888]]]}},{"type":"Feature","properties":{"code":"E14001347","name":"Macclesfield","centroidLat":53.26964,"centroidLong":-2.14254},"geometry":{"type":"Polygon","coordinates":[[[-2.031,53.37],[-2.005,53.346],[-2.009,53.261],[-1.975,53.231],[-2.002,53.193],[-2.046,53.193],[-2.078,53.17],[-2.17,53.19],[-2.199,53.176],[-2.306,53.23],[-2.309,53.246],[-2.29,53.255],[-2.22,53.265],[-2.23,53.273],[-2.207,53.289],[-2.209,53.305],[-2.185,53.333],[-2.153,53.329],[-2.139,53.367],[-2.068,53.357],[-2.031,53.37]]]}},{"type":"Feature","properties":{"code":"E14001348","name":"Maidenhead","centroidLat":51.50088,"centroidLong":-0.74162},"geometry":{"type":"Polygon","coordinates":[[[-0.662,51.488],[-0.662,51.444],[-0.631,51.442],[-0.631,51.414],[-0.676,51.432],[-0.697,51.411],[-0.668,51.385],[-0.735,51.365],[-0.723,51.429],[-0.766,51.427],[-0.776,51.409],[-0.801,51.404],[-0.8,51.441],[-0.834,51.464],[-0.817,51.507],[-0.854,51.526],[-0.838,51.547],[-0.719,51.578],[-0.691,51.557],[-0.703,51.511],[-0.662,51.488]]]}},{"type":"Feature","properties":{"code":"E14001349","name":"Maidstone and Malling","centroidLat":51.27901,"centroidLong":0.463786},"geometry":{"type":"Polygon","coordinates":[[[0.458,51.313],[0.548,51.285],[0.528,51.264],[0.541,51.244],[0.497,51.258],[0.431,51.249],[0.433,51.269],[0.384,51.272],[0.401,51.311],[0.43,51.313],[0.442,51.298],[0.458,51.313]]]}},{"type":"Feature","properties":{"code":"E14001350","name":"Makerfield","centroidLat":53.52129,"centroidLong":-2.62911},"geometry":{"type":"Polygon","coordinates":[[[-2.569,53.548],[-2.522,53.512],[-2.542,53.52],[-2.567,53.499],[-2.608,53.493],[-2.61,53.481],[-2.646,53.48],[-2.73,53.521],[-2.705,53.562],[-2.698,53.533],[-2.684,53.531],[-2.648,53.541],[-2.612,53.53],[-2.569,53.548]]]}},{"type":"Feature","properties":{"code":"E14001351","name":"Maldon","centroidLat":51.68391,"centroidLong":0.688954},"geometry":{"type":"MultiPolygon","coordinates":[[[[0.666,51.639],[0.665,51.64],[0.664,51.637],[0.661,51.637],[0.66,51.643],[0.665,51.641],[0.667,51.643],[0.651,51.649],[0.658,51.638],[0.608,51.63],[0.601,51.646],[0.607,51.63],[0.557,51.617],[0.453,51.625],[0.443,51.647],[0.397,51.654],[0.413,51.671],[0.377,51.699],[0.447,51.714],[0.446,51.689],[0.469,51.709],[0.52,51.702],[0.523,51.743],[0.591,51.756],[0.59,51.73],[0.611,51.723],[0.602,51.709],[0.626,51.697],[0.685,51.706],[0.646,51.724],[0.656,51.746],[0.666,51.737],[0.699,51.726],[0.711,51.713],[0.718,51.716],[0.747,51.711],[0.749,51.706],[0.769,51.708],[0.748,51.691],[0.738,51.694],[0.738,51.687],[0.757,51.691],[0.767,51.703],[0.773,51.701],[0.772,51.694],[0.777,51.689],[0.773,51.688],[0.778,51.685],[0.78,51.693],[0.772,51.704],[0.791,51.709],[0.796,51.708],[0.793,51.718],[0.852,51.713],[0.9,51.745],[0.921,51.748],[0.93,51.747],[0.949,51.731],[0.947,51.685],[0.934,51.686],[0.949,51.683],[0.945,51.68],[0.934,51.681],[0.946,51.68],[0.945,51.678],[0.938,51.678],[0.932,51.679],[0.946,51.676],[0.942,51.674],[0.937,51.674],[0.938,51.674],[0.935,51.674],[0.934,51.673],[0.944,51.674],[0.926,51.629],[0.86,51.621],[0.794,51.626],[0.791,51.626],[0.788,51.628],[0.789,51.629],[0.785,51.63],[0.78,51.635],[0.762,51.643],[0.746,51.646],[0.741,51.641],[0.717,51.643],[0.709,51.637],[0.666,51.639]],[[0.663,51.64],[0.663,51.64],[0.663,51.64],[0.663,51.64]],[[0.662,51.64],[0.663,51.64],[0.663,51.64],[0.662,51.64]],[[0.661,51.638],[0.664,51.638],[0.664,51.638],[0.661,51.638]],[[0.66,51.647],[0.66,51.648],[0.659,51.647],[0.66,51.647]],[[0.661,51.646],[0.661,51.646],[0.66,51.647],[0.661,51.646]],[[0.661,51.646],[0.658,51.647],[0.662,51.645],[0.661,51.646]],[[0.66,51.648],[0.66,51.648],[0.66,51.648],[0.66,51.648]],[[0.66,51.648],[0.657,51.649],[0.66,51.648],[0.66,51.648]],[[0.655,51.649],[0.654,51.649],[0.654,51.648],[0.655,51.649]],[[0.655,51.649],[0.653,51.649],[0.655,51.649],[0.655,51.649]],[[0.598,51.644],[0.598,51.644],[0.598,51.644],[0.598,51.644]],[[0.599,51.647],[0.6,51.645],[0.6,51.646],[0.599,51.647]],[[0.599,51.647],[0.599,51.647],[0.599,51.647],[0.599,51.647]],[[0.599,51.647],[0.596,51.649],[0.599,51.647],[0.599,51.647]],[[0.7,51.722],[0.7,51.722],[0.7,51.722],[0.7,51.722]],[[0.712,51.713],[0.714,51.714],[0.712,51.714],[0.712,51.713]],[[0.716,51.714],[0.716,51.714],[0.715,51.714],[0.716,51.714]],[[0.716,51.715],[0.717,51.715],[0.717,51.715],[0.716,51.715]],[[0.747,51.709],[0.747,51.709],[0.747,51.709],[0.747,51.709]],[[0.747,51.709],[0.746,51.709],[0.747,51.709],[0.747,51.709]],[[0.746,51.708],[0.746,51.708],[0.746,51.709],[0.746,51.708]],[[0.745,51.709],[0.745,51.709],[0.744,51.708],[0.745,51.709]],[[0.745,51.708],[0.745,51.708],[0.745,51.708],[0.745,51.708]],[[0.744,51.708],[0.744,51.708],[0.744,51.707],[0.744,51.707],[0.744,51.708]],[[0.747,51.706],[0.747,51.706],[0.747,51.706],[0.747,51.706]],[[0.747,51.705],[0.747,51.705],[0.746,51.705],[0.747,51.705]],[[0.753,51.698],[0.753,51.698],[0.753,51.698],[0.753,51.698]],[[0.753,51.698],[0.753,51.697],[0.754,51.698],[0.753,51.698]],[[0.752,51.696],[0.751,51.695],[0.751,51.695],[0.752,51.696]],[[0.745,51.693],[0.745,51.692],[0.745,51.692],[0.745,51.693]],[[0.772,51.696],[0.772,51.696],[0.772,51.696],[0.772,51.696]],[[0.774,51.689],[0.774,51.689],[0.774,51.689],[0.774,51.689]],[[0.773,51.689],[0.774,51.689],[0.774,51.689],[0.773,51.689]],[[0.792,51.708],[0.792,51.708],[0.792,51.708],[0.792,51.708]],[[0.792,51.708],[0.793,51.708],[0.792,51.708],[0.792,51.708]],[[0.796,51.708],[0.796,51.708],[0.796,51.708],[0.796,51.708]],[[0.798,51.708],[0.797,51.708],[0.796,51.708],[0.798,51.708]],[[0.917,51.747],[0.917,51.747],[0.916,51.747],[0.917,51.747]],[[0.917,51.746],[0.917,51.746],[0.917,51.747],[0.917,51.746]],[[0.917,51.746],[0.917,51.746],[0.917,51.746],[0.917,51.746]],[[0.916,51.746],[0.916,51.746],[0.917,51.746],[0.916,51.746]],[[0.929,51.746],[0.929,51.746],[0.929,51.746],[0.929,51.746]],[[0.929,51.746],[0.926,51.747],[0.929,51.746],[0.929,51.746]],[[0.944,51.725],[0.944,51.725],[0.945,51.725],[0.944,51.725]],[[0.943,51.725],[0.944,51.725],[0.944,51.725],[0.943,51.725]],[[0.942,51.71],[0.942,51.71],[0.943,51.71],[0.942,51.71]],[[0.941,51.71],[0.942,51.71],[0.942,51.71],[0.941,51.71]],[[0.939,51.692],[0.939,51.692],[0.94,51.692],[0.939,51.692]],[[0.939,51.692],[0.939,51.692],[0.939,51.691],[0.939,51.692]],[[0.943,51.69],[0.943,51.69],[0.944,51.69],[0.943,51.69]],[[0.943,51.69],[0.943,51.69],[0.943,51.69],[0.943,51.69]],[[0.942,51.69],[0.943,51.69],[0.943,51.69],[0.942,51.69]],[[0.945,51.687],[0.945,51.688],[0.945,51.687],[0.945,51.687]],[[0.943,51.687],[0.943,51.687],[0.943,51.687],[0.943,51.687]],[[0.943,51.687],[0.941,51.689],[0.938,51.688],[0.941,51.689],[0.941,51.688],[0.942,51.687],[0.943,51.687]],[[0.934,51.686],[0.932,51.686],[0.934,51.686],[0.934,51.686]],[[0.938,51.681],[0.937,51.682],[0.938,51.681],[0.938,51.681]],[[0.938,51.683],[0.937,51.682],[0.937,51.682],[0.938,51.683]],[[0.939,51.679],[0.939,51.679],[0.939,51.679],[0.939,51.679]],[[0.934,51.678],[0.934,51.678],[0.933,51.678],[0.934,51.678]],[[0.934,51.678],[0.934,51.678],[0.934,51.678],[0.934,51.678]],[[0.935,51.677],[0.935,51.677],[0.935,51.677],[0.935,51.677]],[[0.935,51.677],[0.934,51.676],[0.934,51.676],[0.935,51.677]],[[0.939,51.677],[0.939,51.677],[0.94,51.677],[0.939,51.677]],[[0.937,51.675],[0.936,51.675],[0.938,51.675],[0.937,51.675]],[[0.936,51.675],[0.934,51.675],[0.933,51.675],[0.936,51.675],[0.936,51.675]],[[0.935,51.674],[0.934,51.674],[0.935,51.674],[0.935,51.674]],[[0.934,51.672],[0.934,51.672],[0.934,51.672],[0.934,51.672]],[[0.939,51.672],[0.94,51.672],[0.94,51.672],[0.939,51.672]],[[0.938,51.672],[0.936,51.672],[0.939,51.672],[0.938,51.672]],[[0.94,51.67],[0.941,51.67],[0.941,51.67],[0.94,51.67]],[[0.939,51.67],[0.94,51.67],[0.94,51.67],[0.939,51.67]],[[0.939,51.67],[0.939,51.67],[0.939,51.67],[0.939,51.67]],[[0.937,51.67],[0.938,51.67],[0.939,51.67],[0.937,51.67]],[[0.936,51.67],[0.936,51.67],[0.936,51.67],[0.936,51.67]],[[0.936,51.67],[0.935,51.67],[0.936,51.67],[0.936,51.67]],[[0.936,51.667],[0.936,51.667],[0.936,51.667],[0.936,51.667]],[[0.937,51.667],[0.937,51.667],[0.936,51.667],[0.937,51.667]],[[0.937,51.667],[0.936,51.668],[0.937,51.667],[0.937,51.667]],[[0.935,51.665],[0.935,51.664],[0.935,51.665],[0.935,51.665]],[[0.938,51.666],[0.939,51.666],[0.939,51.666],[0.938,51.666]],[[0.938,51.666],[0.938,51.666],[0.938,51.665],[0.938,51.666]],[[0.923,51.629],[0.923,51.629],[0.924,51.629],[0.923,51.629]],[[0.919,51.629],[0.922,51.629],[0.923,51.629],[0.919,51.629]],[[0.794,51.626],[0.795,51.627],[0.792,51.626],[0.794,51.626]],[[0.762,51.643],[0.762,51.643],[0.762,51.643],[0.762,51.643]],[[0.762,51.643],[0.762,51.644],[0.762,51.643],[0.762,51.643]],[[0.745,51.645],[0.745,51.645],[0.745,51.645],[0.745,51.645]],[[0.936,51.665],[0.937,51.665],[0.936,51.665],[0.936,51.665]],[[0.669,51.64],[0.669,51.641],[0.668,51.641],[0.669,51.64]]],[[[0.692,51.73],[0.686,51.733],[0.691,51.735],[0.691,51.736],[0.685,51.733],[0.677,51.735],[0.665,51.739],[0.667,51.748],[0.696,51.751],[0.739,51.73],[0.692,51.73]],[[0.689,51.733],[0.689,51.733],[0.689,51.733],[0.689,51.733]],[[0.689,51.733],[0.689,51.733],[0.689,51.733],[0.689,51.733]],[[0.69,51.734],[0.689,51.734],[0.689,51.733],[0.69,51.734]],[[0.689,51.733],[0.689,51.733],[0.689,51.733],[0.689,51.733]],[[0.689,51.733],[0.689,51.733],[0.689,51.733],[0.689,51.733]],[[0.69,51.735],[0.69,51.735],[0.69,51.735],[0.69,51.735]],[[0.69,51.735],[0.689,51.735],[0.69,51.735],[0.69,51.735]],[[0.676,51.736],[0.676,51.736],[0.676,51.736],[0.676,51.736]],[[0.671,51.737],[0.67,51.738],[0.671,51.737],[0.671,51.737]]]]}},{"type":"Feature","properties":{"code":"E14001352","name":"Manchester Central","centroidLat":53.49488,"centroidLong":-2.17614},"geometry":{"type":"Polygon","coordinates":[[[-2.12,53.506],[-2.169,53.489],[-2.15,53.471],[-2.263,53.476],[-2.245,53.486],[-2.255,53.499],[-2.245,53.512],[-2.229,53.492],[-2.146,53.521],[-2.12,53.506]]]}},{"type":"Feature","properties":{"code":"E14001353","name":"Manchester Rusholme","centroidLat":53.45742,"centroidLong":-2.23169},"geometry":{"type":"Polygon","coordinates":[[[-2.194,53.472],[-2.205,53.441],[-2.271,53.448],[-2.253,53.461],[-2.263,53.476],[-2.194,53.472]]]}},{"type":"Feature","properties":{"code":"E14001354","name":"Manchester Withington","centroidLat":53.42572,"centroidLong":-2.25079},"geometry":{"type":"Polygon","coordinates":[[[-2.205,53.441],[-2.213,53.407],[-2.228,53.401],[-2.3,53.436],[-2.271,53.451],[-2.205,53.441]]]}},{"type":"Feature","properties":{"code":"E14001355","name":"Mansfield","centroidLat":53.16945,"centroidLong":-1.16833},"geometry":{"type":"Polygon","coordinates":[[[-1.168,53.116],[-1.24,53.14],[-1.241,53.153],[-1.214,53.166],[-1.23,53.178],[-1.195,53.187],[-1.211,53.216],[-1.096,53.233],[-1.114,53.196],[-1.153,53.175],[-1.111,53.153],[-1.13,53.142],[-1.12,53.119],[-1.168,53.116]]]}},{"type":"Feature","properties":{"code":"E14001356","name":"Melksham and Devizes","centroidLat":51.35254,"centroidLong":-2.04167},"geometry":{"type":"Polygon","coordinates":[[[-2.22,51.442],[-2.235,51.421],[-2.204,51.4],[-2.088,51.405],[-2.034,51.419],[-2.029,51.437],[-1.975,51.427],[-1.975,51.404],[-1.893,51.414],[-1.88,51.394],[-1.923,51.355],[-1.898,51.322],[-1.917,51.302],[-1.895,51.242],[-1.968,51.25],[-2.007,51.232],[-2.072,51.255],[-2.084,51.236],[-2.09,51.262],[-2.076,51.284],[-2.088,51.31],[-2.134,51.29],[-2.155,51.316],[-2.175,51.312],[-2.158,51.353],[-2.232,51.333],[-2.233,51.309],[-2.268,51.3],[-2.296,51.342],[-2.344,51.345],[-2.29,51.373],[-2.285,51.458],[-2.241,51.472],[-2.22,51.442]]]}},{"type":"Feature","properties":{"code":"E14001357","name":"Melton and Syston","centroidLat":52.78273,"centroidLong":-0.89382},"geometry":{"type":"Polygon","coordinates":[[[-0.778,52.977],[-0.778,52.959],[-0.755,52.95],[-0.777,52.905],[-0.682,52.812],[-0.664,52.757],[-0.813,52.729],[-0.822,52.716],[-0.786,52.695],[-0.782,52.67],[-0.809,52.646],[-0.835,52.673],[-0.859,52.674],[-0.856,52.685],[-0.916,52.671],[-0.98,52.682],[-1.038,52.654],[-1.116,52.674],[-1.101,52.683],[-1.124,52.714],[-1.11,52.732],[-1.121,52.762],[-1.047,52.781],[-1.028,52.82],[-0.983,52.821],[-0.977,52.841],[-0.928,52.866],[-0.941,52.877],[-0.86,52.904],[-0.823,52.944],[-0.833,52.95],[-0.778,52.977]]]}},{"type":"Feature","properties":{"code":"E14001358","name":"Meriden and Solihull East","centroidLat":52.42133,"centroidLong":-1.70309},"geometry":{"type":"Polygon","coordinates":[[[-1.733,52.492],[-1.677,52.436],[-1.642,52.443],[-1.624,52.464],[-1.595,52.456],[-1.614,52.428],[-1.602,52.416],[-1.608,52.376],[-1.694,52.351],[-1.719,52.356],[-1.72,52.373],[-1.746,52.355],[-1.78,52.364],[-1.778,52.348],[-1.804,52.363],[-1.76,52.403],[-1.799,52.43],[-1.755,52.456],[-1.76,52.495],[-1.733,52.492]]]}},{"type":"Feature","properties":{"code":"W07000099","name":"Merthyr Tydfil and Aberdare","centroidLat":51.7389,"centroidLong":-3.44704},"geometry":{"type":"Polygon","coordinates":[[[-3.334,51.79],[-3.316,51.732],[-3.301,51.736],[-3.274,51.682],[-3.314,51.645],[-3.381,51.711],[-3.43,51.667],[-3.533,51.709],[-3.582,51.714],[-3.594,51.753],[-3.46,51.83],[-3.442,51.816],[-3.417,51.835],[-3.402,51.814],[-3.358,51.807],[-3.36,51.791],[-3.334,51.79]]]}},{"type":"Feature","properties":{"code":"W07000100","name":"Mid and South Pembrokeshire","centroidLat":51.77646,"centroidLong":-4.75693},"geometry":{"type":"Polygon","coordinates":[[[-5.173,51.715],[-5.15,51.702],[-5.176,51.68],[-5.187,51.709],[-5.254,51.738],[-5.211,51.734],[-5.203,51.756],[-5.108,51.774],[-5.117,51.844],[-5.134,51.863],[-5.182,51.861],[-5.189,51.874],[-5.315,51.86],[-5.316,51.885],[-5.296,51.894],[-5.311,51.905],[-5.208,51.934],[-5.181,51.922],[-5.19,51.902],[-5.175,51.895],[-5.132,51.923],[-5.066,51.926],[-5.021,51.911],[-5.011,51.918],[-5.032,51.932],[-4.996,51.946],[-4.959,51.933],[-4.962,51.921],[-4.936,51.906],[-4.853,51.908],[-4.852,51.867],[-4.782,51.834],[-4.67,51.837],[-4.617,51.811],[-4.645,51.797],[-4.634,51.785],[-4.644,51.777],[-4.623,51.768],[-4.633,51.735],[-4.697,51.713],[-4.68,51.697],[-4.712,51.652],[-4.757,51.654],[-4.781,51.635],[-4.861,51.647],[-4.9,51.626],[-4.896,51.61],[-4.923,51.611],[-4.926,51.596],[-5.059,51.621],[-5.05,51.638],[-5.065,51.663],[-5.126,51.682],[-5.105,51.692],[-5.047,51.676],[-5.051,51.694],[-5.028,51.695],[-4.937,51.672],[-4.922,51.679],[-4.977,51.688],[-4.932,51.705],[-4.919,51.692],[-4.89,51.693],[-4.919,51.699],[-4.88,51.717],[-4.853,51.695],[-4.82,51.697],[-4.845,51.701],[-4.861,51.72],[-4.853,51.717],[-4.855,51.718],[-4.855,51.72],[-4.833,51.722],[-4.825,51.724],[-4.824,51.729],[-4.88,51.718],[-4.883,51.732],[-4.869,51.733],[-4.897,51.741],[-4.888,51.767],[-4.871,51.769],[-4.864,51.784],[-4.859,51.782],[-4.854,51.787],[-4.827,51.79],[-4.809,51.797],[-4.855,51.791],[-4.896,51.768],[-4.908,51.776],[-4.907,51.785],[-4.908,51.787],[-4.91,51.788],[-4.909,51.788],[-4.91,51.788],[-4.908,51.787],[-4.91,51.777],[-4.908,51.773],[-4.923,51.775],[-4.939,51.767],[-4.934,51.784],[-4.95,51.79],[-4.956,51.796],[-4.967,51.801],[-4.957,51.796],[-4.952,51.789],[-4.936,51.783],[-4.949,51.769],[-4.939,51.765],[-4.915,51.772],[-4.9,51.762],[-4.914,51.764],[-4.917,51.762],[-4.909,51.762],[-4.906,51.76],[-4.901,51.754],[-4.912,51.746],[-4.888,51.725],[-4.921,51.705],[-4.943,51.718],[-4.943,51.705],[-4.985,51.699],[-5.019,51.707],[-5.014,51.717],[-5.085,51.706],[-5.105,51.724],[-5.104,51.732],[-5.091,51.738],[-5.093,51.74],[-5.105,51.736],[-5.116,51.71],[-5.157,51.713],[-5.167,51.719],[-5.163,51.724],[-5.164,51.726],[-5.165,51.727],[-5.164,51.728],[-5.166,51.728],[-5.164,51.728],[-5.166,51.727],[-5.165,51.725],[-5.164,51.725],[-5.164,51.724],[-5.173,51.715]],[[-5.087,51.685],[-5.087,51.685],[-5.087,51.685],[-5.087,51.685]],[[-5.088,51.685],[-5.088,51.685],[-5.087,51.685],[-5.088,51.685]],[[-4.836,51.695],[-4.837,51.695],[-4.837,51.695],[-4.836,51.695]],[[-4.843,51.708],[-4.842,51.708],[-4.843,51.708],[-4.843,51.708]],[[-4.853,51.717],[-4.853,51.718],[-4.854,51.718],[-4.853,51.717]],[[-4.853,51.717],[-4.853,51.717],[-4.853,51.717],[-4.853,51.717]],[[-4.848,51.718],[-4.848,51.718],[-4.848,51.718],[-4.848,51.718]],[[-4.848,51.718],[-4.847,51.718],[-4.847,51.718],[-4.848,51.718]],[[-4.847,51.718],[-4.847,51.719],[-4.847,51.719],[-4.847,51.718]],[[-4.846,51.719],[-4.846,51.719],[-4.847,51.719],[-4.846,51.719]],[[-4.885,51.76],[-4.885,51.759],[-4.885,51.76],[-4.885,51.76]],[[-4.865,51.778],[-4.866,51.778],[-4.866,51.778],[-4.865,51.778]],[[-4.961,51.795],[-4.96,51.795],[-4.96,51.795],[-4.961,51.795]],[[-4.961,51.795],[-4.962,51.795],[-4.963,51.794],[-4.961,51.795]],[[-4.954,51.792],[-4.954,51.792],[-4.954,51.792],[-4.954,51.792]],[[-4.954,51.792],[-4.955,51.792],[-4.955,51.792],[-4.954,51.792]],[[-4.955,51.791],[-4.955,51.792],[-4.955,51.792],[-4.955,51.791]],[[-4.956,51.791],[-4.955,51.791],[-4.955,51.791],[-4.956,51.791]],[[-4.952,51.789],[-4.952,51.789],[-4.952,51.789],[-4.952,51.789]],[[-4.952,51.789],[-4.952,51.789],[-4.953,51.789],[-4.952,51.788],[-4.952,51.789]],[[-4.95,51.787],[-4.949,51.788],[-4.949,51.788],[-4.95,51.787]],[[-4.952,51.788],[-4.95,51.787],[-4.95,51.787],[-4.952,51.788]],[[-4.947,51.787],[-4.947,51.787],[-4.947,51.787],[-4.947,51.787]],[[-4.947,51.787],[-4.949,51.787],[-4.946,51.786],[-4.947,51.787]],[[-4.949,51.777],[-4.948,51.777],[-4.947,51.777],[-4.949,51.777]],[[-4.906,51.759],[-4.906,51.759],[-4.906,51.759],[-4.906,51.759]],[[-4.906,51.758],[-4.905,51.758],[-4.906,51.759],[-4.906,51.758]],[[-4.912,51.746],[-4.912,51.746],[-4.912,51.746],[-4.912,51.746]],[[-4.914,51.747],[-4.914,51.747],[-4.912,51.746],[-4.914,51.747]],[[-5.165,51.727],[-5.165,51.726],[-5.165,51.727],[-5.165,51.727]],[[-5.166,51.728],[-5.166,51.728],[-5.166,51.728],[-5.166,51.728]],[[-5.167,51.729],[-5.166,51.728],[-5.166,51.728],[-5.167,51.729]],[[-5.167,51.729],[-5.167,51.729],[-5.167,51.729],[-5.167,51.729]],[[-5.17,51.731],[-5.169,51.729],[-5.169,51.73],[-5.17,51.731]],[[-5.167,51.728],[-5.166,51.728],[-5.166,51.728],[-5.167,51.728]],[[-5.167,51.729],[-5.167,51.728],[-5.167,51.728],[-5.167,51.729]],[[-5.165,51.727],[-5.166,51.727],[-5.165,51.727],[-5.165,51.727]],[[-5.165,51.724],[-5.165,51.725],[-5.165,51.724],[-5.165,51.724]],[[-5.165,51.725],[-5.167,51.727],[-5.168,51.726],[-5.165,51.725]],[[-5.167,51.725],[-5.166,51.724],[-5.166,51.724],[-5.167,51.725]],[[-5.166,51.724],[-5.166,51.724],[-5.166,51.724],[-5.166,51.724]],[[-5.166,51.724],[-5.168,51.724],[-5.166,51.724],[-5.166,51.724]],[[-5.168,51.722],[-5.168,51.722],[-5.168,51.722],[-5.168,51.722]],[[-5.168,51.722],[-5.168,51.722],[-5.168,51.722],[-5.168,51.722]],[[-5.169,51.722],[-5.169,51.722],[-5.168,51.722],[-5.169,51.722]],[[-5.169,51.722],[-5.169,51.721],[-5.169,51.722],[-5.169,51.722]]]}},{"type":"Feature","properties":{"code":"E14001359","name":"Mid Bedfordshire","centroidLat":52.01252,"centroidLong":-0.49919},"geometry":{"type":"Polygon","coordinates":[[[-0.443,52.116],[-0.411,52.079],[-0.375,52.064],[-0.401,52.042],[-0.329,51.995],[-0.367,51.984],[-0.349,51.964],[-0.372,51.948],[-0.381,51.979],[-0.399,51.968],[-0.406,51.932],[-0.386,51.916],[-0.419,51.912],[-0.438,51.928],[-0.486,51.923],[-0.491,51.905],[-0.519,51.938],[-0.591,51.934],[-0.653,51.969],[-0.662,52.0],[-0.64,52.024],[-0.669,52.049],[-0.597,52.109],[-0.586,52.097],[-0.555,52.111],[-0.511,52.097],[-0.472,52.12],[-0.443,52.116]]]}},{"type":"Feature","properties":{"code":"E14001360","name":"Mid Buckinghamshire","centroidLat":51.7898,"centroidLong":-0.94952},"geometry":{"type":"Polygon","coordinates":[[[-0.981,51.872],[-0.831,51.852],[-0.827,51.832],[-0.861,51.826],[-0.819,51.792],[-0.784,51.797],[-0.756,51.775],[-0.742,51.798],[-0.693,51.759],[-0.673,51.768],[-0.614,51.751],[-0.603,51.728],[-0.643,51.711],[-0.618,51.696],[-0.652,51.674],[-0.716,51.677],[-0.707,51.662],[-0.745,51.645],[-0.785,51.664],[-0.839,51.65],[-0.87,51.663],[-0.882,51.636],[-0.918,51.642],[-0.92,51.623],[-0.951,51.651],[-0.927,51.651],[-0.918,51.672],[-0.878,51.668],[-0.898,51.676],[-0.88,51.681],[-0.895,51.693],[-0.889,51.72],[-0.954,51.758],[-1.03,51.758],[-1.036,51.744],[-1.081,51.757],[-1.083,51.781],[-1.122,51.787],[-1.125,51.808],[-1.11,51.817],[-1.141,51.835],[-1.047,51.84],[-1.078,51.877],[-1.069,51.887],[-1.094,51.894],[-1.087,51.923],[-1.056,51.943],[-0.989,51.941],[-0.978,51.956],[-0.901,51.926],[-0.918,51.907],[-0.983,51.887],[-0.981,51.872]]]}},{"type":"Feature","properties":{"code":"E14001361","name":"Mid Cheshire","centroidLat":53.2143,"centroidLong":-2.51569},"geometry":{"type":"Polygon","coordinates":[[[-2.407,53.174],[-2.431,53.177],[-2.464,53.153],[-2.498,53.164],[-2.543,53.15],[-2.567,53.162],[-2.58,53.197],[-2.625,53.207],[-2.566,53.228],[-2.578,53.245],[-2.538,53.271],[-2.474,53.269],[-2.459,53.224],[-2.475,53.209],[-2.431,53.198],[-2.407,53.174]]]}},{"type":"Feature","properties":{"code":"E14001362","name":"Mid Derbyshire","centroidLat":52.97174,"centroidLong":-1.44882},"geometry":{"type":"Polygon","coordinates":[[[-1.514,53.043],[-1.443,53.037],[-1.47,53.008],[-1.463,52.983],[-1.333,52.978],[-1.325,52.968],[-1.34,52.957],[-1.326,52.949],[-1.342,52.942],[-1.329,52.934],[-1.358,52.927],[-1.372,52.895],[-1.435,52.906],[-1.416,52.931],[-1.468,52.956],[-1.501,52.93],[-1.54,52.924],[-1.61,52.941],[-1.599,52.963],[-1.571,52.967],[-1.602,52.986],[-1.567,53.013],[-1.572,53.024],[-1.523,52.996],[-1.497,52.999],[-1.514,53.043]]]}},{"type":"Feature","properties":{"code":"E14001363","name":"Mid Dorset and North Poole","centroidLat":50.76628,"centroidLong":-2.05761},"geometry":{"type":"Polygon","coordinates":[[[-2.079,50.694],[-2.079,50.688],[-2.084,50.691],[-2.091,50.689],[-2.091,50.688],[-2.091,50.688],[-2.087,50.686],[-2.088,50.685],[-2.092,50.686],[-2.095,50.685],[-2.099,50.68],[-2.104,50.683],[-2.11,50.684],[-2.115,50.681],[-2.116,50.679],[-2.115,50.678],[-2.117,50.678],[-2.118,50.678],[-2.117,50.677],[-2.115,50.678],[-2.111,50.684],[-2.099,50.68],[-2.089,50.683],[-2.084,50.691],[-2.081,50.686],[-2.066,50.687],[-2.04,50.707],[-2.018,50.701],[-2.028,50.703],[-2.031,50.702],[-2.033,50.703],[-2.034,50.702],[-2.035,50.702],[-2.029,50.701],[-2.033,50.698],[-2.025,50.696],[-2.025,50.688],[-2.051,50.678],[-2.025,50.684],[-2.032,50.673],[-2.081,50.651],[-2.122,50.662],[-2.171,50.702],[-2.237,50.718],[-2.227,50.743],[-2.268,50.765],[-2.232,50.781],[-2.197,50.766],[-2.141,50.771],[-2.135,50.781],[-2.163,50.802],[-2.018,50.848],[-1.979,50.882],[-1.914,50.863],[-1.898,50.879],[-1.881,50.869],[-1.905,50.823],[-1.933,50.821],[-1.928,50.807],[-1.942,50.8],[-1.937,50.783],[-1.91,50.775],[-1.925,50.759],[-1.975,50.738],[-2.001,50.754],[-2.025,50.729],[-2.05,50.726],[-2.051,50.728],[-2.054,50.729],[-2.049,50.725],[-2.045,50.726],[-2.042,50.726],[-2.043,50.715],[-2.068,50.715],[-2.058,50.706],[-2.083,50.693],[-2.088,50.696],[-2.091,50.697],[-2.092,50.697],[-2.084,50.693],[-2.079,50.694]],[[-2.081,50.691],[-2.081,50.691],[-2.081,50.691],[-2.081,50.691]],[[-2.081,50.691],[-2.081,50.69],[-2.081,50.691],[-2.081,50.691]],[[-2.032,50.703],[-2.032,50.703],[-2.032,50.703],[-2.032,50.703]],[[-2.032,50.703],[-2.033,50.703],[-2.033,50.703],[-2.032,50.703]],[[-2.033,50.704],[-2.033,50.703],[-2.033,50.703],[-2.033,50.704]],[[-2.034,50.703],[-2.034,50.703],[-2.034,50.703],[-2.034,50.703]],[[-2.032,50.701],[-2.032,50.701],[-2.032,50.701],[-2.032,50.701]],[[-2.034,50.7],[-2.033,50.701],[-2.034,50.701],[-2.034,50.7]],[[-2.029,50.689],[-2.029,50.689],[-2.029,50.689],[-2.029,50.689]],[[-2.029,50.689],[-2.029,50.688],[-2.029,50.689],[-2.029,50.689]],[[-2.029,50.687],[-2.028,50.688],[-2.028,50.688],[-2.029,50.687]],[[-2.025,50.688],[-2.026,50.688],[-2.025,50.688],[-2.025,50.688]],[[-2.044,50.682],[-2.044,50.682],[-2.044,50.682],[-2.044,50.682]],[[-2.044,50.682],[-2.044,50.682],[-2.044,50.682],[-2.044,50.682]],[[-2.052,50.678],[-2.052,50.678],[-2.051,50.678],[-2.052,50.678]],[[-2.052,50.678],[-2.052,50.678],[-2.053,50.678],[-2.052,50.678]],[[-2.03,50.682],[-2.029,50.682],[-2.029,50.682],[-2.03,50.682]],[[-2.031,50.68],[-2.031,50.68],[-2.03,50.68],[-2.031,50.68]],[[-2.031,50.68],[-2.031,50.68],[-2.031,50.68],[-2.031,50.68]],[[-2.031,50.68],[-2.031,50.68],[-2.031,50.68],[-2.031,50.68]],[[-2.03,50.679],[-2.03,50.679],[-2.03,50.679],[-2.03,50.679]],[[-2.031,50.679],[-2.031,50.679],[-2.03,50.679],[-2.031,50.679]],[[-2.031,50.679],[-2.031,50.679],[-2.031,50.679],[-2.031,50.679]],[[-2.036,50.733],[-2.036,50.732],[-2.036,50.732],[-2.036,50.733]],[[-2.038,50.732],[-2.039,50.732],[-2.038,50.731],[-2.038,50.732]],[[-2.041,50.732],[-2.041,50.732],[-2.041,50.732],[-2.041,50.732]],[[-2.04,50.731],[-2.04,50.731],[-2.04,50.731],[-2.04,50.731]],[[-2.041,50.732],[-2.041,50.732],[-2.041,50.732],[-2.041,50.732]],[[-2.04,50.732],[-2.041,50.732],[-2.041,50.732],[-2.04,50.732]],[[-2.049,50.725],[-2.049,50.725],[-2.049,50.725],[-2.049,50.725]],[[-2.049,50.724],[-2.048,50.724],[-2.049,50.725],[-2.049,50.724]],[[-2.048,50.724],[-2.048,50.724],[-2.048,50.724],[-2.048,50.724]],[[-2.049,50.723],[-2.048,50.723],[-2.048,50.724],[-2.049,50.723]],[[-2.043,50.725],[-2.043,50.725],[-2.043,50.725],[-2.043,50.725]],[[-2.043,50.725],[-2.043,50.725],[-2.045,50.726],[-2.044,50.725],[-2.043,50.725]],[[-2.043,50.724],[-2.043,50.724],[-2.043,50.724],[-2.043,50.724]],[[-2.043,50.724],[-2.044,50.725],[-2.047,50.725],[-2.046,50.724],[-2.043,50.724]],[[-2.046,50.723],[-2.047,50.723],[-2.046,50.723],[-2.046,50.723]],[[-2.071,50.711],[-2.07,50.711],[-2.07,50.711],[-2.071,50.711]],[[-2.073,50.707],[-2.073,50.707],[-2.073,50.707],[-2.073,50.707]],[[-2.074,50.707],[-2.073,50.707],[-2.073,50.707],[-2.074,50.707]],[[-2.073,50.706],[-2.073,50.707],[-2.073,50.707],[-2.073,50.706]],[[-2.071,50.708],[-2.071,50.708],[-2.071,50.708],[-2.071,50.708]],[[-2.071,50.707],[-2.071,50.707],[-2.071,50.708],[-2.071,50.707]],[[-2.068,50.707],[-2.068,50.706],[-2.068,50.707],[-2.068,50.707]],[[-2.068,50.705],[-2.068,50.705],[-2.068,50.705],[-2.068,50.705]],[[-2.069,50.705],[-2.069,50.705],[-2.068,50.705],[-2.069,50.705]],[[-2.074,50.705],[-2.074,50.705],[-2.074,50.705],[-2.074,50.705]],[[-2.075,50.705],[-2.075,50.705],[-2.074,50.705],[-2.075,50.705]],[[-2.092,50.697],[-2.092,50.697],[-2.092,50.697],[-2.092,50.697]],[[-2.092,50.697],[-2.095,50.697],[-2.102,50.696],[-2.093,50.696],[-2.092,50.697]],[[-2.08,50.694],[-2.08,50.694],[-2.079,50.694],[-2.08,50.694]],[[-2.08,50.694],[-2.081,50.693],[-2.08,50.694],[-2.08,50.694]],[[-2.08,50.691],[-2.08,50.691],[-2.08,50.691],[-2.08,50.691]],[[-2.081,50.691],[-2.081,50.691],[-2.08,50.691],[-2.081,50.691]],[[-2.081,50.692],[-2.081,50.692],[-2.081,50.691],[-2.081,50.692]],[[-2.034,50.729],[-2.034,50.729],[-2.034,50.729],[-2.034,50.729]],[[-2.074,50.708],[-2.074,50.708],[-2.074,50.708],[-2.074,50.708]],[[-2.034,50.702],[-2.034,50.702],[-2.034,50.702],[-2.034,50.702]]]}},{"type":"Feature","properties":{"code":"S14000097","name":"Mid Dunbartonshire","centroidLat":55.96601,"centroidLong":-4.25665},"geometry":{"type":"Polygon","coordinates":[[[-4.163,56.03],[-4.111,55.961],[-4.158,55.944],[-4.114,55.929],[-4.14,55.925],[-4.136,55.914],[-4.194,55.913],[-4.18,55.905],[-4.199,55.898],[-4.236,55.897],[-4.276,55.93],[-4.298,55.929],[-4.301,55.906],[-4.348,55.905],[-4.346,55.916],[-4.382,55.923],[-4.402,55.972],[-4.366,55.98],[-4.335,55.959],[-4.286,55.958],[-4.273,55.965],[-4.275,55.993],[-4.3,56.017],[-4.281,56.028],[-4.198,56.01],[-4.163,56.03]]]}},{"type":"Feature","properties":{"code":"E14001364","name":"Mid Leicestershire","centroidLat":52.67666,"centroidLong":-1.23072},"geometry":{"type":"Polygon","coordinates":[[[-1.125,52.728],[-1.102,52.678],[-1.128,52.665],[-1.161,52.691],[-1.191,52.64],[-1.216,52.635],[-1.165,52.613],[-1.168,52.601],[-1.195,52.6],[-1.209,52.618],[-1.258,52.611],[-1.263,52.627],[-1.243,52.635],[-1.29,52.653],[-1.32,52.636],[-1.361,52.662],[-1.351,52.694],[-1.251,52.736],[-1.203,52.747],[-1.181,52.723],[-1.125,52.728]]]}},{"type":"Feature","properties":{"code":"E14001365","name":"Mid Norfolk","centroidLat":52.63886,"centroidLong":0.900213},"geometry":{"type":"Polygon","coordinates":[[[1.108,52.683],[1.101,52.634],[1.136,52.632],[1.135,52.605],[1.078,52.6],[1.092,52.592],[1.089,52.57],[1.061,52.537],[1.095,52.518],[1.079,52.507],[1.097,52.466],[1.063,52.433],[0.923,52.447],[0.912,52.479],[0.807,52.456],[0.757,52.472],[0.77,52.507],[0.823,52.512],[0.792,52.559],[0.805,52.564],[0.803,52.571],[0.762,52.578],[0.835,52.62],[0.774,52.618],[0.75,52.652],[0.755,52.673],[0.697,52.701],[0.718,52.722],[0.668,52.741],[0.708,52.788],[0.796,52.769],[0.839,52.811],[0.891,52.791],[0.918,52.803],[0.938,52.788],[0.974,52.808],[0.996,52.795],[1.0,52.766],[1.045,52.769],[1.105,52.715],[1.084,52.703],[1.108,52.683]]]}},{"type":"Feature","properties":{"code":"E14001366","name":"Mid Sussex","centroidLat":50.95822,"centroidLong":-0.15248},"geometry":{"type":"Polygon","coordinates":[[[-0.106,50.963],[-0.137,50.885],[-0.168,50.881],[-0.169,50.892],[-0.188,50.869],[-0.249,50.873],[-0.244,50.907],[-0.224,50.912],[-0.225,50.948],[-0.241,50.953],[-0.232,51.011],[-0.245,51.012],[-0.247,51.033],[-0.195,51.038],[-0.197,51.058],[-0.168,51.061],[-0.155,51.037],[-0.125,51.04],[-0.105,51.016],[-0.052,51.005],[-0.115,50.976],[-0.106,50.963]]]}},{"type":"Feature","properties":{"code":"N05000010","name":"Mid Ulster","centroidLat":54.69709,"centroidLong":-6.71},"geometry":{"type":"Polygon","coordinates":[[[-6.477,54.781],[-6.457,54.762],[-6.496,54.714],[-6.407,54.649],[-6.426,54.568],[-6.541,54.542],[-6.578,54.518],[-6.588,54.508],[-6.566,54.492],[-6.571,54.464],[-6.615,54.451],[-6.699,54.477],[-6.736,54.473],[-6.739,54.491],[-6.703,54.516],[-6.71,54.532],[-6.727,54.523],[-6.772,54.538],[-6.81,54.513],[-6.834,54.525],[-6.879,54.51],[-6.903,54.513],[-6.9,54.535],[-6.959,54.539],[-6.986,54.556],[-6.969,54.569],[-6.982,54.575],[-6.981,54.578],[-6.988,54.58],[-6.988,54.582],[-6.872,54.565],[-6.829,54.58],[-6.837,54.599],[-6.809,54.602],[-6.806,54.625],[-6.883,54.625],[-6.878,54.649],[-6.977,54.655],[-6.969,54.664],[-7.003,54.671],[-6.994,54.706],[-7.011,54.718],[-6.991,54.741],[-6.941,54.752],[-6.94,54.774],[-6.903,54.783],[-6.922,54.803],[-6.887,54.832],[-6.887,54.853],[-6.803,54.847],[-6.77,54.872],[-6.758,54.903],[-6.774,54.916],[-6.707,54.932],[-6.671,54.919],[-6.643,54.937],[-6.585,54.924],[-6.537,54.934],[-6.534,54.951],[-6.499,54.918],[-6.506,54.908],[-6.457,54.825],[-6.477,54.781]]]}},{"type":"Feature","properties":{"code":"E14001367","name":"Middlesbrough and Thornaby East","centroidLat":54.55917,"centroidLong":-1.24174},"geometry":{"type":"Polygon","coordinates":[[[-1.252,54.591],[-1.172,54.559],[-1.237,54.544],[-1.229,54.532],[-1.284,54.529],[-1.291,54.513],[-1.301,54.533],[-1.286,54.544],[-1.311,54.55],[-1.307,54.566],[-1.271,54.556],[-1.282,54.565],[-1.252,54.591]],[[-1.272,54.554],[-1.271,54.556],[-1.271,54.556],[-1.272,54.554]],[[-1.272,54.553],[-1.276,54.552],[-1.274,54.552],[-1.276,54.552],[-1.276,54.549],[-1.277,54.548],[-1.277,54.547],[-1.272,54.553]],[[-1.278,54.547],[-1.278,54.547],[-1.277,54.547],[-1.278,54.547]],[[-1.278,54.547],[-1.278,54.547],[-1.278,54.547],[-1.278,54.547]]]}},{"type":"Feature","properties":{"code":"E14001368","name":"Middlesbrough South and East Cleveland","centroidLat":54.53892,"centroidLong":-0.99511},"geometry":{"type":"Polygon","coordinates":[[[-0.794,54.558],[-0.849,54.53],[-0.849,54.488],[-1.174,54.502],[-1.274,54.515],[-1.284,54.528],[-1.229,54.532],[-1.237,54.544],[-1.172,54.559],[-1.199,54.544],[-1.162,54.525],[-1.165,54.537],[-1.128,54.561],[-1.07,54.577],[-1.061,54.565],[-0.99,54.57],[-0.938,54.589],[-0.794,54.558]]]}},{"type":"Feature","properties":{"code":"S14000045","name":"Midlothian","centroidLat":55.82112,"centroidLong":-3.11738},"geometry":{"type":"Polygon","coordinates":[[[-3.112,55.93],[-3.011,55.901],[-2.967,55.912],[-2.937,55.863],[-2.895,55.859],[-2.846,55.819],[-2.87,55.824],[-2.929,55.793],[-2.952,55.819],[-3.075,55.76],[-3.103,55.737],[-3.092,55.722],[-3.128,55.71],[-3.151,55.726],[-3.144,55.74],[-3.185,55.802],[-3.274,55.775],[-3.294,55.796],[-3.345,55.793],[-3.369,55.824],[-3.296,55.866],[-3.201,55.895],[-3.093,55.9],[-3.118,55.913],[-3.112,55.93]]]}},{"type":"Feature","properties":{"code":"E14001369","name":"Milton Keynes Central","centroidLat":52.0191,"centroidLong":-0.73629},"geometry":{"type":"Polygon","coordinates":[[[-0.669,52.049],[-0.64,52.024],[-0.662,52.0],[-0.653,51.969],[-0.7,51.984],[-0.72,52.013],[-0.757,52.015],[-0.776,52.0],[-0.827,52.015],[-0.739,52.067],[-0.669,52.049]]]}},{"type":"Feature","properties":{"code":"E14001370","name":"Milton Keynes North","centroidLat":52.10558,"centroidLong":-0.73475},"geometry":{"type":"Polygon","coordinates":[[[-0.668,52.195],[-0.627,52.182],[-0.641,52.153],[-0.599,52.126],[-0.606,52.092],[-0.669,52.049],[-0.739,52.067],[-0.827,52.015],[-0.871,52.04],[-0.852,52.051],[-0.863,52.061],[-0.831,52.072],[-0.887,52.114],[-0.881,52.126],[-0.832,52.131],[-0.832,52.144],[-0.778,52.169],[-0.668,52.195]]]}},{"type":"Feature","properties":{"code":"E14001371","name":"Mitcham and Morden","centroidLat":51.40167,"centroidLong":-0.16087},"geometry":{"type":"Polygon","coordinates":[[[-0.14,51.419],[-0.124,51.398],[-0.134,51.391],[-0.234,51.388],[-0.221,51.397],[-0.229,51.407],[-0.198,51.395],[-0.179,51.424],[-0.14,51.419]]]}},{"type":"Feature","properties":{"code":"W07000101","name":"Monmouthshire","centroidLat":51.77828,"centroidLong":-2.90281},"geometry":{"type":"Polygon","coordinates":[[[-2.65,51.826],[-2.679,51.803],[-2.68,51.769],[-2.663,51.754],[-2.688,51.73],[-2.669,51.706],[-2.684,51.701],[-2.658,51.674],[-2.687,51.663],[-2.678,51.659],[-2.669,51.664],[-2.668,51.665],[-2.667,51.664],[-2.681,51.647],[-2.658,51.622],[-2.713,51.582],[-2.822,51.554],[-2.859,51.579],[-2.83,51.615],[-2.803,51.616],[-2.834,51.648],[-2.889,51.648],[-2.901,51.628],[-2.942,51.617],[-3.003,51.669],[-2.969,51.691],[-3.002,51.691],[-2.982,51.714],[-3.031,51.723],[-3.028,51.745],[-3.059,51.784],[-3.157,51.796],[-3.146,51.805],[-3.157,51.816],[-3.121,51.839],[-3.101,51.832],[-3.063,51.863],[-3.072,51.875],[-3.04,51.885],[-3.09,51.95],[-3.093,51.965],[-3.067,51.983],[-3.008,51.927],[-2.977,51.927],[-2.972,51.905],[-2.878,51.934],[-2.845,51.922],[-2.862,51.914],[-2.842,51.918],[-2.768,51.88],[-2.779,51.866],[-2.739,51.837],[-2.72,51.849],[-2.65,51.826]]]}},{"type":"Feature","properties":{"code":"W07000102","name":"Montgomeryshire and Glyndwr","centroidLat":52.63363,"centroidLong":-3.44547},"geometry":{"type":"Polygon","coordinates":[[[-3.922,52.562],[-3.915,52.578],[-3.883,52.577],[-3.842,52.6],[-3.841,52.651],[-3.808,52.678],[-3.709,52.671],[-3.684,52.694],[-3.602,52.705],[-3.584,52.739],[-3.609,52.796],[-3.586,52.828],[-3.505,52.842],[-3.483,52.865],[-3.389,52.876],[-3.314,52.947],[-3.198,52.944],[-3.079,52.962],[-3.087,52.98],[-3.149,52.999],[-3.131,53.024],[-3.141,53.041],[-3.012,53.037],[-3.012,53.009],[-2.997,53.008],[-3.003,52.98],[-2.977,52.967],[-3.035,52.929],[-3.1,52.928],[-3.114,52.894],[-3.147,52.89],[-3.136,52.885],[-3.152,52.879],[-3.128,52.867],[-3.163,52.847],[-3.151,52.843],[-3.168,52.819],[-3.158,52.793],[-3.118,52.784],[-3.087,52.796],[-3.08,52.772],[-3.017,52.768],[-3.022,52.752],[-2.962,52.726],[-2.967,52.714],[-2.978,52.727],[-3.021,52.724],[-3.047,52.691],[-3.051,52.647],[-3.084,52.641],[-3.06,52.631],[-3.089,52.6],[-3.139,52.586],[-3.111,52.541],[-3.131,52.527],[-3.006,52.574],[-2.994,52.553],[-3.001,52.523],[-3.032,52.524],[-3.029,52.501],[-3.112,52.499],[-3.231,52.453],[-3.256,52.464],[-3.344,52.435],[-3.391,52.441],[-3.477,52.391],[-3.536,52.405],[-3.596,52.358],[-3.667,52.385],[-3.685,52.369],[-3.697,52.367],[-3.712,52.413],[-3.772,52.442],[-3.733,52.507],[-3.812,52.479],[-3.844,52.512],[-3.841,52.551],[-3.922,52.562]]]}},{"type":"Feature","properties":{"code":"S14000098","name":"Moray West, Nairn and Strathspey","centroidLat":57.28381,"centroidLong":-3.80089},"geometry":{"type":"Polygon","coordinates":[[[-3.099,57.667],[-3.094,57.647],[-3.108,57.633],[-3.097,57.627],[-3.118,57.597],[-3.101,57.574],[-3.033,57.574],[-3.018,57.564],[-3.03,57.534],[-3.001,57.529],[-2.97,57.499],[-3.02,57.45],[-2.955,57.439],[-3.024,57.405],[-2.954,57.378],[-2.984,57.363],[-2.972,57.328],[-2.952,57.318],[-2.99,57.274],[-3.019,57.262],[-3.092,57.284],[-3.209,57.256],[-3.245,57.22],[-3.243,57.202],[-3.354,57.178],[-3.349,57.148],[-3.322,57.131],[-3.336,57.111],[-3.378,57.098],[-3.646,57.088],[-3.665,57.068],[-3.684,57.095],[-3.75,57.076],[-3.753,57.062],[-3.732,57.057],[-3.757,57.038],[-3.748,56.993],[-3.802,56.936],[-3.895,56.923],[-3.951,56.947],[-3.969,56.929],[-3.968,56.899],[-4.023,56.889],[-4.035,56.901],[-4.111,56.895],[-4.174,56.912],[-4.206,56.884],[-4.199,56.87],[-4.304,56.851],[-4.331,56.824],[-4.374,56.832],[-4.442,56.774],[-4.517,56.805],[-4.533,56.796],[-4.537,56.81],[-4.509,56.837],[-4.541,56.825],[-4.581,56.84],[-4.553,56.867],[-4.578,56.882],[-4.563,56.916],[-4.498,56.949],[-4.602,56.951],[-4.566,56.987],[-4.612,57.008],[-4.605,57.026],[-4.63,57.03],[-4.627,57.044],[-4.59,57.061],[-4.539,57.054],[-4.52,57.072],[-4.489,57.063],[-4.393,57.083],[-4.368,57.07],[-4.368,57.054],[-4.33,57.054],[-4.307,57.078],[-4.314,57.091],[-4.22,57.123],[-4.139,57.129],[-4.158,57.146],[-4.152,57.157],[-4.122,57.184],[-4.063,57.189],[-4.038,57.223],[-4.042,57.246],[-3.844,57.343],[-3.887,57.357],[-3.905,57.383],[-3.953,57.389],[-3.96,57.427],[-4.006,57.414],[-4.022,57.431],[-4.054,57.426],[-4.062,57.433],[-4.018,57.438],[-4.075,57.491],[-4.056,57.501],[-4.104,57.511],[-4.149,57.501],[-4.147,57.518],[-4.113,57.516],[-4.102,57.535],[-4.041,57.56],[-4.047,57.577],[-4.076,57.583],[-4.012,57.601],[-3.971,57.586],[-3.956,57.589],[-4.006,57.603],[-3.931,57.586],[-3.861,57.593],[-3.861,57.591],[-3.862,57.59],[-3.861,57.59],[-3.865,57.585],[-3.866,57.583],[-3.69,57.658],[-3.732,57.65],[-3.701,57.658],[-3.65,57.663],[-3.62,57.655],[-3.652,57.638],[-3.646,57.639],[-3.646,57.636],[-3.642,57.636],[-3.64,57.635],[-3.642,57.635],[-3.643,57.634],[-3.641,57.63],[-3.643,57.634],[-3.642,57.635],[-3.64,57.634],[-3.64,57.635],[-3.646,57.64],[-3.642,57.642],[-3.63,57.639],[-3.639,57.635],[-3.636,57.632],[-3.621,57.638],[-3.601,57.634],[-3.608,57.627],[-3.577,57.64],[-3.627,57.662],[-3.53,57.664],[-3.497,57.679],[-3.498,57.704],[-3.342,57.725],[-3.304,57.721],[-3.293,57.725],[-3.289,57.725],[-3.28,57.725],[-3.284,57.725],[-3.283,57.715],[-3.281,57.717],[-3.265,57.707],[-3.256,57.705],[-3.254,57.691],[-3.255,57.705],[-3.281,57.719],[-3.099,57.667]],[[-3.823,57.601],[-3.823,57.601],[-3.823,57.601],[-3.823,57.601]],[[-3.823,57.601],[-3.823,57.6],[-3.823,57.6],[-3.823,57.601]],[[-3.648,57.637],[-3.648,57.637],[-3.648,57.637],[-3.648,57.637]],[[-3.649,57.637],[-3.648,57.637],[-3.648,57.637],[-3.649,57.637]],[[-3.641,57.634],[-3.641,57.634],[-3.641,57.634],[-3.641,57.634]],[[-3.641,57.633],[-3.639,57.632],[-3.641,57.634],[-3.641,57.633]],[[-3.637,57.639],[-3.637,57.639],[-3.638,57.639],[-3.637,57.639]],[[-3.623,57.636],[-3.622,57.636],[-3.622,57.636],[-3.623,57.636]],[[-3.612,57.636],[-3.612,57.636],[-3.612,57.636],[-3.612,57.636]],[[-3.612,57.635],[-3.612,57.636],[-3.612,57.636],[-3.612,57.635]],[[-3.612,57.635],[-3.612,57.636],[-3.612,57.636],[-3.612,57.635]],[[-3.283,57.715],[-3.283,57.715],[-3.283,57.715],[-3.283,57.715]],[[-3.283,57.715],[-3.281,57.715],[-3.283,57.715],[-3.283,57.715]],[[-3.283,57.715],[-3.283,57.714],[-3.283,57.715],[-3.283,57.715]],[[-3.267,57.702],[-3.281,57.712],[-3.27,57.706],[-3.267,57.702]]]}},{"type":"Feature","properties":{"code":"E14001372","name":"Morecambe and Lunesdale","centroidLat":54.14824,"centroidLong":-2.61777},"geometry":{"type":"Polygon","coordinates":[[[-2.875,54.008],[-2.874,54.003],[-2.873,54.003],[-2.872,54.003],[-2.881,53.99],[-2.899,53.992],[-2.904,54.022],[-2.923,54.033],[-2.88,54.076],[-2.82,54.089],[-2.827,54.1],[-2.78,54.136],[-2.798,54.127],[-2.801,54.141],[-2.81,54.132],[-2.825,54.14],[-2.81,54.155],[-2.828,54.153],[-2.864,54.192],[-2.786,54.226],[-2.805,54.22],[-2.799,54.232],[-2.74,54.233],[-2.739,54.245],[-2.766,54.257],[-2.756,54.281],[-2.715,54.303],[-2.701,54.3],[-2.696,54.271],[-2.585,54.274],[-2.568,54.325],[-2.588,54.359],[-2.579,54.392],[-2.537,54.394],[-2.514,54.368],[-2.382,54.371],[-2.31,54.324],[-2.323,54.311],[-2.326,54.241],[-2.362,54.25],[-2.406,54.225],[-2.461,54.227],[-2.534,54.158],[-2.561,54.153],[-2.563,54.123],[-2.464,54.075],[-2.47,54.046],[-2.492,54.04],[-2.498,54.022],[-2.678,54.024],[-2.732,54.003],[-2.765,54.013],[-2.741,54.034],[-2.776,54.041],[-2.765,54.056],[-2.793,54.069],[-2.836,54.061],[-2.824,54.055],[-2.832,54.055],[-2.845,54.044],[-2.846,54.044],[-2.846,54.044],[-2.847,54.044],[-2.833,54.027],[-2.835,54.011],[-2.861,54.004],[-2.863,54.009],[-2.867,54.012],[-2.869,54.011],[-2.868,54.013],[-2.869,54.013],[-2.868,54.014],[-2.87,54.014],[-2.87,54.013],[-2.871,54.013],[-2.87,54.012],[-2.872,54.012],[-2.871,54.01],[-2.866,54.01],[-2.871,54.008],[-2.867,54.008],[-2.865,54.005],[-2.871,54.004],[-2.872,54.005],[-2.869,54.007],[-2.87,54.008],[-2.872,54.005],[-2.872,54.008],[-2.872,54.008],[-2.874,54.006],[-2.875,54.008]],[[-2.875,54.003],[-2.875,54.002],[-2.875,54.002],[-2.875,54.003]],[[-2.886,54.0],[-2.887,54.0],[-2.886,53.999],[-2.886,54.0]],[[-2.887,54.0],[-2.887,54.002],[-2.889,54.002],[-2.887,54.0]],[[-2.888,53.998],[-2.888,53.998],[-2.888,53.998],[-2.888,53.998]],[[-2.888,53.998],[-2.889,53.998],[-2.889,53.998],[-2.889,53.998],[-2.888,53.998]],[[-2.89,53.999],[-2.89,53.999],[-2.889,53.998],[-2.89,53.999]],[[-2.891,54.0],[-2.891,53.999],[-2.89,53.999],[-2.891,54.0]],[[-2.816,54.094],[-2.816,54.094],[-2.816,54.093],[-2.816,54.094]],[[-2.816,54.094],[-2.816,54.094],[-2.816,54.094],[-2.816,54.094]],[[-2.816,54.095],[-2.816,54.095],[-2.816,54.094],[-2.816,54.095]],[[-2.815,54.095],[-2.814,54.095],[-2.816,54.095],[-2.815,54.095]],[[-2.816,54.095],[-2.816,54.095],[-2.816,54.095],[-2.816,54.095]],[[-2.794,54.123],[-2.794,54.123],[-2.794,54.123],[-2.794,54.123]],[[-2.801,54.141],[-2.801,54.141],[-2.801,54.141],[-2.801,54.141]],[[-2.802,54.142],[-2.802,54.142],[-2.802,54.142],[-2.802,54.142]],[[-2.802,54.143],[-2.802,54.143],[-2.802,54.142],[-2.802,54.143]],[[-2.802,54.143],[-2.802,54.143],[-2.802,54.143],[-2.802,54.143]],[[-2.807,54.14],[-2.806,54.14],[-2.806,54.14],[-2.807,54.14]],[[-2.807,54.14],[-2.807,54.142],[-2.809,54.142],[-2.807,54.141],[-2.808,54.141],[-2.807,54.14]],[[-2.808,54.141],[-2.808,54.141],[-2.808,54.141],[-2.808,54.141]],[[-2.809,54.141],[-2.809,54.14],[-2.808,54.141],[-2.809,54.141]],[[-2.855,54.194],[-2.855,54.194],[-2.855,54.194],[-2.855,54.194]],[[-2.855,54.193],[-2.853,54.193],[-2.854,54.194],[-2.855,54.193]],[[-2.823,54.203],[-2.823,54.203],[-2.824,54.203],[-2.823,54.203]],[[-2.823,54.203],[-2.823,54.203],[-2.823,54.203],[-2.823,54.203]],[[-2.821,54.203],[-2.821,54.204],[-2.823,54.203],[-2.821,54.203]],[[-2.82,54.204],[-2.819,54.204],[-2.821,54.204],[-2.82,54.204]],[[-2.824,54.204],[-2.824,54.204],[-2.825,54.204],[-2.824,54.204]],[[-2.824,54.205],[-2.824,54.204],[-2.824,54.206],[-2.823,54.206],[-2.824,54.205]],[[-2.821,54.208],[-2.821,54.209],[-2.822,54.209],[-2.821,54.208]],[[-2.847,54.045],[-2.847,54.044],[-2.847,54.044],[-2.847,54.045]],[[-2.847,54.045],[-2.847,54.045],[-2.847,54.045],[-2.847,54.045]],[[-2.847,54.045],[-2.847,54.045],[-2.847,54.045],[-2.847,54.045]],[[-2.846,54.045],[-2.847,54.045],[-2.847,54.045],[-2.846,54.045]],[[-2.847,54.043],[-2.848,54.043],[-2.847,54.043],[-2.847,54.043]],[[-2.848,54.043],[-2.848,54.043],[-2.848,54.043],[-2.849,54.044],[-2.849,54.043],[-2.849,54.044],[-2.848,54.043]],[[-2.849,54.043],[-2.849,54.043],[-2.849,54.043],[-2.849,54.043]],[[-2.85,54.043],[-2.849,54.043],[-2.849,54.043],[-2.85,54.043]],[[-2.847,54.043],[-2.848,54.042],[-2.847,54.043],[-2.847,54.043]],[[-2.847,54.042],[-2.85,54.042],[-2.85,54.041],[-2.847,54.042]],[[-2.846,54.04],[-2.846,54.04],[-2.846,54.04],[-2.846,54.04]],[[-2.847,54.039],[-2.848,54.04],[-2.848,54.042],[-2.849,54.041],[-2.847,54.039]],[[-2.846,54.04],[-2.846,54.04],[-2.846,54.04],[-2.846,54.04]],[[-2.848,54.04],[-2.848,54.04],[-2.848,54.04],[-2.848,54.04]],[[-2.849,54.04],[-2.849,54.04],[-2.848,54.04],[-2.849,54.04]],[[-2.848,54.04],[-2.848,54.04],[-2.848,54.04],[-2.848,54.04]],[[-2.848,54.04],[-2.848,54.04],[-2.848,54.04],[-2.848,54.04]],[[-2.847,54.039],[-2.846,54.039],[-2.847,54.039],[-2.847,54.039]],[[-2.847,54.039],[-2.847,54.039],[-2.847,54.039],[-2.847,54.039]],[[-2.849,54.039],[-2.847,54.039],[-2.847,54.039],[-2.849,54.039]],[[-2.843,54.024],[-2.843,54.024],[-2.843,54.024],[-2.843,54.024]],[[-2.842,54.025],[-2.843,54.024],[-2.843,54.024],[-2.842,54.025]],[[-2.836,54.019],[-2.836,54.019],[-2.836,54.019],[-2.836,54.019]],[[-2.836,54.019],[-2.836,54.019],[-2.837,54.019],[-2.836,54.019]],[[-2.84,54.021],[-2.84,54.021],[-2.84,54.021],[-2.84,54.021]],[[-2.841,54.021],[-2.841,54.022],[-2.841,54.022],[-2.843,54.022],[-2.844,54.021],[-2.841,54.021]],[[-2.839,54.02],[-2.839,54.02],[-2.838,54.02],[-2.839,54.02]],[[-2.839,54.02],[-2.839,54.02],[-2.84,54.019],[-2.839,54.019],[-2.839,54.02]],[[-2.839,54.018],[-2.839,54.018],[-2.839,54.018],[-2.839,54.018]],[[-2.84,54.018],[-2.84,54.019],[-2.842,54.019],[-2.84,54.018]],[[-2.837,54.015],[-2.837,54.015],[-2.837,54.015],[-2.837,54.015]],[[-2.837,54.015],[-2.839,54.015],[-2.839,54.014],[-2.838,54.014],[-2.837,54.015]],[[-2.837,54.012],[-2.837,54.012],[-2.837,54.012],[-2.837,54.012]],[[-2.838,54.012],[-2.837,54.012],[-2.837,54.012],[-2.838,54.012]],[[-2.845,54.014],[-2.844,54.015],[-2.845,54.014],[-2.845,54.014]],[[-2.848,54.011],[-2.847,54.011],[-2.847,54.011],[-2.848,54.011]],[[-2.848,54.011],[-2.849,54.012],[-2.85,54.012],[-2.849,54.012],[-2.848,54.012],[-2.848,54.011]],[[-2.85,54.013],[-2.85,54.012],[-2.85,54.012],[-2.85,54.013]],[[-2.849,54.013],[-2.85,54.013],[-2.85,54.013],[-2.849,54.013]],[[-2.868,54.013],[-2.868,54.013],[-2.868,54.013],[-2.868,54.013]],[[-2.868,54.014],[-2.868,54.014],[-2.867,54.014],[-2.868,54.014]],[[-2.87,54.013],[-2.87,54.013],[-2.87,54.013],[-2.87,54.013]],[[-2.871,54.014],[-2.871,54.014],[-2.872,54.013],[-2.871,54.014]],[[-2.871,54.014],[-2.871,54.014],[-2.871,54.014],[-2.871,54.014]],[[-2.87,54.015],[-2.871,54.015],[-2.871,54.014],[-2.87,54.015]],[[-2.867,54.008],[-2.867,54.008],[-2.867,54.008],[-2.867,54.008]],[[-2.867,54.007],[-2.868,54.008],[-2.868,54.007],[-2.867,54.007]],[[-2.868,54.006],[-2.869,54.006],[-2.868,54.006],[-2.868,54.006]],[[-2.866,54.005],[-2.866,54.005],[-2.866,54.005],[-2.866,54.005]],[[-2.866,54.005],[-2.866,54.005],[-2.866,54.005],[-2.866,54.005]],[[-2.873,54.007],[-2.873,54.006],[-2.873,54.006],[-2.873,54.007]],[[-2.873,54.007],[-2.873,54.007],[-2.874,54.007],[-2.873,54.007]],[[-2.874,54.008],[-2.874,54.007],[-2.874,54.007],[-2.874,54.008]],[[-2.837,54.022],[-2.837,54.022],[-2.836,54.023],[-2.837,54.022]]]}},{"type":"Feature","properties":{"code":"S14000099","name":"Motherwell, Wishaw and Carluke","centroidLat":55.75585,"centroidLong":-3.75732},"geometry":{"type":"Polygon","coordinates":[[[-3.878,55.763],[-3.592,55.81],[-3.529,55.783],[-3.569,55.74],[-3.627,55.742],[-3.721,55.691],[-3.821,55.706],[-3.842,55.693],[-4.047,55.8],[-3.993,55.804],[-3.995,55.818],[-3.926,55.805],[-3.937,55.789],[-3.892,55.795],[-3.878,55.763]]]}},{"type":"Feature","properties":{"code":"S14000027","name":"Na h-Eileanan an Iar","centroidLat":58.19939,"centroidLong":-6.65722},"geometry":{"type":"MultiPolygon","coordinates":[[[[-7.623,56.83],[-7.637,56.797],[-7.666,56.8],[-7.648,56.813],[-7.656,56.824],[-7.623,56.83]]],[[[-8.577,57.799],[-8.617,57.828],[-8.566,57.826],[-8.55,57.812],[-8.577,57.799]]],[[[-7.539,56.898],[-7.492,56.888],[-7.515,56.88],[-7.539,56.898]]],[[[-7.456,57.058],[-7.42,57.042],[-7.446,57.02],[-7.393,57.002],[-7.429,57.012],[-7.406,57.004],[-7.43,57.002],[-7.401,57.0],[-7.378,56.979],[-7.41,56.994],[-7.422,56.992],[-7.405,56.978],[-7.442,56.961],[-7.436,56.949],[-7.505,56.958],[-7.504,56.946],[-7.542,56.939],[-7.492,56.935],[-7.488,56.93],[-7.518,56.934],[-7.534,56.922],[-7.504,56.917],[-7.554,56.911],[-7.562,56.922],[-7.542,56.927],[-7.573,56.934],[-7.561,56.942],[-7.571,56.948],[-7.533,56.946],[-7.563,56.956],[-7.552,56.971],[-7.519,56.974],[-7.527,56.987],[-7.501,57.004],[-7.529,57.013],[-7.468,57.019],[-7.447,57.041],[-7.456,57.058]]],[[[-7.318,57.099],[-7.269,57.091],[-7.278,57.068],[-7.299,57.067],[-7.278,57.062],[-7.292,57.053],[-7.31,57.061],[-7.305,57.072],[-7.314,57.08],[-7.312,57.089],[-7.317,57.094],[-7.318,57.099]]],[[[-7.329,57.393],[-7.271,57.38],[-7.312,57.374],[-7.239,57.35],[-7.274,57.35],[-7.27,57.345],[-7.221,57.349],[-7.264,57.328],[-7.295,57.337],[-7.272,57.323],[-7.228,57.324],[-7.221,57.301],[-7.199,57.306],[-7.192,57.298],[-7.253,57.26],[-7.243,57.249],[-7.268,57.224],[-7.363,57.246],[-7.35,57.225],[-7.309,57.23],[-7.261,57.207],[-7.267,57.193],[-7.245,57.164],[-7.268,57.15],[-7.284,57.15],[-7.309,57.163],[-7.321,57.164],[-7.309,57.151],[-7.29,57.149],[-7.29,57.147],[-7.321,57.151],[-7.331,57.161],[-7.356,57.154],[-7.333,57.136],[-7.246,57.136],[-7.244,57.119],[-7.212,57.117],[-7.23,57.112],[-7.218,57.111],[-7.229,57.096],[-7.392,57.113],[-7.423,57.217],[-7.458,57.241],[-7.429,57.247],[-7.421,57.289],[-7.388,57.298],[-7.404,57.358],[-7.43,57.388],[-7.326,57.406],[-7.329,57.393]]],[[[-7.368,57.492],[-7.337,57.481],[-7.258,57.478],[-7.283,57.473],[-7.249,57.46],[-7.252,57.477],[-7.215,57.466],[-7.245,57.461],[-7.218,57.446],[-7.252,57.459],[-7.244,57.446],[-7.271,57.453],[-7.264,57.44],[-7.284,57.438],[-7.215,57.436],[-7.202,57.424],[-7.224,57.427],[-7.203,57.418],[-7.254,57.412],[-7.238,57.407],[-7.24,57.402],[-7.314,57.418],[-7.273,57.407],[-7.263,57.399],[-7.291,57.41],[-7.304,57.399],[-7.344,57.421],[-7.392,57.422],[-7.411,57.451],[-7.409,57.471],[-7.379,57.475],[-7.368,57.492]],[[-7.243,57.458],[-7.243,57.458],[-7.243,57.458],[-7.243,57.458]]],[[[-7.181,57.593],[-7.101,57.594],[-7.135,57.559],[-7.259,57.554],[-7.27,57.559],[-7.249,57.558],[-7.256,57.574],[-7.254,57.564],[-7.29,57.563],[-7.272,57.56],[-7.272,57.555],[-7.292,57.559],[-7.291,57.562],[-7.294,57.562],[-7.296,57.567],[-7.297,57.568],[-7.298,57.568],[-7.305,57.549],[-7.135,57.554],[-7.147,57.516],[-7.17,57.513],[-7.146,57.513],[-7.148,57.51],[-7.277,57.518],[-7.262,57.507],[-7.263,57.503],[-7.313,57.522],[-7.298,57.511],[-7.313,57.508],[-7.345,57.542],[-7.355,57.497],[-7.368,57.502],[-7.375,57.52],[-7.404,57.543],[-7.406,57.548],[-7.387,57.537],[-7.382,57.546],[-7.37,57.549],[-7.359,57.539],[-7.344,57.543],[-7.355,57.551],[-7.311,57.554],[-7.363,57.555],[-7.442,57.588],[-7.43,57.578],[-7.484,57.568],[-7.494,57.583],[-7.483,57.591],[-7.504,57.583],[-7.549,57.603],[-7.52,57.605],[-7.514,57.619],[-7.527,57.622],[-7.5,57.627],[-7.484,57.663],[-7.38,57.632],[-7.377,57.659],[-7.315,57.694],[-7.337,57.658],[-7.292,57.653],[-7.292,57.641],[-7.246,57.653],[-7.279,57.663],[-7.223,57.69],[-7.208,57.683],[-7.205,57.693],[-7.183,57.703],[-7.229,57.707],[-7.198,57.734],[-7.162,57.739],[-7.145,57.732],[-7.151,57.718],[-7.173,57.719],[-7.166,57.712],[-7.195,57.691],[-7.156,57.677],[-7.161,57.665],[-7.185,57.661],[-7.165,57.66],[-7.167,57.657],[-7.199,57.659],[-7.191,57.649],[-7.1,57.649],[-7.123,57.658],[-7.116,57.662],[-7.063,57.64],[-7.1,57.608],[-7.132,57.626],[-7.117,57.634],[-7.217,57.641],[-7.188,57.631],[-7.201,57.619],[-7.152,57.613],[-7.183,57.612],[-7.153,57.607],[-7.181,57.593]],[[-7.387,57.537],[-7.387,57.537],[-7.387,57.537],[-7.387,57.537]],[[-7.387,57.536],[-7.387,57.535],[-7.387,57.537],[-7.387,57.536]],[[-7.377,57.543],[-7.377,57.543],[-7.377,57.543],[-7.377,57.543]],[[-7.378,57.543],[-7.379,57.543],[-7.377,57.543],[-7.378,57.543]],[[-7.379,57.542],[-7.378,57.543],[-7.378,57.543],[-7.379,57.542]],[[-7.374,57.544],[-7.374,57.544],[-7.374,57.544],[-7.374,57.544]],[[-7.341,57.549],[-7.34,57.549],[-7.341,57.549],[-7.341,57.549]],[[-7.339,57.548],[-7.34,57.549],[-7.34,57.549],[-7.339,57.548]],[[-7.338,57.548],[-7.338,57.548],[-7.339,57.548],[-7.338,57.548]],[[-7.338,57.548],[-7.337,57.548],[-7.338,57.548],[-7.338,57.548]],[[-7.383,57.631],[-7.382,57.631],[-7.382,57.632],[-7.383,57.631]],[[-7.179,57.664],[-7.18,57.664],[-7.179,57.664],[-7.179,57.664]],[[-7.214,57.657],[-7.199,57.659],[-7.212,57.66],[-7.214,57.657]]],[[[-7.231,57.503],[-7.248,57.501],[-7.217,57.499],[-7.222,57.489],[-7.201,57.475],[-7.291,57.491],[-7.248,57.502],[-7.256,57.506],[-7.231,57.503]],[[-7.251,57.5],[-7.251,57.5],[-7.251,57.5],[-7.251,57.5]],[[-7.251,57.5],[-7.251,57.5],[-7.251,57.5],[-7.251,57.5]]],[[[-7.208,57.779],[-7.223,57.76],[-7.266,57.774],[-7.238,57.785],[-7.208,57.779]]],[[[-7.19,57.411],[-7.187,57.398],[-7.222,57.388],[-7.208,57.388],[-7.205,57.386],[-7.224,57.387],[-7.234,57.392],[-7.19,57.411]]],[[[-7.168,57.498],[-7.175,57.487],[-7.158,57.484],[-7.181,57.469],[-7.208,57.49],[-7.168,57.498]]],[[[-7.122,58.033],[-7.101,58.006],[-7.153,58.009],[-7.172,58.028],[-7.122,58.033]]],[[[-6.991,57.899],[-7.011,57.881],[-7.043,57.895],[-7.076,57.875],[-7.086,57.893],[-7.009,57.922],[-6.991,57.899]]],[[[-6.893,58.256],[-6.845,58.254],[-6.837,58.232],[-6.786,58.221],[-6.782,58.203],[-6.867,58.207],[-6.876,58.22],[-6.859,58.215],[-6.854,58.226],[-6.872,58.243],[-6.862,58.223],[-6.877,58.23],[-6.893,58.256]]],[[[-6.714,57.875],[-6.651,57.871],[-6.641,57.856],[-6.671,57.85],[-6.714,57.875]]],[[[-6.667,58.35],[-6.649,58.354],[-6.648,58.344],[-6.643,58.34],[-6.547,58.365],[-6.519,58.397],[-6.333,58.479],[-6.3,58.48],[-6.271,58.499],[-6.284,58.509],[-6.26,58.516],[-6.181,58.467],[-6.196,58.447],[-6.168,58.417],[-6.219,58.368],[-6.162,58.343],[-6.198,58.338],[-6.247,58.307],[-6.242,58.296],[-6.284,58.288],[-6.289,58.292],[-6.292,58.292],[-6.295,58.292],[-6.296,58.292],[-6.296,58.292],[-6.297,58.292],[-6.289,58.291],[-6.287,58.29],[-6.29,58.287],[-6.282,58.287],[-6.28,58.27],[-6.305,58.267],[-6.316,58.27],[-6.319,58.27],[-6.319,58.245],[-6.349,58.229],[-6.346,58.235],[-6.364,58.239],[-6.358,58.235],[-6.362,58.227],[-6.367,58.225],[-6.379,58.226],[-6.335,58.222],[-6.343,58.229],[-6.285,58.207],[-6.165,58.263],[-6.136,58.254],[-6.154,58.247],[-6.16,58.214],[-6.229,58.182],[-6.255,58.18],[-6.291,58.206],[-6.353,58.189],[-6.388,58.215],[-6.396,58.199],[-6.37,58.191],[-6.383,58.18],[-6.386,58.181],[-6.388,58.179],[-6.367,58.153],[-6.424,58.148],[-6.423,58.138],[-6.381,58.144],[-6.37,58.131],[-6.493,58.143],[-6.428,58.121],[-6.49,58.099],[-6.635,58.085],[-6.432,58.09],[-6.403,58.098],[-6.435,58.1],[-6.399,58.111],[-6.403,58.099],[-6.383,58.093],[-6.397,58.084],[-6.377,58.091],[-6.369,58.076],[-6.381,58.068],[-6.367,58.056],[-6.44,58.049],[-6.358,58.039],[-6.387,58.001],[-6.438,58.017],[-6.45,58.006],[-6.46,58.02],[-6.58,58.003],[-6.456,57.994],[-6.449,57.966],[-6.468,57.961],[-6.472,57.937],[-6.519,57.927],[-6.548,57.959],[-6.538,57.919],[-6.573,57.925],[-6.572,57.91],[-6.609,57.95],[-6.646,57.964],[-6.606,57.917],[-6.656,57.92],[-6.709,57.967],[-6.713,58.013],[-6.664,58.043],[-6.661,58.054],[-6.622,58.047],[-6.587,58.053],[-6.693,58.059],[-6.67,58.046],[-6.761,58.003],[-6.721,57.961],[-6.745,57.953],[-6.706,57.953],[-6.674,57.917],[-6.714,57.915],[-6.67,57.9],[-6.666,57.882],[-6.774,57.9],[-6.803,57.897],[-6.788,57.88],[-6.814,57.881],[-6.764,57.861],[-6.737,57.827],[-6.798,57.834],[-6.791,57.805],[-6.845,57.834],[-6.863,57.834],[-6.834,57.815],[-6.846,57.803],[-6.863,57.813],[-6.856,57.798],[-6.868,57.8],[-6.871,57.798],[-6.863,57.798],[-6.858,57.794],[-6.884,57.801],[-6.873,57.774],[-6.897,57.774],[-6.888,57.777],[-6.912,57.784],[-6.924,57.782],[-6.899,57.764],[-6.931,57.764],[-6.945,57.739],[-6.979,57.744],[-6.966,57.728],[-7.027,57.767],[-7.014,57.77],[-7.12,57.817],[-7.134,57.837],[-7.082,57.833],[-7.071,57.811],[-7.075,57.822],[-6.998,57.846],[-6.993,57.868],[-6.906,57.869],[-6.96,57.887],[-6.949,57.905],[-6.814,57.901],[-6.867,57.925],[-6.84,57.928],[-6.85,57.935],[-6.914,57.936],[-6.902,57.951],[-6.922,57.94],[-7.0,57.966],[-6.995,57.955],[-7.023,57.952],[-7.08,57.967],[-7.09,57.995],[-7.114,57.989],[-7.082,58.021],[-7.056,58.009],[-6.994,58.041],[-6.906,58.049],[-7.062,58.041],[-7.021,58.054],[-7.059,58.055],[-7.021,58.071],[-7.034,58.081],[-7.067,58.06],[-7.103,58.073],[-7.11,58.11],[-7.135,58.123],[-7.089,58.164],[-7.105,58.183],[-7.053,58.185],[-7.053,58.178],[-7.047,58.177],[-7.045,58.172],[-7.043,58.171],[-7.037,58.184],[-7.026,58.187],[-7.015,58.182],[-7.007,58.184],[-7.018,58.183],[-7.031,58.201],[-7.042,58.188],[-7.065,58.196],[-7.049,58.232],[-7.024,58.244],[-7.027,58.232],[-6.97,58.219],[-6.969,58.232],[-6.958,58.235],[-6.908,58.213],[-6.963,58.203],[-6.933,58.186],[-6.893,58.187],[-6.889,58.15],[-6.878,58.127],[-6.859,58.111],[-6.886,58.163],[-6.869,58.173],[-6.879,58.181],[-6.877,58.189],[-6.859,58.181],[-6.862,58.194],[-6.828,58.205],[-6.75,58.192],[-6.734,58.166],[-6.707,58.184],[-6.761,58.199],[-6.737,58.205],[-6.74,58.213],[-6.789,58.236],[-6.819,58.27],[-6.772,58.282],[-6.828,58.284],[-6.667,58.35]],[[-6.286,58.291],[-6.286,58.291],[-6.286,58.291],[-6.286,58.291]],[[-6.287,58.291],[-6.287,58.291],[-6.286,58.291],[-6.287,58.291]],[[-6.296,58.292],[-6.297,58.292],[-6.296,58.292],[-6.296,58.292]],[[-6.297,58.293],[-6.299,58.293],[-6.297,58.292],[-6.297,58.293]],[[-6.289,58.291],[-6.289,58.291],[-6.289,58.291],[-6.289,58.291]],[[-6.289,58.291],[-6.291,58.291],[-6.291,58.291],[-6.289,58.291]],[[-6.29,58.29],[-6.289,58.29],[-6.289,58.29],[-6.29,58.29]],[[-6.291,58.289],[-6.291,58.289],[-6.29,58.289],[-6.291,58.289]],[[-6.291,58.289],[-6.291,58.289],[-6.291,58.289],[-6.291,58.289]],[[-6.359,58.234],[-6.359,58.234],[-6.359,58.234],[-6.359,58.234]],[[-6.359,58.234],[-6.361,58.234],[-6.362,58.234],[-6.36,58.234],[-6.36,58.234],[-6.36,58.233],[-6.359,58.234]],[[-6.361,58.234],[-6.361,58.234],[-6.36,58.234],[-6.361,58.234]],[[-6.361,58.234],[-6.361,58.234],[-6.361,58.234],[-6.361,58.234]],[[-6.361,58.234],[-6.361,58.234],[-6.361,58.234],[-6.361,58.234]],[[-6.362,58.231],[-6.362,58.231],[-6.362,58.231],[-6.362,58.231]],[[-6.364,58.229],[-6.363,58.23],[-6.363,58.23],[-6.364,58.229]],[[-6.373,58.226],[-6.373,58.226],[-6.373,58.225],[-6.373,58.226]],[[-6.374,58.226],[-6.373,58.226],[-6.375,58.226],[-6.374,58.226]],[[-6.379,58.226],[-6.379,58.226],[-6.379,58.226],[-6.379,58.226]],[[-6.379,58.226],[-6.381,58.226],[-6.379,58.226],[-6.379,58.226]],[[-6.378,58.224],[-6.379,58.224],[-6.378,58.224],[-6.378,58.224]],[[-6.381,58.222],[-6.377,58.222],[-6.377,58.222],[-6.381,58.222]],[[-6.586,58.053],[-6.587,58.053],[-6.587,58.053],[-6.586,58.053]],[[-6.94,57.749],[-6.94,57.749],[-6.94,57.749],[-6.94,57.749]],[[-6.984,57.864],[-6.984,57.864],[-6.983,57.864],[-6.984,57.864]],[[-6.984,57.863],[-6.983,57.863],[-6.984,57.864],[-6.984,57.863]],[[-6.949,57.866],[-6.948,57.866],[-6.949,57.866],[-6.949,57.866]],[[-7.017,58.193],[-7.019,58.191],[-7.019,58.191],[-7.017,58.193]],[[-6.711,58.33],[-6.711,58.33],[-6.712,58.33],[-6.711,58.33]],[[-6.365,58.237],[-6.365,58.238],[-6.365,58.238],[-6.365,58.237]]]]}},{"type":"Feature","properties":{"code":"W07000103","name":"Neath and Swansea East","centroidLat":51.69724,"centroidLong":-3.77311},"geometry":{"type":"Polygon","coordinates":[[[-3.603,51.774],[-3.582,51.714],[-3.608,51.718],[-3.667,51.681],[-3.73,51.678],[-3.72,51.67],[-3.754,51.666],[-3.778,51.64],[-3.811,51.642],[-3.836,51.652],[-3.831,51.656],[-3.824,51.653],[-3.83,51.651],[-3.83,51.651],[-3.83,51.65],[-3.818,51.655],[-3.81,51.662],[-3.807,51.666],[-3.801,51.666],[-3.792,51.667],[-3.788,51.671],[-3.788,51.673],[-3.808,51.667],[-3.819,51.655],[-3.824,51.654],[-3.831,51.657],[-3.83,51.658],[-3.829,51.658],[-3.826,51.658],[-3.825,51.658],[-3.825,51.66],[-3.824,51.659],[-3.825,51.66],[-3.831,51.658],[-3.837,51.653],[-3.837,51.639],[-3.845,51.636],[-3.836,51.638],[-3.833,51.636],[-3.834,51.627],[-3.85,51.619],[-3.925,51.609],[-3.935,51.621],[-3.934,51.645],[-3.903,51.679],[-3.908,51.707],[-3.882,51.72],[-3.872,51.702],[-3.822,51.697],[-3.785,51.719],[-3.77,51.755],[-3.67,51.787],[-3.603,51.774]],[[-3.834,51.653],[-3.834,51.653],[-3.834,51.653],[-3.834,51.653]],[[-3.835,51.653],[-3.834,51.653],[-3.834,51.653],[-3.835,51.653]],[[-3.823,51.655],[-3.823,51.655],[-3.823,51.654],[-3.823,51.655]],[[-3.83,51.656],[-3.83,51.657],[-3.83,51.657],[-3.83,51.656]],[[-3.83,51.657],[-3.83,51.657],[-3.83,51.657],[-3.83,51.657]],[[-3.831,51.657],[-3.83,51.657],[-3.83,51.657],[-3.831,51.657]],[[-3.825,51.658],[-3.823,51.659],[-3.825,51.658],[-3.825,51.658]],[[-3.838,51.64],[-3.838,51.64],[-3.838,51.64],[-3.838,51.64]],[[-3.838,51.64],[-3.84,51.644],[-3.841,51.644],[-3.838,51.64]],[[-3.836,51.638],[-3.836,51.637],[-3.836,51.637],[-3.836,51.638]],[[-3.836,51.637],[-3.835,51.637],[-3.836,51.637],[-3.836,51.637]],[[-3.844,51.623],[-3.844,51.623],[-3.844,51.623],[-3.844,51.623]],[[-3.844,51.624],[-3.844,51.624],[-3.844,51.623],[-3.844,51.624]]]}},{"type":"Feature","properties":{"code":"E14001373","name":"New Forest East","centroidLat":50.84443,"centroidLong":-1.50166},"geometry":{"type":"Polygon","coordinates":[[[-1.545,50.969],[-1.479,50.927],[-1.481,50.926],[-1.483,50.925],[-1.483,50.926],[-1.486,50.927],[-1.487,50.93],[-1.486,50.926],[-1.482,50.925],[-1.481,50.926],[-1.478,50.924],[-1.473,50.915],[-1.491,50.916],[-1.487,50.909],[-1.478,50.912],[-1.427,50.897],[-1.357,50.849],[-1.361,50.843],[-1.356,50.846],[-1.354,50.846],[-1.357,50.845],[-1.356,50.844],[-1.358,50.843],[-1.355,50.843],[-1.356,50.844],[-1.352,50.846],[-1.354,50.844],[-1.353,50.842],[-1.35,50.847],[-1.34,50.843],[-1.339,50.827],[-1.331,50.825],[-1.332,50.827],[-1.331,50.826],[-1.33,50.828],[-1.327,50.827],[-1.33,50.824],[-1.328,50.824],[-1.326,50.826],[-1.324,50.826],[-1.326,50.816],[-1.308,50.816],[-1.343,50.786],[-1.398,50.784],[-1.408,50.786],[-1.412,50.805],[-1.449,50.82],[-1.412,50.8],[-1.41,50.79],[-1.413,50.784],[-1.392,50.777],[-1.405,50.773],[-1.408,50.771],[-1.393,50.776],[-1.397,50.774],[-1.419,50.766],[-1.502,50.754],[-1.546,50.773],[-1.621,50.763],[-1.637,50.785],[-1.689,50.784],[-1.635,50.847],[-1.687,50.881],[-1.677,50.903],[-1.696,50.908],[-1.687,50.947],[-1.59,50.951],[-1.545,50.969]],[[-1.482,50.925],[-1.482,50.925],[-1.482,50.925],[-1.482,50.925]],[[-1.482,50.926],[-1.482,50.926],[-1.482,50.925],[-1.482,50.926]],[[-1.479,50.921],[-1.479,50.921],[-1.482,50.921],[-1.483,50.921],[-1.48,50.92],[-1.479,50.921]],[[-1.483,50.921],[-1.483,50.921],[-1.483,50.921],[-1.483,50.921]],[[-1.483,50.922],[-1.484,50.923],[-1.483,50.921],[-1.483,50.922]],[[-1.477,50.921],[-1.477,50.921],[-1.477,50.921],[-1.477,50.921]],[[-1.479,50.92],[-1.481,50.919],[-1.477,50.921],[-1.479,50.92]],[[-1.487,50.908],[-1.488,50.908],[-1.487,50.909],[-1.487,50.908]],[[-1.462,50.902],[-1.462,50.901],[-1.461,50.902],[-1.462,50.902]],[[-1.38,50.86],[-1.38,50.86],[-1.38,50.86],[-1.38,50.86]],[[-1.374,50.856],[-1.374,50.857],[-1.374,50.857],[-1.374,50.856]],[[-1.376,50.856],[-1.377,50.856],[-1.376,50.856],[-1.376,50.856]],[[-1.379,50.856],[-1.379,50.856],[-1.379,50.856],[-1.379,50.856]],[[-1.376,50.854],[-1.376,50.853],[-1.375,50.854],[-1.376,50.854]],[[-1.37,50.851],[-1.37,50.851],[-1.37,50.851],[-1.37,50.851]],[[-1.37,50.851],[-1.369,50.851],[-1.37,50.851],[-1.37,50.851]],[[-1.365,50.851],[-1.365,50.851],[-1.365,50.851],[-1.365,50.851]],[[-1.365,50.851],[-1.366,50.85],[-1.366,50.85],[-1.365,50.851]],[[-1.366,50.85],[-1.366,50.85],[-1.366,50.85],[-1.366,50.85]],[[-1.367,50.85],[-1.366,50.85],[-1.366,50.85],[-1.367,50.85]],[[-1.364,50.851],[-1.363,50.851],[-1.363,50.851],[-1.364,50.851]],[[-1.356,50.844],[-1.356,50.844],[-1.356,50.844],[-1.356,50.844]],[[-1.357,50.844],[-1.358,50.844],[-1.356,50.844],[-1.357,50.844]],[[-1.356,50.842],[-1.356,50.842],[-1.355,50.842],[-1.356,50.842]],[[-1.355,50.842],[-1.355,50.843],[-1.355,50.842],[-1.355,50.842]],[[-1.354,50.842],[-1.354,50.842],[-1.354,50.842],[-1.354,50.842]],[[-1.342,50.84],[-1.342,50.84],[-1.342,50.84],[-1.342,50.84]],[[-1.329,50.827],[-1.329,50.827],[-1.329,50.827],[-1.329,50.827]],[[-1.329,50.827],[-1.33,50.827],[-1.33,50.827],[-1.329,50.827],[-1.328,50.827],[-1.329,50.827]],[[-1.406,50.791],[-1.406,50.791],[-1.406,50.791],[-1.406,50.791]],[[-1.405,50.791],[-1.406,50.791],[-1.406,50.791],[-1.405,50.791]],[[-1.408,50.795],[-1.408,50.795],[-1.408,50.795],[-1.408,50.795]],[[-1.408,50.795],[-1.409,50.796],[-1.408,50.795],[-1.408,50.795]],[[-1.409,50.796],[-1.409,50.796],[-1.409,50.796],[-1.409,50.796]],[[-1.409,50.796],[-1.409,50.797],[-1.409,50.796],[-1.409,50.796]],[[-1.409,50.797],[-1.409,50.797],[-1.409,50.797],[-1.409,50.797]],[[-1.409,50.797],[-1.409,50.797],[-1.409,50.797],[-1.409,50.797]],[[-1.43,50.808],[-1.43,50.808],[-1.43,50.808],[-1.43,50.808]],[[-1.43,50.808],[-1.431,50.808],[-1.43,50.808],[-1.43,50.808]],[[-1.424,50.802],[-1.424,50.802],[-1.424,50.802],[-1.424,50.802]],[[-1.413,50.799],[-1.412,50.799],[-1.412,50.799],[-1.413,50.799]],[[-1.413,50.799],[-1.414,50.799],[-1.413,50.798],[-1.413,50.799]],[[-1.412,50.798],[-1.412,50.798],[-1.412,50.798],[-1.412,50.798]],[[-1.413,50.797],[-1.413,50.798],[-1.413,50.798],[-1.413,50.797]],[[-1.412,50.798],[-1.412,50.798],[-1.412,50.798],[-1.412,50.798]],[[-1.407,50.771],[-1.407,50.771],[-1.407,50.771],[-1.407,50.771]],[[-1.41,50.77],[-1.41,50.769],[-1.407,50.771],[-1.41,50.77]],[[-1.484,50.909],[-1.483,50.91],[-1.484,50.909],[-1.484,50.909]],[[-1.428,50.895],[-1.431,50.895],[-1.431,50.894],[-1.428,50.895]],[[-1.381,50.857],[-1.381,50.857],[-1.381,50.857],[-1.381,50.857]],[[-1.38,50.856],[-1.381,50.857],[-1.381,50.857],[-1.38,50.856]],[[-1.411,50.791],[-1.411,50.791],[-1.411,50.792],[-1.411,50.791]]]}},{"type":"Feature","properties":{"code":"E14001374","name":"New Forest West","centroidLat":50.87201,"centroidLong":-1.74071},"geometry":{"type":"Polygon","coordinates":[[[-1.677,50.949],[-1.694,50.926],[-1.696,50.908],[-1.677,50.905],[-1.687,50.881],[-1.635,50.847],[-1.689,50.784],[-1.637,50.785],[-1.621,50.763],[-1.546,50.773],[-1.526,50.745],[-1.58,50.718],[-1.55,50.707],[-1.693,50.737],[-1.682,50.752],[-1.744,50.747],[-1.749,50.779],[-1.786,50.765],[-1.812,50.807],[-1.791,50.836],[-1.807,50.863],[-1.854,50.863],[-1.849,50.89],[-1.817,50.904],[-1.811,50.927],[-1.874,50.917],[-1.955,50.978],[-1.957,50.99],[-1.874,51.006],[-1.874,50.984],[-1.836,51.009],[-1.815,50.986],[-1.72,50.977],[-1.677,50.949]],[[-1.557,50.708],[-1.557,50.708],[-1.557,50.708],[-1.557,50.708]]]}},{"type":"Feature","properties":{"code":"E14001375","name":"Newark","centroidLat":53.14382,"centroidLong":-0.85951},"geometry":{"type":"Polygon","coordinates":[[[-0.945,53.407],[-0.782,53.382],[-0.776,53.378],[-0.791,53.364],[-0.759,53.354],[-0.767,53.33],[-0.748,53.304],[-0.751,53.294],[-0.764,53.3],[-0.781,53.282],[-0.765,53.273],[-0.783,53.241],[-0.778,53.239],[-0.784,53.224],[-0.776,53.215],[-0.779,53.213],[-0.776,53.207],[-0.781,53.204],[-0.778,53.2],[-0.791,53.19],[-0.796,53.18],[-0.785,53.176],[-0.795,53.181],[-0.776,53.2],[-0.775,53.218],[-0.783,53.226],[-0.778,53.235],[-0.777,53.247],[-0.688,53.258],[-0.667,53.24],[-0.676,53.218],[-0.731,53.211],[-0.764,53.183],[-0.718,53.177],[-0.715,53.137],[-0.732,53.128],[-0.717,53.116],[-0.73,53.098],[-0.695,53.066],[-0.75,53.055],[-0.761,53.029],[-0.804,53.013],[-0.777,52.978],[-0.822,52.959],[-0.858,52.906],[-0.885,52.893],[-0.93,52.913],[-0.921,52.935],[-0.972,52.928],[-0.978,52.95],[-1.034,52.958],[-1.036,52.985],[-0.976,52.986],[-0.927,53.024],[-0.963,53.053],[-0.987,53.046],[-1.051,53.085],[-0.997,53.112],[-1.022,53.123],[-1.004,53.138],[-0.956,53.147],[-0.967,53.159],[-0.957,53.168],[-0.972,53.169],[-0.991,53.177],[-0.94,53.206],[-0.947,53.226],[-1.007,53.236],[-1.028,53.261],[-0.955,53.268],[-0.971,53.297],[-0.905,53.301],[-0.903,53.318],[-0.872,53.322],[-0.962,53.343],[-0.924,53.356],[-0.945,53.407]]]}},{"type":"Feature","properties":{"code":"E14001376","name":"Newbury","centroidLat":51.4568,"centroidLong":-1.39825},"geometry":{"type":"Polygon","coordinates":[[[-1.356,51.547],[-1.334,51.523],[-1.328,51.486],[-1.242,51.463],[-1.261,51.432],[-1.216,51.411],[-1.221,51.368],[-1.411,51.373],[-1.444,51.355],[-1.43,51.337],[-1.498,51.329],[-1.486,51.348],[-1.501,51.356],[-1.495,51.37],[-1.571,51.415],[-1.527,51.424],[-1.524,51.447],[-1.582,51.494],[-1.581,51.537],[-1.555,51.553],[-1.471,51.529],[-1.356,51.547]]]}},{"type":"Feature","properties":{"code":"E14001377","name":"Newcastle upon Tyne Central and West","centroidLat":54.98582,"centroidLong":-1.67523},"geometry":{"type":"Polygon","coordinates":[[[-1.68,55.01],[-1.616,54.995],[-1.6,54.97],[-1.639,54.96],[-1.739,54.98],[-1.726,54.989],[-1.742,55.002],[-1.68,55.01]]]}},{"type":"Feature","properties":{"code":"E14001378","name":"Newcastle upon Tyne East and Wallsend","centroidLat":54.98885,"centroidLong":-1.54399},"geometry":{"type":"Polygon","coordinates":[[[-1.505,55.014],[-1.485,54.988],[-1.531,54.986],[-1.542,54.963],[-1.604,54.972],[-1.578,55.005],[-1.505,55.014]],[[-1.509,54.994],[-1.51,54.994],[-1.508,54.994],[-1.509,54.994]],[[-1.515,54.996],[-1.518,54.996],[-1.51,54.994],[-1.515,54.996]]]}},{"type":"Feature","properties":{"code":"E14001379","name":"Newcastle upon Tyne North","centroidLat":55.01014,"centroidLong":-1.61929},"geometry":{"type":"Polygon","coordinates":[[[-1.55,55.025],[-1.594,54.998],[-1.599,54.979],[-1.68,55.01],[-1.666,55.038],[-1.63,55.041],[-1.55,55.025]]]}},{"type":"Feature","properties":{"code":"E14001380","name":"Newcastle-under-Lyme","centroidLat":53.02922,"centroidLong":-2.29326},"geometry":{"type":"Polygon","coordinates":[[[-2.282,53.08],[-2.266,53.054],[-2.228,53.064],[-2.203,53.02],[-2.218,53.004],[-2.204,52.981],[-2.304,52.994],[-2.324,52.978],[-2.371,52.977],[-2.381,53.052],[-2.348,53.056],[-2.318,53.081],[-2.282,53.08]]]}},{"type":"Feature","properties":{"code":"W07000104","name":"Newport East","centroidLat":51.58231,"centroidLong":-2.89769},"geometry":{"type":"MultiPolygon","coordinates":[[[[-3.051,51.616],[-2.944,51.618],[-2.936,51.615],[-2.95,51.616],[-2.957,51.602],[-2.97,51.61],[-2.993,51.61],[-3.004,51.598],[-2.991,51.602],[-2.994,51.589],[-2.976,51.577],[-2.985,51.574],[-2.987,51.568],[-2.969,51.557],[-2.988,51.549],[-3.007,51.561],[-2.998,51.594],[-3.032,51.594],[-3.051,51.616]]],[[[-2.822,51.554],[-2.905,51.532],[-2.96,51.536],[-2.982,51.545],[-2.961,51.552],[-2.984,51.569],[-2.969,51.578],[-2.993,51.59],[-2.988,51.597],[-2.992,51.608],[-2.958,51.601],[-2.837,51.649],[-2.803,51.616],[-2.83,51.615],[-2.859,51.579],[-2.822,51.554]]]]}},{"type":"Feature","properties":{"code":"W07000105","name":"Newport West and Islwyn","centroidLat":51.64048,"centroidLong":-3.10649},"geometry":{"type":"Polygon","coordinates":[[[-3.116,51.691],[-3.072,51.674],[-3.075,51.652],[-3.102,51.631],[-3.029,51.593],[-2.998,51.594],[-3.009,51.576],[-2.995,51.536],[-3.082,51.501],[-3.09,51.51],[-3.069,51.52],[-3.119,51.545],[-3.09,51.569],[-3.122,51.58],[-3.111,51.604],[-3.167,51.64],[-3.17,51.662],[-3.215,51.665],[-3.22,51.745],[-3.147,51.71],[-3.128,51.694],[-3.138,51.682],[-3.116,51.691]]]}},{"type":"Feature","properties":{"code":"N05000011","name":"Newry and Armagh","centroidLat":54.22311,"centroidLong":-6.58642},"geometry":{"type":"Polygon","coordinates":[[[-6.386,54.372],[-6.361,54.313],[-6.387,54.303],[-6.376,54.29],[-6.394,54.273],[-6.361,54.263],[-6.374,54.247],[-6.348,54.195],[-6.31,54.186],[-6.321,54.174],[-6.312,54.161],[-6.33,54.155],[-6.291,54.113],[-6.318,54.091],[-6.366,54.114],[-6.364,54.073],[-6.391,54.059],[-6.444,54.056],[-6.478,54.077],[-6.471,54.066],[-6.511,54.053],[-6.587,54.058],[-6.624,54.036],[-6.669,54.073],[-6.645,54.096],[-6.661,54.123],[-6.63,54.153],[-6.644,54.18],[-6.692,54.2],[-6.741,54.182],[-6.816,54.223],[-6.828,54.261],[-6.878,54.279],[-6.851,54.292],[-6.866,54.328],[-6.832,54.347],[-6.777,54.355],[-6.729,54.341],[-6.685,54.351],[-6.67,54.372],[-6.646,54.366],[-6.607,54.396],[-6.491,54.403],[-6.449,54.375],[-6.386,54.372]]]}},{"type":"Feature","properties":{"code":"E14001381","name":"Newton Abbot","centroidLat":50.55837,"centroidLong":-3.56936},"geometry":{"type":"Polygon","coordinates":[[[-3.45,50.632],[-3.444,50.601],[-3.423,50.613],[-3.498,50.542],[-3.51,50.547],[-3.56,50.545],[-3.591,50.539],[-3.59,50.535],[-3.597,50.534],[-3.599,50.535],[-3.603,50.536],[-3.602,50.538],[-3.603,50.54],[-3.606,50.541],[-3.603,50.536],[-3.599,50.535],[-3.601,50.535],[-3.597,50.533],[-3.59,50.534],[-3.593,50.529],[-3.496,50.538],[-3.565,50.487],[-3.67,50.462],[-3.728,50.498],[-3.679,50.494],[-3.723,50.521],[-3.66,50.535],[-3.66,50.559],[-3.614,50.592],[-3.551,50.6],[-3.551,50.622],[-3.509,50.655],[-3.45,50.632]],[[-3.593,50.535],[-3.593,50.535],[-3.593,50.535],[-3.593,50.535]],[[-3.594,50.535],[-3.594,50.535],[-3.593,50.535],[-3.594,50.535]],[[-3.593,50.535],[-3.594,50.535],[-3.594,50.535],[-3.593,50.535]],[[-3.592,50.535],[-3.593,50.535],[-3.593,50.535],[-3.592,50.535]],[[-3.602,50.535],[-3.602,50.535],[-3.601,50.535],[-3.602,50.535]],[[-3.608,50.54],[-3.608,50.538],[-3.608,50.539],[-3.608,50.54]],[[-3.6,50.534],[-3.6,50.534],[-3.598,50.534],[-3.6,50.534]],[[-3.6,50.534],[-3.602,50.534],[-3.603,50.533],[-3.604,50.532],[-3.606,50.532],[-3.604,50.532],[-3.6,50.534]],[[-3.593,50.529],[-3.593,50.529],[-3.593,50.529],[-3.593,50.529]],[[-3.595,50.525],[-3.595,50.524],[-3.593,50.529],[-3.595,50.525]]]}},{"type":"Feature","properties":{"code":"E14001382","name":"Newton Aycliffe and Spennymoor","centroidLat":54.67208,"centroidLong":-1.50481},"geometry":{"type":"Polygon","coordinates":[[[-1.457,54.747],[-1.463,54.734],[-1.395,54.719],[-1.39,54.683],[-1.331,54.682],[-1.348,54.662],[-1.341,54.65],[-1.384,54.646],[-1.413,54.617],[-1.451,54.611],[-1.443,54.591],[-1.485,54.6],[-1.583,54.581],[-1.584,54.61],[-1.606,54.603],[-1.619,54.62],[-1.603,54.678],[-1.636,54.677],[-1.678,54.704],[-1.595,54.73],[-1.582,54.75],[-1.537,54.737],[-1.494,54.756],[-1.457,54.747]]]}},{"type":"Feature","properties":{"code":"E14001383","name":"Normanton and Hemsworth","centroidLat":53.64313,"centroidLong":-1.36326},"geometry":{"type":"Polygon","coordinates":[[[-1.255,53.649],[-1.228,53.617],[-1.308,53.575],[-1.351,53.581],[-1.377,53.606],[-1.448,53.613],[-1.497,53.597],[-1.49,53.618],[-1.512,53.624],[-1.472,53.644],[-1.476,53.667],[-1.449,53.689],[-1.454,53.702],[-1.414,53.711],[-1.352,53.704],[-1.352,53.685],[-1.285,53.646],[-1.255,53.649]]]}},{"type":"Feature","properties":{"code":"N05000012","name":"North Antrim","centroidLat":55.12291,"centroidLong":-6.31723},"geometry":{"type":"MultiPolygon","coordinates":[[[[-6.048,55.092],[-6.148,55.057],[-6.166,55.031],[-6.283,55.004],[-6.324,55.01],[-6.314,54.968],[-6.263,54.944],[-6.262,54.923],[-6.216,54.933],[-6.195,54.889],[-6.25,54.871],[-6.251,54.852],[-6.274,54.843],[-6.261,54.811],[-6.197,54.803],[-6.235,54.788],[-6.345,54.801],[-6.385,54.779],[-6.477,54.781],[-6.457,54.825],[-6.506,54.908],[-6.499,54.918],[-6.545,54.959],[-6.546,54.98],[-6.57,54.985],[-6.58,55.058],[-6.608,55.079],[-6.572,55.106],[-6.568,55.135],[-6.518,55.143],[-6.536,55.22],[-6.484,55.252],[-6.409,55.232],[-6.333,55.24],[-6.236,55.203],[-6.146,55.228],[-6.062,55.199],[-6.026,55.158],[-6.048,55.092]]],[[[-6.24,55.312],[-6.17,55.302],[-6.181,55.267],[-6.2,55.267],[-6.193,55.293],[-6.287,55.294],[-6.24,55.312]]]]}},{"type":"Feature","properties":{"code":"S14000048","name":"North Ayrshire and Arran","centroidLat":55.57807,"centroidLong":-5.23906},"geometry":{"type":"MultiPolygon","coordinates":[[[[-5.237,55.715],[-5.161,55.679],[-5.139,55.644],[-5.129,55.607],[-5.16,55.584],[-5.083,55.553],[-5.129,55.528],[-5.079,55.51],[-5.095,55.489],[-5.079,55.465],[-5.103,55.443],[-5.251,55.439],[-5.313,55.465],[-5.327,55.498],[-5.355,55.507],[-5.338,55.55],[-5.397,55.615],[-5.378,55.66],[-5.316,55.706],[-5.302,55.708],[-5.287,55.702],[-5.283,55.704],[-5.288,55.718],[-5.237,55.715]],[[-5.152,55.579],[-5.152,55.579],[-5.154,55.578],[-5.152,55.579]]],[[[-4.696,55.606],[-4.822,55.638],[-4.815,55.648],[-4.862,55.684],[-4.905,55.699],[-4.903,55.722],[-4.885,55.729],[-4.895,55.737],[-4.873,55.73],[-4.876,55.749],[-4.856,55.758],[-4.888,55.818],[-4.89,55.874],[-4.8,55.893],[-4.794,55.872],[-4.751,55.85],[-4.784,55.84],[-4.722,55.821],[-4.72,55.805],[-4.686,55.804],[-4.661,55.76],[-4.572,55.783],[-4.53,55.745],[-4.611,55.677],[-4.695,55.654],[-4.686,55.642],[-4.715,55.635],[-4.696,55.606]],[[-4.756,55.632],[-4.756,55.632],[-4.756,55.632],[-4.756,55.632]],[[-4.755,55.633],[-4.755,55.634],[-4.756,55.632],[-4.755,55.633]]],[[[-4.902,55.793],[-4.908,55.748],[-4.947,55.743],[-4.926,55.787],[-4.902,55.793]]]]}},{"type":"Feature","properties":{"code":"E14001384","name":"North Bedfordshire","centroidLat":52.18135,"centroidLong":-0.44831},"geometry":{"type":"Polygon","coordinates":[[[-0.287,52.235],[-0.294,52.208],[-0.262,52.21],[-0.241,52.19],[-0.261,52.176],[-0.217,52.159],[-0.235,52.145],[-0.144,52.138],[-0.15,52.089],[-0.219,52.037],[-0.274,52.07],[-0.316,52.04],[-0.373,52.051],[-0.449,52.112],[-0.409,52.129],[-0.41,52.156],[-0.456,52.168],[-0.522,52.116],[-0.502,52.106],[-0.511,52.097],[-0.555,52.111],[-0.589,52.097],[-0.607,52.134],[-0.635,52.139],[-0.627,52.182],[-0.669,52.198],[-0.637,52.227],[-0.654,52.268],[-0.603,52.279],[-0.566,52.253],[-0.542,52.256],[-0.531,52.27],[-0.542,52.29],[-0.507,52.32],[-0.461,52.322],[-0.436,52.314],[-0.422,52.285],[-0.375,52.28],[-0.374,52.233],[-0.287,52.235]]]}},{"type":"Feature","properties":{"code":"E14001385","name":"North Cornwall","centroidLat":50.57895,"centroidLong":-4.65643},"geometry":{"type":"Polygon","coordinates":[[[-5.041,50.448],[-5.047,50.498],[-5.024,50.509],[-5.023,50.533],[-5.037,50.55],[-4.984,50.542],[-4.95,50.569],[-4.934,50.547],[-4.942,50.521],[-4.937,50.512],[-4.925,50.531],[-4.896,50.52],[-4.856,50.529],[-4.841,50.513],[-4.803,50.493],[-4.85,50.534],[-4.9,50.531],[-4.926,50.545],[-4.931,50.565],[-4.916,50.576],[-4.935,50.587],[-4.796,50.598],[-4.77,50.622],[-4.764,50.67],[-4.68,50.696],[-4.655,50.716],[-4.654,50.74],[-4.562,50.781],[-4.559,50.829],[-4.557,50.831],[-4.55,50.829],[-4.547,50.83],[-4.57,50.904],[-4.544,50.929],[-4.456,50.929],[-4.463,50.913],[-4.421,50.866],[-4.442,50.847],[-4.447,50.808],[-4.494,50.793],[-4.424,50.765],[-4.381,50.771],[-4.385,50.748],[-4.362,50.719],[-4.369,50.702],[-4.349,50.69],[-4.334,50.641],[-4.3,50.634],[-4.308,50.579],[-4.271,50.582],[-4.28,50.569],[-4.259,50.55],[-4.271,50.517],[-4.295,50.513],[-4.353,50.535],[-4.364,50.556],[-4.351,50.569],[-4.397,50.575],[-4.394,50.555],[-4.423,50.542],[-4.48,50.541],[-4.505,50.559],[-4.534,50.543],[-4.566,50.56],[-4.611,50.535],[-4.612,50.475],[-4.636,50.443],[-4.66,50.451],[-4.747,50.422],[-4.809,50.443],[-4.837,50.418],[-4.843,50.437],[-4.909,50.403],[-4.968,50.4],[-5.008,50.443],[-5.041,50.448]],[[-4.811,50.508],[-4.812,50.508],[-4.812,50.508],[-4.811,50.508]],[[-4.811,50.508],[-4.81,50.508],[-4.81,50.508],[-4.808,50.508],[-4.81,50.508],[-4.81,50.508],[-4.811,50.508],[-4.811,50.508]],[[-4.808,50.508],[-4.809,50.509],[-4.808,50.508],[-4.808,50.508]],[[-4.806,50.51],[-4.807,50.509],[-4.806,50.51],[-4.806,50.51]],[[-4.806,50.51],[-4.805,50.511],[-4.806,50.51],[-4.806,50.51]]]}},{"type":"Feature","properties":{"code":"E14001386","name":"North Cotswolds","centroidLat":51.82534,"centroidLong":-1.98893},"geometry":{"type":"Polygon","coordinates":[[[-1.666,51.987],[-1.663,51.964],[-1.615,51.938],[-1.646,51.922],[-1.633,51.899],[-1.659,51.897],[-1.687,51.865],[-1.678,51.813],[-1.719,51.783],[-1.687,51.74],[-1.705,51.713],[-1.747,51.712],[-1.768,51.736],[-1.823,51.719],[-1.836,51.741],[-1.907,51.767],[-1.933,51.763],[-1.944,51.726],[-1.989,51.739],[-2.007,51.723],[-2.037,51.739],[-2.056,51.734],[-2.052,51.7],[-2.124,51.706],[-2.187,51.688],[-2.211,51.696],[-2.211,51.72],[-2.128,51.725],[-2.187,51.738],[-2.235,51.772],[-2.261,51.754],[-2.29,51.756],[-2.355,51.792],[-2.351,51.846],[-2.306,51.846],[-2.299,51.825],[-2.263,51.808],[-2.249,51.825],[-2.213,51.827],[-2.177,51.856],[-2.196,51.866],[-2.192,51.896],[-2.205,51.897],[-2.171,51.9],[-2.166,51.917],[-2.141,51.91],[-2.142,51.885],[-2.048,51.858],[-2.025,51.864],[-1.994,51.915],[-1.929,51.905],[-1.912,51.888],[-1.854,51.893],[-1.881,51.897],[-1.868,51.908],[-1.923,51.935],[-1.932,51.957],[-1.875,51.965],[-1.868,51.981],[-1.883,51.984],[-1.865,51.995],[-1.802,51.997],[-1.839,52.007],[-1.825,52.031],[-1.874,52.07],[-1.813,52.079],[-1.771,52.112],[-1.746,52.093],[-1.729,52.1],[-1.731,52.073],[-1.702,52.073],[-1.694,52.04],[-1.618,52.033],[-1.666,51.987]]]}},{"type":"Feature","properties":{"code":"E14001387","name":"North Devon","centroidLat":51.07622,"centroidLong":-3.92689},"geometry":{"type":"Polygon","coordinates":[[[-3.722,51.232],[-3.733,51.223],[-3.725,51.18],[-3.839,51.177],[-3.834,51.138],[-3.72,51.081],[-3.594,51.055],[-3.615,51.016],[-3.6,50.992],[-3.629,51.006],[-3.596,50.945],[-3.627,50.92],[-3.728,50.911],[-3.756,50.876],[-3.783,50.902],[-3.817,50.902],[-3.817,50.915],[-3.903,50.903],[-3.904,50.927],[-3.997,50.926],[-3.994,50.948],[-3.961,50.956],[-3.953,50.977],[-4.019,50.969],[-4.036,50.981],[-4.034,51.008],[-4.198,51.021],[-4.199,51.029],[-4.198,51.034],[-4.18,51.049],[-4.18,51.068],[-4.153,51.08],[-4.123,51.079],[-4.123,51.077],[-4.119,51.074],[-4.114,51.073],[-4.114,51.073],[-4.113,51.073],[-4.112,51.073],[-4.118,51.09],[-4.115,51.09],[-4.113,51.09],[-4.106,51.083],[-4.092,51.082],[-4.077,51.077],[-4.066,51.079],[-4.057,51.075],[-4.058,51.058],[-4.051,51.054],[-4.053,51.052],[-4.052,51.052],[-4.051,51.045],[-4.049,51.044],[-4.051,51.052],[-4.052,51.053],[-4.051,51.053],[-4.051,51.054],[-4.056,51.058],[-4.055,51.074],[-4.06,51.078],[-4.067,51.081],[-4.049,51.087],[-4.119,51.095],[-4.164,51.084],[-4.163,51.101],[-4.19,51.066],[-4.219,51.078],[-4.222,51.118],[-4.262,51.143],[-4.22,51.147],[-4.21,51.173],[-4.231,51.188],[-4.201,51.201],[-3.814,51.231],[-3.785,51.246],[-3.722,51.232]],[[-4.199,51.028],[-4.199,51.027],[-4.199,51.028],[-4.199,51.028]],[[-4.154,51.073],[-4.154,51.073],[-4.154,51.073],[-4.154,51.073]],[[-4.112,51.073],[-4.111,51.073],[-4.112,51.073],[-4.112,51.073]],[[-4.118,51.089],[-4.117,51.089],[-4.118,51.09],[-4.118,51.089]],[[-4.117,51.089],[-4.116,51.088],[-4.117,51.089],[-4.117,51.089]],[[-4.114,51.09],[-4.114,51.09],[-4.114,51.09],[-4.114,51.09]],[[-4.113,51.088],[-4.113,51.088],[-4.113,51.088],[-4.113,51.088]],[[-4.112,51.087],[-4.112,51.087],[-4.112,51.086],[-4.112,51.087]],[[-4.106,51.083],[-4.106,51.083],[-4.106,51.083],[-4.106,51.083]],[[-4.106,51.083],[-4.106,51.082],[-4.105,51.083],[-4.104,51.082],[-4.103,51.081],[-4.104,51.082],[-4.105,51.083],[-4.105,51.083],[-4.106,51.083]],[[-4.104,51.082],[-4.103,51.082],[-4.104,51.082],[-4.104,51.082]],[[-4.103,51.082],[-4.102,51.082],[-4.103,51.082],[-4.103,51.082]],[[-4.102,51.082],[-4.101,51.082],[-4.102,51.082],[-4.102,51.082]],[[-4.101,51.082],[-4.101,51.082],[-4.101,51.082],[-4.101,51.082]],[[-4.092,51.082],[-4.093,51.082],[-4.092,51.082],[-4.092,51.082]],[[-4.051,51.053],[-4.05,51.053],[-4.051,51.053],[-4.051,51.053]],[[-4.05,51.053],[-4.049,51.053],[-4.047,51.053],[-4.049,51.053],[-4.05,51.054],[-4.05,51.053]]]}},{"type":"Feature","properties":{"code":"E14001388","name":"North Dorset","centroidLat":50.89615,"centroidLong":-2.12207},"geometry":{"type":"Polygon","coordinates":[[[-2.245,51.072],[-2.173,51.001],[-2.12,50.978],[-2.102,50.945],[-1.963,50.992],[-1.874,50.917],[-1.811,50.928],[-1.817,50.904],[-1.849,50.89],[-1.855,50.854],[-1.895,50.879],[-1.914,50.863],[-1.979,50.882],[-2.018,50.848],[-2.163,50.802],[-2.135,50.781],[-2.141,50.771],[-2.258,50.778],[-2.261,50.755],[-2.3,50.73],[-2.326,50.739],[-2.34,50.722],[-2.34,50.718],[-2.328,50.721],[-2.327,50.718],[-2.381,50.711],[-2.386,50.743],[-2.421,50.755],[-2.369,50.764],[-2.368,50.786],[-2.306,50.763],[-2.294,50.774],[-2.317,50.799],[-2.291,50.823],[-2.331,50.851],[-2.399,50.837],[-2.396,50.862],[-2.436,50.868],[-2.4,50.908],[-2.447,50.934],[-2.424,50.959],[-2.344,50.979],[-2.382,51.002],[-2.33,51.041],[-2.344,51.074],[-2.245,51.072]]]}},{"type":"Feature","properties":{"code":"N05000013","name":"North Down","centroidLat":54.63399,"centroidLong":-5.69111},"geometry":{"type":"Polygon","coordinates":[[[-5.522,54.601],[-5.585,54.595],[-5.607,54.61],[-5.597,54.623],[-5.621,54.629],[-5.659,54.615],[-5.727,54.628],[-5.856,54.601],[-5.864,54.618],[-5.847,54.64],[-5.741,54.678],[-5.673,54.663],[-5.597,54.679],[-5.53,54.645],[-5.522,54.601]]]}},{"type":"Feature","properties":{"code":"E14001389","name":"North Durham","centroidLat":54.83986,"centroidLong":-1.64456},"geometry":{"type":"Polygon","coordinates":[[[-1.675,54.909],[-1.651,54.879],[-1.594,54.902],[-1.58,54.878],[-1.52,54.876],[-1.541,54.865],[-1.513,54.875],[-1.504,54.837],[-1.623,54.811],[-1.664,54.825],[-1.655,54.807],[-1.738,54.791],[-1.779,54.799],[-1.796,54.789],[-1.791,54.801],[-1.831,54.804],[-1.881,54.778],[-1.945,54.797],[-1.975,54.771],[-2.032,54.8],[-2.014,54.829],[-1.952,54.854],[-1.923,54.85],[-1.915,54.834],[-1.882,54.847],[-1.809,54.828],[-1.744,54.888],[-1.675,54.909]]]}},{"type":"Feature","properties":{"code":"E14001390","name":"North East Cambridgeshire","centroidLat":52.53545,"centroidLong":0.008927},"geometry":{"type":"MultiPolygon","coordinates":[[[[0.185,52.678],[0.17,52.65],[0.219,52.622],[0.192,52.602],[0.218,52.572],[0.206,52.566],[0.217,52.56],[0.206,52.534],[0.231,52.528],[0.206,52.52],[0.236,52.507],[0.124,52.421],[0.126,52.438],[0.044,52.418],[0.056,52.398],[0.034,52.386],[0.019,52.414],[0.034,52.429],[-0.039,52.473],[-0.048,52.511],[-0.07,52.517],[-0.114,52.489],[-0.198,52.551],[-0.187,52.569],[-0.166,52.57],[0.062,52.606],[0.13,52.642],[0.158,52.665],[0.16,52.667],[0.159,52.67],[0.153,52.676],[0.154,52.682],[0.185,52.678]]],[[[0.171,52.738],[0.156,52.708],[0.152,52.676],[0.159,52.667],[0.131,52.643],[0.061,52.607],[-0.016,52.598],[-0.031,52.662],[0.049,52.681],[0.044,52.714],[0.064,52.727],[0.171,52.738]]]]}},{"type":"Feature","properties":{"code":"E14001391","name":"North East Derbyshire","centroidLat":53.18911,"centroidLong":-1.44219},"geometry":{"type":"Polygon","coordinates":[[[-1.338,53.316],[-1.299,53.333],[-1.282,53.309],[-1.322,53.309],[-1.303,53.263],[-1.411,53.267],[-1.423,53.283],[-1.457,53.284],[-1.481,53.263],[-1.48,53.222],[-1.421,53.212],[-1.396,53.223],[-1.359,53.184],[-1.394,53.171],[-1.401,53.152],[-1.454,53.163],[-1.47,53.12],[-1.548,53.182],[-1.548,53.2],[-1.516,53.203],[-1.569,53.223],[-1.572,53.241],[-1.557,53.25],[-1.585,53.263],[-1.579,53.287],[-1.599,53.302],[-1.587,53.321],[-1.537,53.305],[-1.411,53.342],[-1.387,53.335],[-1.387,53.318],[-1.338,53.316]]]}},{"type":"Feature","properties":{"code":"S14000100","name":"North East Fife","centroidLat":56.31724,"centroidLong":-2.98891},"geometry":{"type":"Polygon","coordinates":[[[-2.996,56.192],[-3.09,56.193],[-3.067,56.229],[-3.089,56.234],[-3.178,56.222],[-3.367,56.24],[-3.353,56.255],[-3.384,56.269],[-3.294,56.289],[-3.301,56.314],[-3.256,56.34],[-3.276,56.351],[-2.891,56.453],[-2.808,56.442],[-2.81,56.393],[-2.839,56.371],[-2.901,56.373],[-2.89,56.358],[-2.912,56.354],[-2.926,56.341],[-2.888,56.356],[-2.887,56.362],[-2.839,56.353],[-2.82,56.368],[-2.806,56.344],[-2.78,56.339],[-2.784,56.34],[-2.787,56.335],[-2.792,56.336],[-2.79,56.335],[-2.661,56.318],[-2.585,56.279],[-2.688,56.222],[-2.813,56.183],[-2.943,56.214],[-2.996,56.192]],[[-2.81,56.407],[-2.811,56.407],[-2.81,56.406],[-2.81,56.407]],[[-2.811,56.408],[-2.812,56.408],[-2.811,56.407],[-2.811,56.408]],[[-2.908,56.369],[-2.908,56.369],[-2.908,56.369],[-2.908,56.369]],[[-2.908,56.369],[-2.908,56.369],[-2.908,56.369],[-2.908,56.369]],[[-2.926,56.341],[-2.926,56.341],[-2.926,56.341],[-2.926,56.341]],[[-2.926,56.341],[-2.926,56.341],[-2.926,56.341],[-2.926,56.341]],[[-2.874,56.198],[-2.871,56.198],[-2.874,56.198],[-2.874,56.198]],[[-2.871,56.198],[-2.871,56.197],[-2.87,56.197],[-2.871,56.198],[-2.871,56.198]],[[-2.869,56.197],[-2.869,56.197],[-2.87,56.197],[-2.869,56.197]],[[-2.869,56.197],[-2.869,56.197],[-2.869,56.197],[-2.869,56.197]],[[-2.869,56.197],[-2.868,56.197],[-2.869,56.197],[-2.869,56.197]],[[-2.868,56.198],[-2.867,56.198],[-2.868,56.197],[-2.868,56.198]],[[-2.867,56.198],[-2.867,56.198],[-2.867,56.198],[-2.867,56.198]],[[-2.868,56.198],[-2.868,56.198],[-2.867,56.198],[-2.868,56.198]],[[-2.907,56.21],[-2.909,56.211],[-2.907,56.21],[-2.907,56.21]],[[-2.909,56.369],[-2.909,56.369],[-2.908,56.369],[-2.909,56.369]],[[-2.909,56.369],[-2.91,56.368],[-2.909,56.369],[-2.909,56.369]],[[-2.91,56.367],[-2.911,56.367],[-2.91,56.368],[-2.91,56.367]]]}},{"type":"Feature","properties":{"code":"E14001392","name":"North East Hampshire","centroidLat":51.27964,"centroidLong":-0.95479},"geometry":{"type":"Polygon","coordinates":[[[-1.05,51.358],[-0.831,51.348],[-0.836,51.3],[-0.797,51.302],[-0.79,51.282],[-0.808,51.275],[-0.805,51.245],[-0.849,51.211],[-0.974,51.186],[-1.071,51.188],[-1.068,51.225],[-1.112,51.232],[-1.065,51.258],[-1.042,51.302],[-1.071,51.298],[-1.074,51.32],[-1.098,51.322],[-1.09,51.337],[-1.11,51.344],[-1.115,51.374],[-1.087,51.384],[-1.05,51.358]]]}},{"type":"Feature","properties":{"code":"E14001393","name":"North East Hertfordshire","centroidLat":51.93223,"centroidLong":-0.06643},"geometry":{"type":"Polygon","coordinates":[[[0.04,52.053],[0.069,51.983],[0.096,51.984],[0.117,51.952],[0.122,51.865],[0.058,51.874],[0.015,51.83],[-0.093,51.822],[-0.118,51.804],[-0.086,51.779],[-0.096,51.75],[-0.086,51.748],[-0.138,51.737],[-0.141,51.774],[-0.167,51.793],[-0.148,51.799],[-0.184,51.815],[-0.122,51.863],[-0.143,51.884],[-0.137,51.902],[-0.188,51.953],[-0.232,51.949],[-0.26,51.98],[-0.201,52.01],[-0.219,52.037],[-0.158,52.08],[-0.155,52.053],[-0.134,52.046],[-0.127,52.021],[-0.02,52.064],[0.04,52.053]]]}},{"type":"Feature","properties":{"code":"E14001394","name":"North East Somerset and Hanham","centroidLat":51.37554,"centroidLong":-2.54176},"geometry":{"type":"Polygon","coordinates":[[[-2.403,51.432],[-2.444,51.422],[-2.451,51.403],[-2.406,51.388],[-2.422,51.361],[-2.452,51.367],[-2.445,51.378],[-2.524,51.362],[-2.465,51.344],[-2.471,51.315],[-2.459,51.305],[-2.497,51.291],[-2.558,51.303],[-2.627,51.283],[-2.708,51.338],[-2.691,51.35],[-2.694,51.38],[-2.669,51.361],[-2.677,51.342],[-2.655,51.343],[-2.644,51.375],[-2.536,51.411],[-2.528,51.434],[-2.526,51.435],[-2.524,51.433],[-2.522,51.431],[-2.51,51.429],[-2.539,51.446],[-2.487,51.453],[-2.486,51.467],[-2.403,51.432]]]}},{"type":"Feature","properties":{"code":"E14001395","name":"North Herefordshire","centroidLat":52.15814,"centroidLong":-2.74996},"geometry":{"type":"Polygon","coordinates":[[[-2.618,52.307],[-2.663,52.304],[-2.598,52.282],[-2.628,52.261],[-2.629,52.24],[-2.496,52.257],[-2.504,52.275],[-2.483,52.284],[-2.434,52.276],[-2.475,52.241],[-2.384,52.225],[-2.404,52.221],[-2.393,52.209],[-2.435,52.168],[-2.415,52.145],[-2.359,52.152],[-2.345,52.133],[-2.356,52.127],[-2.338,52.09],[-2.351,52.021],[-2.413,51.994],[-2.465,52.024],[-2.491,52.01],[-2.471,51.995],[-2.501,51.961],[-2.466,51.952],[-2.466,51.937],[-2.595,51.921],[-2.609,51.937],[-2.592,51.963],[-2.653,51.946],[-2.656,51.967],[-2.601,51.99],[-2.634,51.992],[-2.62,52.003],[-2.638,52.013],[-2.632,52.029],[-2.656,52.021],[-2.668,52.032],[-2.658,52.04],[-2.714,52.075],[-2.769,52.078],[-2.738,52.049],[-2.753,52.045],[-2.8,52.051],[-2.811,52.082],[-2.877,52.112],[-2.896,52.109],[-2.914,52.078],[-2.967,52.089],[-2.987,52.116],[-3.041,52.104],[-3.142,52.128],[-3.073,52.156],[-3.122,52.163],[-3.095,52.184],[-3.102,52.203],[-3.072,52.213],[-3.073,52.236],[-3.044,52.238],[-3.036,52.257],[-2.95,52.269],[-3.012,52.277],[-3.012,52.288],[-2.997,52.325],[-2.967,52.329],[-2.926,52.367],[-2.901,52.367],[-2.922,52.375],[-2.918,52.386],[-2.893,52.374],[-2.855,52.395],[-2.805,52.388],[-2.792,52.357],[-2.733,52.356],[-2.748,52.335],[-2.767,52.336],[-2.714,52.309],[-2.68,52.312],[-2.689,52.317],[-2.665,52.342],[-2.618,52.307]]]}},{"type":"Feature","properties":{"code":"E14001396","name":"North Norfolk","centroidLat":52.82891,"centroidLong":1.315234},"geometry":{"type":"Polygon","coordinates":[[[0.882,52.959],[0.883,52.957],[0.882,52.959],[0.885,52.96],[0.888,52.959],[0.893,52.957],[0.893,52.961],[0.905,52.962],[0.908,52.962],[0.908,52.959],[0.906,52.957],[0.907,52.958],[0.907,52.957],[0.909,52.957],[0.907,52.958],[0.911,52.958],[0.908,52.96],[0.909,52.962],[0.911,52.963],[0.919,52.962],[0.917,52.962],[0.915,52.962],[0.917,52.96],[0.917,52.961],[0.915,52.961],[0.917,52.96],[0.915,52.96],[0.913,52.959],[0.912,52.958],[0.912,52.957],[0.915,52.96],[0.917,52.96],[0.919,52.959],[0.918,52.959],[0.919,52.959],[0.919,52.959],[0.916,52.962],[0.917,52.962],[0.919,52.962],[0.933,52.957],[0.945,52.964],[0.946,52.961],[0.944,52.96],[0.944,52.96],[0.954,52.96],[0.958,52.957],[0.97,52.959],[0.965,52.96],[0.967,52.962],[0.975,52.963],[1.01,52.959],[1.013,52.957],[1.011,52.955],[1.018,52.956],[1.018,52.965],[1.031,52.967],[1.047,52.959],[1.043,52.962],[1.046,52.965],[1.032,52.968],[1.029,52.967],[1.025,52.967],[1.012,52.971],[1.014,52.973],[1.001,52.971],[1.001,52.974],[1.001,52.971],[0.997,52.97],[0.998,52.971],[0.997,52.971],[0.998,52.972],[0.999,52.972],[1.0,52.973],[0.996,52.972],[0.996,52.975],[0.997,52.976],[0.996,52.976],[0.996,52.973],[0.994,52.975],[0.995,52.972],[0.983,52.971],[0.971,52.977],[0.957,52.97],[0.975,52.98],[1.301,52.933],[1.432,52.882],[1.675,52.743],[1.571,52.702],[1.535,52.708],[1.549,52.7],[1.545,52.68],[1.526,52.683],[1.513,52.689],[1.515,52.69],[1.515,52.697],[1.505,52.705],[1.502,52.706],[1.498,52.704],[1.496,52.706],[1.508,52.716],[1.509,52.728],[1.499,52.735],[1.509,52.728],[1.508,52.716],[1.495,52.707],[1.496,52.705],[1.498,52.704],[1.505,52.705],[1.515,52.697],[1.514,52.69],[1.474,52.689],[1.461,52.706],[1.419,52.692],[1.406,52.733],[1.357,52.746],[1.315,52.78],[1.308,52.807],[1.274,52.819],[1.214,52.83],[1.193,52.815],[1.173,52.831],[1.145,52.824],[1.15,52.812],[1.085,52.84],[1.017,52.834],[1.003,52.86],[0.942,52.85],[0.914,52.899],[0.885,52.914],[0.788,52.908],[0.782,52.978],[0.845,52.978],[0.851,52.958],[0.882,52.959]],[[0.884,52.958],[0.883,52.958],[0.883,52.958],[0.884,52.958]],[[0.884,52.958],[0.885,52.957],[0.884,52.958],[0.884,52.958],[0.884,52.958],[0.884,52.958]],[[0.885,52.957],[0.885,52.957],[0.885,52.957],[0.885,52.957]],[[0.885,52.957],[0.885,52.958],[0.885,52.957],[0.885,52.957]],[[0.885,52.959],[0.885,52.959],[0.886,52.959],[0.885,52.959]],[[0.885,52.959],[0.885,52.959],[0.885,52.959],[0.885,52.959]],[[0.884,52.959],[0.884,52.959],[0.885,52.959],[0.884,52.959]],[[0.887,52.959],[0.887,52.959],[0.887,52.959],[0.887,52.959]],[[0.887,52.959],[0.886,52.958],[0.887,52.958],[0.887,52.959],[0.887,52.959]],[[0.887,52.957],[0.887,52.957],[0.887,52.958],[0.887,52.957]],[[0.887,52.957],[0.887,52.957],[0.888,52.957],[0.887,52.957]],[[0.886,52.957],[0.886,52.957],[0.886,52.957],[0.886,52.957]],[[0.888,52.957],[0.888,52.957],[0.888,52.957],[0.888,52.957]],[[0.888,52.957],[0.888,52.957],[0.888,52.957],[0.888,52.957]],[[0.89,52.957],[0.89,52.957],[0.89,52.957],[0.89,52.957]],[[0.898,52.959],[0.898,52.959],[0.898,52.959],[0.898,52.959]],[[0.897,52.958],[0.896,52.957],[0.897,52.957],[0.897,52.957],[0.899,52.957],[0.899,52.957],[0.897,52.958]],[[0.901,52.96],[0.901,52.96],[0.902,52.96],[0.901,52.96]],[[0.901,52.96],[0.901,52.959],[0.901,52.96],[0.901,52.96]],[[0.904,52.96],[0.904,52.96],[0.904,52.96],[0.904,52.96]],[[0.905,52.96],[0.903,52.959],[0.903,52.959],[0.905,52.96]],[[0.902,52.958],[0.902,52.958],[0.903,52.959],[0.902,52.958]],[[0.902,52.958],[0.902,52.958],[0.902,52.958],[0.902,52.958],[0.902,52.958]],[[0.901,52.958],[0.901,52.958],[0.902,52.958],[0.901,52.958]],[[0.9,52.958],[0.901,52.958],[0.901,52.958],[0.9,52.958]],[[0.902,52.958],[0.902,52.958],[0.902,52.958],[0.902,52.958]],[[0.902,52.957],[0.902,52.957],[0.902,52.958],[0.902,52.957]],[[0.902,52.957],[0.901,52.957],[0.902,52.957],[0.902,52.957]],[[0.901,52.957],[0.9,52.958],[0.901,52.957],[0.901,52.957]],[[0.902,52.958],[0.902,52.958],[0.902,52.958],[0.902,52.958]],[[0.904,52.958],[0.902,52.957],[0.904,52.957],[0.904,52.958]],[[0.906,52.959],[0.907,52.959],[0.907,52.959],[0.906,52.959]],[[0.906,52.959],[0.907,52.959],[0.907,52.959],[0.906,52.959]],[[0.905,52.959],[0.904,52.958],[0.906,52.959],[0.905,52.959]],[[0.905,52.959],[0.904,52.959],[0.905,52.959],[0.905,52.959]],[[0.905,52.957],[0.905,52.957],[0.906,52.957],[0.905,52.957]],[[0.905,52.957],[0.905,52.957],[0.905,52.957],[0.905,52.957]],[[0.905,52.957],[0.904,52.957],[0.905,52.957],[0.905,52.957]],[[0.91,52.958],[0.91,52.957],[0.91,52.958],[0.91,52.958]],[[0.909,52.962],[0.909,52.962],[0.909,52.962],[0.909,52.962]],[[0.909,52.962],[0.91,52.962],[0.909,52.962],[0.909,52.962]],[[0.909,52.961],[0.91,52.961],[0.909,52.962],[0.909,52.961]],[[0.91,52.962],[0.91,52.962],[0.91,52.962],[0.91,52.962]],[[0.911,52.961],[0.911,52.962],[0.91,52.962],[0.911,52.961]],[[0.914,52.962],[0.915,52.961],[0.914,52.962],[0.914,52.962]],[[0.915,52.96],[0.914,52.96],[0.915,52.96],[0.915,52.96]],[[0.917,52.959],[0.917,52.958],[0.918,52.958],[0.917,52.959]],[[0.918,52.958],[0.917,52.957],[0.918,52.958],[0.918,52.958]],[[0.92,52.958],[0.92,52.958],[0.919,52.959],[0.92,52.958]],[[0.92,52.958],[0.92,52.958],[0.92,52.958],[0.92,52.958]],[[0.92,52.959],[0.919,52.959],[0.919,52.959],[0.92,52.959]],[[0.919,52.961],[0.919,52.961],[0.919,52.961],[0.919,52.961]],[[0.919,52.961],[0.919,52.961],[0.919,52.961],[0.919,52.961]],[[0.919,52.96],[0.919,52.96],[0.919,52.961],[0.919,52.96]],[[0.919,52.96],[0.92,52.96],[0.919,52.96],[0.919,52.96]],[[0.922,52.96],[0.922,52.96],[0.922,52.96],[0.922,52.96]],[[0.922,52.96],[0.921,52.96],[0.922,52.96],[0.922,52.96]],[[0.921,52.959],[0.921,52.959],[0.921,52.96],[0.921,52.959]],[[0.921,52.959],[0.921,52.959],[0.921,52.959],[0.921,52.959]],[[0.924,52.958],[0.924,52.958],[0.924,52.958],[0.924,52.958]],[[0.924,52.958],[0.924,52.958],[0.924,52.958],[0.924,52.958]],[[0.926,52.957],[0.927,52.958],[0.926,52.958],[0.926,52.957]],[[0.936,52.958],[0.936,52.958],[0.936,52.958],[0.936,52.958]],[[0.937,52.958],[0.941,52.959],[0.936,52.958],[0.937,52.958]],[[0.938,52.959],[0.937,52.959],[0.937,52.959],[0.938,52.959]],[[0.938,52.959],[0.938,52.959],[0.938,52.959],[0.938,52.959]],[[0.938,52.959],[0.938,52.959],[0.938,52.959],[0.938,52.959]],[[0.939,52.96],[0.94,52.96],[0.939,52.96],[0.939,52.96]],[[0.941,52.96],[0.942,52.96],[0.942,52.96],[0.941,52.96]],[[0.942,52.961],[0.942,52.961],[0.942,52.961],[0.942,52.961]],[[0.942,52.961],[0.942,52.961],[0.942,52.961],[0.942,52.961]],[[0.945,52.962],[0.945,52.962],[0.945,52.962],[0.945,52.962]],[[0.945,52.962],[0.944,52.962],[0.945,52.962],[0.945,52.962]],[[0.945,52.961],[0.945,52.961],[0.946,52.961],[0.945,52.961]],[[0.945,52.961],[0.945,52.961],[0.945,52.961],[0.945,52.961]],[[0.955,52.959],[0.955,52.959],[0.955,52.959],[0.955,52.959]],[[0.97,52.959],[0.97,52.959],[0.97,52.959],[0.97,52.959]],[[0.97,52.96],[0.971,52.96],[0.97,52.96],[0.97,52.96]],[[0.969,52.96],[0.969,52.96],[0.969,52.96],[0.969,52.96]],[[0.969,52.96],[0.969,52.961],[0.969,52.961],[0.968,52.961],[0.969,52.96]],[[0.969,52.961],[0.969,52.961],[0.969,52.961],[0.969,52.961]],[[0.969,52.961],[0.97,52.961],[0.969,52.961],[0.969,52.961]],[[0.971,52.961],[0.972,52.962],[0.971,52.961],[0.971,52.961]],[[0.973,52.961],[0.973,52.961],[0.972,52.961],[0.973,52.96],[0.973,52.961]],[[0.979,52.96],[0.979,52.96],[0.979,52.96],[0.979,52.96]],[[0.978,52.96],[0.976,52.96],[0.979,52.96],[0.978,52.96]],[[0.983,52.959],[0.983,52.959],[0.983,52.959],[0.983,52.959]],[[0.983,52.959],[0.983,52.958],[0.984,52.958],[0.983,52.959]],[[0.982,52.958],[0.983,52.958],[0.983,52.958],[0.982,52.958]],[[0.983,52.958],[0.982,52.959],[0.982,52.958],[0.983,52.958]],[[0.982,52.959],[0.982,52.959],[0.982,52.959],[0.982,52.959]],[[1.003,52.956],[1.003,52.957],[1.003,52.957],[1.003,52.956]],[[1.003,52.956],[1.003,52.956],[1.003,52.956],[1.003,52.956]],[[1.002,52.956],[1.003,52.956],[1.003,52.956],[1.002,52.956]],[[1.008,52.956],[1.009,52.956],[1.008,52.956],[1.008,52.956]],[[1.011,52.957],[1.011,52.957],[1.011,52.957],[1.011,52.957]],[[1.012,52.957],[1.012,52.957],[1.012,52.957],[1.012,52.957]],[[1.012,52.957],[1.012,52.957],[1.012,52.957],[1.012,52.957]],[[1.012,52.957],[1.012,52.957],[1.012,52.957],[1.012,52.957]],[[1.011,52.957],[1.011,52.957],[1.012,52.957],[1.011,52.957]],[[1.018,52.961],[1.018,52.961],[1.018,52.961],[1.018,52.961]],[[1.02,52.964],[1.018,52.963],[1.019,52.963],[1.02,52.964]],[[1.027,52.965],[1.026,52.965],[1.025,52.965],[1.023,52.964],[1.025,52.964],[1.026,52.965],[1.026,52.965],[1.027,52.965]],[[1.026,52.965],[1.025,52.965],[1.026,52.965],[1.026,52.965]],[[1.046,52.959],[1.046,52.959],[1.046,52.959],[1.046,52.959]],[[1.044,52.955],[1.043,52.956],[1.043,52.955],[1.042,52.955],[1.041,52.953],[1.04,52.953],[1.041,52.953],[1.043,52.955],[1.044,52.955]],[[1.042,52.956],[1.042,52.956],[1.043,52.956],[1.042,52.956]],[[1.043,52.956],[1.042,52.956],[1.042,52.956],[1.043,52.956]],[[1.04,52.953],[1.04,52.953],[1.04,52.953],[1.04,52.953]],[[1.04,52.954],[1.04,52.953],[1.04,52.953],[1.04,52.954]],[[1.042,52.953],[1.042,52.954],[1.042,52.954],[1.042,52.953]],[[1.047,52.959],[1.047,52.959],[1.047,52.959],[1.047,52.959]],[[1.047,52.959],[1.047,52.959],[1.047,52.959],[1.047,52.959]],[[1.046,52.958],[1.047,52.959],[1.047,52.959],[1.046,52.958]],[[1.046,52.958],[1.046,52.958],[1.046,52.958],[1.046,52.958]],[[1.044,52.962],[1.044,52.962],[1.044,52.962],[1.044,52.962]],[[1.044,52.962],[1.045,52.962],[1.044,52.962],[1.044,52.962]],[[1.031,52.968],[1.03,52.968],[1.03,52.968],[1.031,52.968]],[[1.026,52.969],[1.026,52.969],[1.026,52.969],[1.026,52.969]],[[1.027,52.968],[1.027,52.968],[1.026,52.969],[1.027,52.968]],[[1.027,52.969],[1.027,52.969],[1.027,52.969],[1.027,52.969]],[[1.026,52.969],[1.026,52.969],[1.025,52.969],[1.026,52.969]],[[1.026,52.969],[1.024,52.97],[1.026,52.969],[1.026,52.969]],[[1.021,52.971],[1.021,52.971],[1.021,52.971],[1.021,52.971]],[[1.021,52.971],[1.02,52.971],[1.021,52.971],[1.021,52.971]],[[1.016,52.971],[1.016,52.971],[1.016,52.971],[1.016,52.971]],[[1.016,52.971],[1.016,52.971],[1.016,52.971],[1.016,52.971]],[[1.016,52.972],[1.016,52.971],[1.016,52.971],[1.016,52.972]],[[1.016,52.972],[1.016,52.972],[1.016,52.972],[1.016,52.972]],[[1.016,52.972],[1.016,52.972],[1.016,52.972],[1.016,52.972]],[[1.017,52.972],[1.017,52.972],[1.016,52.972],[1.017,52.972]],[[1.009,52.973],[1.009,52.973],[1.009,52.973],[1.009,52.973]],[[1.009,52.973],[1.01,52.973],[1.009,52.973],[1.009,52.973]],[[1.006,52.973],[1.006,52.973],[1.006,52.973],[1.006,52.973]],[[1.006,52.973],[1.005,52.973],[1.006,52.973],[1.006,52.973]],[[1.004,52.973],[1.004,52.972],[1.004,52.972],[1.004,52.973]],[[1.003,52.971],[1.003,52.972],[1.003,52.971],[1.003,52.971]],[[1.003,52.971],[1.002,52.972],[1.002,52.971],[1.003,52.971]],[[0.999,52.972],[0.999,52.972],[0.998,52.972],[0.999,52.972]],[[0.999,52.972],[0.999,52.972],[0.999,52.972],[0.999,52.972]],[[0.999,52.973],[0.999,52.973],[0.999,52.973],[0.999,52.973]],[[0.999,52.974],[0.999,52.975],[0.999,52.973],[0.999,52.974]],[[0.999,52.973],[1.0,52.974],[0.999,52.974],[0.999,52.973]],[[0.998,52.973],[0.998,52.973],[0.998,52.973],[0.998,52.973]],[[0.997,52.974],[0.998,52.974],[0.997,52.974],[0.997,52.974]],[[0.997,52.975],[0.997,52.975],[0.997,52.974],[0.997,52.975]],[[0.999,52.975],[0.997,52.975],[0.997,52.975],[0.999,52.975]],[[0.997,52.974],[0.997,52.974],[0.997,52.974],[0.997,52.974]],[[0.997,52.975],[0.999,52.975],[0.997,52.975],[0.997,52.974],[0.997,52.974],[0.997,52.975]],[[0.996,52.975],[0.996,52.975],[0.996,52.975],[0.996,52.975]],[[0.996,52.976],[0.995,52.976],[0.996,52.975],[0.996,52.976]],[[0.994,52.975],[0.994,52.975],[0.994,52.975],[0.994,52.975]],[[0.994,52.975],[0.994,52.975],[0.993,52.975],[0.994,52.975],[0.994,52.975]],[[0.993,52.974],[0.993,52.973],[0.994,52.973],[0.993,52.974]],[[0.993,52.974],[0.992,52.974],[0.993,52.974],[0.993,52.974]],[[0.992,52.974],[0.991,52.974],[0.991,52.973],[0.992,52.974]],[[0.992,52.974],[0.992,52.975],[0.991,52.974],[0.992,52.974]],[[0.99,52.973],[0.99,52.973],[0.99,52.973],[0.99,52.973]],[[0.991,52.974],[0.99,52.973],[0.99,52.973],[0.991,52.974]],[[0.99,52.974],[0.99,52.973],[0.99,52.973],[0.99,52.974]],[[0.984,52.973],[0.983,52.973],[0.983,52.972],[0.984,52.973]],[[0.984,52.972],[0.984,52.973],[0.984,52.973],[0.984,52.972]],[[0.984,52.973],[0.984,52.973],[0.984,52.973],[0.984,52.973]],[[0.985,52.976],[0.985,52.976],[0.985,52.976],[0.985,52.976]],[[0.986,52.976],[0.986,52.976],[0.985,52.976],[0.986,52.976]],[[0.986,52.976],[0.986,52.976],[0.986,52.976],[0.986,52.976]],[[0.986,52.976],[0.987,52.976],[0.987,52.977],[0.986,52.976],[0.986,52.976],[0.986,52.976]],[[0.983,52.975],[0.982,52.975],[0.982,52.975],[0.983,52.975]],[[0.983,52.975],[0.982,52.975],[0.982,52.975],[0.983,52.975]],[[0.979,52.974],[0.98,52.973],[0.98,52.973],[0.979,52.974]],[[0.98,52.973],[0.979,52.973],[0.98,52.973],[0.98,52.973]],[[1.5,52.733],[1.5,52.732],[1.5,52.733],[1.5,52.733]],[[0.879,52.958],[0.879,52.958],[0.879,52.958],[0.879,52.958]],[[0.881,52.957],[0.88,52.958],[0.879,52.958],[0.881,52.957]],[[0.881,52.957],[0.882,52.957],[0.881,52.957],[0.881,52.957]],[[0.882,52.957],[0.882,52.957],[0.882,52.957],[0.882,52.957]],[[0.895,52.96],[0.895,52.96],[0.895,52.96],[0.895,52.96]],[[0.895,52.96],[0.895,52.96],[0.895,52.96],[0.895,52.96]],[[0.895,52.959],[0.895,52.959],[0.895,52.96],[0.895,52.959]],[[0.911,52.961],[0.911,52.961],[0.911,52.961],[0.911,52.961]],[[0.914,52.961],[0.913,52.962],[0.913,52.96],[0.914,52.961]],[[0.917,52.962],[0.917,52.961],[0.917,52.962],[0.917,52.962]],[[1.025,52.965],[1.025,52.965],[1.025,52.966],[1.025,52.965]],[[1.025,52.966],[1.025,52.966],[1.025,52.966],[1.025,52.966]],[[1.024,52.965],[1.024,52.965],[1.024,52.965],[1.024,52.965]],[[1.024,52.966],[1.024,52.966],[1.024,52.965],[1.024,52.966]],[[1.024,52.966],[1.023,52.965],[1.024,52.965],[1.024,52.966]]]}},{"type":"Feature","properties":{"code":"E14001397","name":"North Northumberland","centroidLat":55.47056,"centroidLong":-1.93167},"geometry":{"type":"MultiPolygon","coordinates":[[[[-1.519,55.207],[-1.637,55.19],[-1.671,55.151],[-1.706,55.15],[-1.714,55.175],[-1.742,55.173],[-1.761,55.22],[-1.72,55.237],[-1.731,55.255],[-1.652,55.268],[-1.666,55.293],[-1.691,55.302],[-1.767,55.291],[-1.817,55.262],[-1.837,55.277],[-1.904,55.244],[-1.924,55.248],[-1.932,55.216],[-2.045,55.201],[-2.036,55.19],[-2.053,55.179],[-2.091,55.181],[-2.096,55.196],[-2.167,55.184],[-2.154,55.215],[-2.116,55.236],[-2.158,55.259],[-2.149,55.287],[-2.172,55.311],[-2.244,55.318],[-2.346,55.373],[-2.33,55.381],[-2.345,55.399],[-2.336,55.408],[-2.231,55.428],[-2.166,55.468],[-2.202,55.476],[-2.24,55.556],[-2.289,55.58],[-2.289,55.604],[-2.316,55.62],[-2.309,55.629],[-2.335,55.634],[-2.304,55.647],[-2.234,55.641],[-2.248,55.652],[-2.167,55.706],[-2.177,55.719],[-2.152,55.723],[-2.147,55.738],[-2.117,55.738],[-2.102,55.761],[-2.048,55.758],[-2.014,55.771],[-1.94,55.721],[-1.87,55.698],[-1.874,55.684],[-1.879,55.685],[-1.878,55.686],[-1.879,55.687],[-1.886,55.685],[-1.873,55.683],[-1.841,55.643],[-1.808,55.634],[-1.788,55.657],[-1.755,55.623],[-1.786,55.617],[-1.77,55.603],[-1.745,55.619],[-1.723,55.617],[-1.645,55.582],[-1.64,55.577],[-1.644,55.576],[-1.648,55.573],[-1.65,55.573],[-1.652,55.572],[-1.652,55.571],[-1.619,55.552],[-1.642,55.538],[-1.611,55.522],[-1.613,55.497],[-1.591,55.492],[-1.593,55.44],[-1.575,55.431],[-1.597,55.394],[-1.612,55.385],[-1.621,55.388],[-1.617,55.389],[-1.618,55.395],[-1.611,55.394],[-1.609,55.395],[-1.61,55.397],[-1.612,55.398],[-1.619,55.4],[-1.625,55.398],[-1.611,55.397],[-1.619,55.395],[-1.618,55.391],[-1.62,55.389],[-1.62,55.39],[-1.623,55.392],[-1.622,55.388],[-1.609,55.384],[-1.592,55.349],[-1.571,55.34],[-1.597,55.351],[-1.592,55.34],[-1.61,55.35],[-1.627,55.349],[-1.549,55.322],[-1.57,55.275],[-1.519,55.207]],[[-1.877,55.685],[-1.877,55.685],[-1.877,55.685],[-1.877,55.685]],[[-1.877,55.686],[-1.878,55.685],[-1.877,55.685],[-1.877,55.686]],[[-1.87,55.666],[-1.87,55.666],[-1.87,55.666],[-1.87,55.666]],[[-1.869,55.667],[-1.87,55.667],[-1.87,55.666],[-1.869,55.667]],[[-1.87,55.667],[-1.87,55.666],[-1.87,55.667],[-1.87,55.667]],[[-1.872,55.666],[-1.871,55.666],[-1.871,55.666],[-1.872,55.666]],[[-1.793,55.648],[-1.793,55.648],[-1.793,55.648],[-1.793,55.648]],[[-1.792,55.648],[-1.793,55.648],[-1.793,55.648],[-1.792,55.648]],[[-1.614,55.394],[-1.614,55.394],[-1.614,55.394],[-1.614,55.394]],[[-1.615,55.394],[-1.614,55.394],[-1.614,55.394],[-1.615,55.394]],[[-1.613,55.38],[-1.613,55.38],[-1.613,55.38],[-1.613,55.38]],[[-1.614,55.38],[-1.613,55.38],[-1.613,55.38],[-1.614,55.38]],[[-1.873,55.676],[-1.873,55.676],[-1.872,55.676],[-1.873,55.676]]],[[[-1.865,55.697],[-1.78,55.686],[-1.778,55.668],[-1.854,55.68],[-1.865,55.697]]],[[[-2.088,55.772],[-2.086,55.793],[-2.034,55.811],[-1.984,55.765],[-2.018,55.775],[-2.041,55.761],[-2.065,55.763],[-2.055,55.758],[-2.088,55.772]],[[-2.038,55.769],[-2.038,55.769],[-2.038,55.769],[-2.038,55.769]],[[-2.039,55.769],[-2.038,55.769],[-2.038,55.769],[-2.039,55.769]]]]}},{"type":"Feature","properties":{"code":"E14001398","name":"North Shropshire","centroidLat":52.86488,"centroidLong":-2.89372},"geometry":{"type":"Polygon","coordinates":[[[-2.371,52.977],[-2.387,52.953],[-2.413,52.961],[-2.405,52.947],[-2.437,52.944],[-2.481,52.897],[-2.623,52.883],[-2.668,52.86],[-2.648,52.839],[-2.664,52.839],[-2.661,52.82],[-2.593,52.794],[-2.59,52.778],[-2.621,52.776],[-2.632,52.76],[-2.691,52.775],[-2.725,52.765],[-2.774,52.795],[-2.836,52.767],[-2.861,52.785],[-2.941,52.789],[-2.965,52.771],[-2.933,52.752],[-2.991,52.734],[-3.022,52.752],[-3.017,52.768],[-3.075,52.77],[-3.087,52.796],[-3.118,52.784],[-3.168,52.808],[-3.151,52.843],[-3.163,52.847],[-3.128,52.867],[-3.152,52.879],[-3.136,52.885],[-3.145,52.893],[-3.114,52.894],[-3.096,52.93],[-3.035,52.929],[-2.975,52.969],[-2.929,52.939],[-2.887,52.953],[-2.841,52.943],[-2.8,52.895],[-2.729,52.925],[-2.735,52.97],[-2.699,52.995],[-2.675,52.986],[-2.633,52.997],[-2.595,52.98],[-2.586,52.955],[-2.561,52.965],[-2.532,52.947],[-2.521,52.974],[-2.481,52.959],[-2.435,52.97],[-2.438,52.986],[-2.407,52.996],[-2.377,52.998],[-2.371,52.977]]]}},{"type":"Feature","properties":{"code":"E14001399","name":"North Somerset","centroidLat":51.42115,"centroidLong":-2.73834},"geometry":{"type":"Polygon","coordinates":[[[-2.716,51.501],[-2.634,51.467],[-2.633,51.403],[-2.587,51.395],[-2.644,51.375],[-2.653,51.344],[-2.677,51.342],[-2.669,51.361],[-2.69,51.38],[-2.695,51.344],[-2.715,51.337],[-2.732,51.35],[-2.756,51.337],[-2.783,51.362],[-2.76,51.379],[-2.795,51.382],[-2.779,51.403],[-2.808,51.42],[-2.889,51.413],[-2.8,51.485],[-2.716,51.501]]]}},{"type":"Feature","properties":{"code":"E14001400","name":"North Warwickshire and Bedworth","centroidLat":52.5614,"centroidLong":-1.63726},"geometry":{"type":"Polygon","coordinates":[[[-1.503,52.564],[-1.604,52.532],[-1.626,52.54],[-1.649,52.521],[-1.602,52.495],[-1.573,52.496],[-1.555,52.517],[-1.524,52.494],[-1.472,52.499],[-1.454,52.479],[-1.465,52.46],[-1.505,52.45],[-1.54,52.465],[-1.624,52.464],[-1.667,52.435],[-1.754,52.513],[-1.729,52.525],[-1.788,52.587],[-1.649,52.599],[-1.633,52.643],[-1.645,52.657],[-1.59,52.687],[-1.542,52.654],[-1.571,52.636],[-1.554,52.615],[-1.561,52.596],[-1.503,52.564]]]}},{"type":"Feature","properties":{"code":"E14001401","name":"North West Cambridgeshire","centroidLat":52.5436,"centroidLong":-0.29565},"geometry":{"type":"Polygon","coordinates":[[[-0.259,52.652],[-0.298,52.616],[-0.287,52.589],[-0.307,52.572],[-0.296,52.562],[-0.187,52.569],[-0.189,52.537],[-0.114,52.489],[-0.055,52.513],[-0.039,52.502],[-0.039,52.473],[-0.009,52.462],[-0.093,52.423],[-0.124,52.425],[-0.114,52.431],[-0.136,52.45],[-0.181,52.438],[-0.183,52.467],[-0.204,52.469],[-0.23,52.446],[-0.33,52.448],[-0.315,52.429],[-0.348,52.413],[-0.389,52.421],[-0.342,52.467],[-0.359,52.49],[-0.352,52.503],[-0.413,52.526],[-0.402,52.548],[-0.42,52.559],[-0.407,52.566],[-0.42,52.581],[-0.493,52.582],[-0.471,52.624],[-0.495,52.64],[-0.453,52.654],[-0.406,52.648],[-0.333,52.675],[-0.259,52.652]]]}},{"type":"Feature","properties":{"code":"E14001402","name":"North West Essex","centroidLat":51.92826,"centroidLong":0.323565},"geometry":{"type":"Polygon","coordinates":[[[0.364,52.044],[0.308,52.02],[0.341,51.998],[0.343,51.974],[0.413,51.93],[0.392,51.916],[0.402,51.904],[0.385,51.902],[0.427,51.875],[0.418,51.857],[0.431,51.832],[0.525,51.849],[0.534,51.811],[0.524,51.803],[0.569,51.75],[0.533,51.744],[0.501,51.773],[0.483,51.753],[0.441,51.756],[0.447,51.714],[0.435,51.702],[0.347,51.694],[0.334,51.719],[0.347,51.73],[0.347,51.768],[0.299,51.772],[0.297,51.79],[0.281,51.791],[0.286,51.825],[0.332,51.839],[0.327,51.855],[0.196,51.868],[0.175,51.883],[0.179,51.896],[0.125,51.885],[0.107,51.972],[0.069,51.983],[0.068,52.006],[0.092,52.022],[0.106,52.06],[0.166,52.048],[0.19,52.06],[0.183,52.073],[0.203,52.093],[0.252,52.077],[0.286,52.09],[0.364,52.044]]]}},{"type":"Feature","properties":{"code":"E14001403","name":"North West Hampshire","centroidLat":51.27907,"centroidLong":-1.36969},"geometry":{"type":"Polygon","coordinates":[[[-1.411,51.373],[-1.116,51.36],[-1.09,51.337],[-1.098,51.322],[-1.073,51.319],[-1.07,51.288],[-1.149,51.277],[-1.177,51.297],[-1.178,51.282],[-1.221,51.269],[-1.249,51.191],[-1.341,51.185],[-1.342,51.206],[-1.421,51.224],[-1.444,51.2],[-1.534,51.206],[-1.492,51.218],[-1.494,51.234],[-1.541,51.261],[-1.543,51.281],[-1.519,51.296],[-1.534,51.316],[-1.528,51.338],[-1.43,51.337],[-1.444,51.355],[-1.411,51.373]]]}},{"type":"Feature","properties":{"code":"E14001404","name":"North West Leicestershire","centroidLat":52.74591,"centroidLong":-1.40475},"geometry":{"type":"Polygon","coordinates":[[[-1.268,52.873],[-1.274,52.836],[-1.26,52.819],[-1.275,52.788],[-1.319,52.785],[-1.334,52.757],[-1.287,52.734],[-1.267,52.747],[-1.247,52.736],[-1.351,52.694],[-1.361,52.676],[-1.408,52.673],[-1.451,52.688],[-1.434,52.703],[-1.467,52.707],[-1.507,52.688],[-1.527,52.708],[-1.499,52.724],[-1.545,52.728],[-1.562,52.751],[-1.553,52.763],[-1.468,52.767],[-1.444,52.803],[-1.418,52.802],[-1.394,52.837],[-1.345,52.867],[-1.268,52.873]]]}},{"type":"Feature","properties":{"code":"E14001405","name":"North West Norfolk","centroidLat":52.83411,"centroidLong":0.588193},"geometry":{"type":"MultiPolygon","coordinates":[[[[0.364,52.726],[0.294,52.732],[0.275,52.68],[0.227,52.649],[0.184,52.656],[0.185,52.678],[0.154,52.682],[0.172,52.738],[0.272,52.773],[0.245,52.784],[0.271,52.816],[0.277,52.817],[0.276,52.815],[0.277,52.814],[0.279,52.813],[0.281,52.812],[0.282,52.811],[0.276,52.816],[0.287,52.819],[0.345,52.814],[0.348,52.811],[0.342,52.81],[0.339,52.808],[0.342,52.81],[0.349,52.809],[0.341,52.805],[0.352,52.809],[0.354,52.806],[0.346,52.804],[0.345,52.803],[0.354,52.806],[0.36,52.799],[0.392,52.748],[0.364,52.726]],[[0.273,52.811],[0.273,52.811],[0.273,52.811],[0.273,52.811]],[[0.274,52.811],[0.274,52.811],[0.275,52.811],[0.274,52.811]],[[0.271,52.814],[0.271,52.814],[0.271,52.815],[0.271,52.814]],[[0.273,52.814],[0.273,52.814],[0.274,52.812],[0.273,52.814]],[[0.292,52.816],[0.292,52.816],[0.292,52.816],[0.292,52.816]],[[0.291,52.816],[0.291,52.814],[0.29,52.813],[0.291,52.814],[0.291,52.816],[0.292,52.816],[0.291,52.816]],[[0.317,52.816],[0.318,52.815],[0.316,52.816],[0.317,52.816]],[[0.318,52.815],[0.318,52.815],[0.318,52.815],[0.318,52.815]],[[0.343,52.813],[0.343,52.813],[0.343,52.813],[0.343,52.813]],[[0.343,52.813],[0.343,52.812],[0.343,52.813],[0.343,52.813]],[[0.343,52.813],[0.343,52.813],[0.343,52.813],[0.343,52.813]],[[0.343,52.813],[0.343,52.813],[0.343,52.813],[0.343,52.813]],[[0.343,52.813],[0.342,52.813],[0.343,52.813],[0.343,52.813]],[[0.337,52.811],[0.34,52.812],[0.342,52.813],[0.337,52.811]],[[0.336,52.811],[0.334,52.81],[0.337,52.811],[0.336,52.811]],[[0.344,52.811],[0.343,52.811],[0.344,52.811],[0.344,52.811]],[[0.342,52.811],[0.338,52.81],[0.343,52.811],[0.342,52.811]],[[0.343,52.81],[0.343,52.808],[0.343,52.81],[0.343,52.81]],[[0.348,52.809],[0.348,52.809],[0.348,52.809],[0.348,52.809]],[[0.344,52.808],[0.347,52.809],[0.348,52.809],[0.344,52.808]],[[0.353,52.805],[0.354,52.806],[0.354,52.806],[0.353,52.805]],[[0.352,52.805],[0.351,52.804],[0.353,52.805],[0.352,52.805]],[[0.355,52.804],[0.353,52.803],[0.355,52.804],[0.355,52.804]],[[0.353,52.803],[0.352,52.802],[0.353,52.803],[0.353,52.803]],[[0.354,52.802],[0.354,52.802],[0.355,52.803],[0.354,52.802]],[[0.354,52.802],[0.354,52.802],[0.354,52.802],[0.354,52.802]],[[0.354,52.802],[0.353,52.802],[0.354,52.802],[0.354,52.802]],[[0.354,52.802],[0.354,52.802],[0.354,52.802],[0.354,52.802]],[[0.353,52.801],[0.354,52.802],[0.354,52.802],[0.353,52.801]],[[0.357,52.799],[0.359,52.8],[0.359,52.8],[0.357,52.799]],[[0.361,52.794],[0.366,52.79],[0.366,52.79],[0.361,52.794]],[[0.366,52.789],[0.366,52.789],[0.366,52.789],[0.366,52.789]],[[0.28,52.814],[0.281,52.814],[0.281,52.814],[0.28,52.814]],[[0.281,52.813],[0.283,52.813],[0.281,52.814],[0.281,52.813]],[[0.283,52.813],[0.285,52.812],[0.283,52.813],[0.283,52.813]],[[0.358,52.801],[0.357,52.8],[0.358,52.8],[0.358,52.801]]],[[[0.693,52.979],[0.748,52.975],[0.752,52.973],[0.747,52.968],[0.75,52.972],[0.738,52.968],[0.732,52.973],[0.73,52.962],[0.731,52.965],[0.758,52.969],[0.754,52.975],[0.756,52.974],[0.757,52.976],[0.759,52.975],[0.76,52.976],[0.762,52.975],[0.764,52.977],[0.763,52.976],[0.76,52.976],[0.759,52.975],[0.758,52.976],[0.757,52.976],[0.755,52.975],[0.751,52.977],[0.782,52.978],[0.79,52.9],[0.822,52.893],[0.795,52.884],[0.791,52.86],[0.724,52.85],[0.756,52.816],[0.7,52.786],[0.689,52.752],[0.668,52.741],[0.701,52.736],[0.718,52.722],[0.711,52.709],[0.654,52.704],[0.648,52.691],[0.561,52.701],[0.502,52.687],[0.487,52.698],[0.387,52.688],[0.382,52.726],[0.367,52.726],[0.397,52.75],[0.358,52.808],[0.359,52.809],[0.362,52.807],[0.363,52.807],[0.369,52.806],[0.363,52.807],[0.359,52.81],[0.361,52.811],[0.362,52.811],[0.362,52.81],[0.364,52.811],[0.365,52.81],[0.366,52.811],[0.366,52.81],[0.367,52.809],[0.374,52.809],[0.367,52.811],[0.372,52.811],[0.373,52.813],[0.376,52.812],[0.376,52.812],[0.373,52.814],[0.37,52.811],[0.361,52.811],[0.358,52.81],[0.358,52.813],[0.433,52.853],[0.445,52.846],[0.445,52.874],[0.49,52.948],[0.536,52.974],[0.569,52.975],[0.569,52.971],[0.566,52.972],[0.565,52.971],[0.562,52.972],[0.562,52.972],[0.563,52.97],[0.566,52.971],[0.568,52.971],[0.576,52.964],[0.575,52.968],[0.586,52.973],[0.593,52.97],[0.591,52.966],[0.594,52.968],[0.599,52.967],[0.599,52.968],[0.601,52.967],[0.602,52.967],[0.603,52.968],[0.603,52.966],[0.604,52.968],[0.604,52.971],[0.595,52.968],[0.588,52.977],[0.618,52.973],[0.613,52.97],[0.614,52.966],[0.663,52.979],[0.675,52.974],[0.668,52.97],[0.657,52.973],[0.658,52.971],[0.646,52.97],[0.646,52.971],[0.639,52.971],[0.647,52.969],[0.643,52.966],[0.649,52.97],[0.66,52.97],[0.685,52.968],[0.693,52.979]],[[0.737,52.974],[0.736,52.974],[0.737,52.974],[0.737,52.974]],[[0.746,52.974],[0.746,52.974],[0.746,52.974],[0.746,52.974]],[[0.747,52.973],[0.745,52.974],[0.744,52.974],[0.746,52.973],[0.747,52.973]],[[0.744,52.974],[0.744,52.974],[0.744,52.974],[0.744,52.974]],[[0.744,52.974],[0.744,52.974],[0.743,52.974],[0.744,52.974]],[[0.75,52.972],[0.75,52.972],[0.75,52.972],[0.75,52.972]],[[0.751,52.973],[0.75,52.973],[0.75,52.972],[0.751,52.973]],[[0.75,52.973],[0.75,52.973],[0.75,52.973],[0.75,52.973]],[[0.75,52.973],[0.749,52.973],[0.75,52.973],[0.75,52.973]],[[0.743,52.971],[0.743,52.971],[0.743,52.971],[0.743,52.971]],[[0.743,52.971],[0.743,52.972],[0.743,52.972],[0.743,52.971]],[[0.743,52.972],[0.743,52.972],[0.743,52.972],[0.743,52.972]],[[0.741,52.971],[0.742,52.971],[0.742,52.971],[0.741,52.971]],[[0.741,52.97],[0.741,52.97],[0.741,52.97],[0.741,52.97]],[[0.741,52.97],[0.741,52.97],[0.741,52.97],[0.741,52.97]],[[0.741,52.97],[0.741,52.97],[0.741,52.97],[0.741,52.97]],[[0.741,52.97],[0.742,52.97],[0.741,52.971],[0.741,52.97],[0.741,52.97],[0.741,52.97]],[[0.74,52.97],[0.739,52.97],[0.74,52.97],[0.74,52.97]],[[0.739,52.97],[0.738,52.971],[0.737,52.97],[0.739,52.97]],[[0.739,52.971],[0.739,52.971],[0.739,52.971],[0.739,52.971]],[[0.739,52.971],[0.739,52.971],[0.739,52.971],[0.739,52.971]],[[0.739,52.971],[0.74,52.971],[0.739,52.971],[0.739,52.971]],[[0.74,52.971],[0.74,52.971],[0.74,52.971],[0.74,52.971]],[[0.737,52.971],[0.737,52.971],[0.737,52.97],[0.737,52.971]],[[0.737,52.971],[0.737,52.97],[0.737,52.971],[0.737,52.971]],[[0.738,52.969],[0.737,52.969],[0.737,52.969],[0.738,52.969]],[[0.736,52.97],[0.736,52.971],[0.735,52.97],[0.736,52.97]],[[0.737,52.973],[0.737,52.973],[0.737,52.973],[0.737,52.973]],[[0.737,52.973],[0.737,52.973],[0.737,52.973],[0.737,52.973]],[[0.737,52.972],[0.737,52.973],[0.737,52.973],[0.737,52.972]],[[0.737,52.972],[0.737,52.972],[0.737,52.972],[0.737,52.972]],[[0.737,52.972],[0.738,52.971],[0.738,52.972],[0.737,52.972]],[[0.738,52.971],[0.738,52.971],[0.738,52.971],[0.738,52.971]],[[0.738,52.971],[0.738,52.971],[0.738,52.971],[0.738,52.971]],[[0.738,52.973],[0.738,52.973],[0.738,52.973],[0.738,52.973]],[[0.738,52.972],[0.738,52.972],[0.738,52.973],[0.738,52.972]],[[0.74,52.972],[0.74,52.972],[0.74,52.972],[0.74,52.972]],[[0.74,52.972],[0.739,52.972],[0.74,52.972],[0.74,52.972]],[[0.739,52.972],[0.74,52.972],[0.739,52.972],[0.739,52.972]],[[0.74,52.972],[0.74,52.972],[0.74,52.972],[0.74,52.972]],[[0.74,52.972],[0.74,52.971],[0.74,52.972],[0.74,52.972]],[[0.74,52.972],[0.741,52.972],[0.74,52.972],[0.74,52.972]],[[0.732,52.963],[0.732,52.963],[0.732,52.963],[0.732,52.963]],[[0.732,52.963],[0.731,52.962],[0.73,52.961],[0.732,52.961],[0.732,52.963]],[[0.756,52.972],[0.756,52.973],[0.756,52.973],[0.756,52.972]],[[0.756,52.973],[0.756,52.973],[0.756,52.973],[0.756,52.973]],[[0.756,52.973],[0.756,52.973],[0.756,52.973],[0.756,52.973]],[[0.756,52.973],[0.756,52.973],[0.756,52.973],[0.756,52.973]],[[0.756,52.973],[0.756,52.973],[0.756,52.973],[0.756,52.973]],[[0.758,52.974],[0.757,52.974],[0.757,52.974],[0.758,52.974]],[[0.758,52.974],[0.758,52.974],[0.758,52.974],[0.758,52.974]],[[0.758,52.973],[0.758,52.973],[0.758,52.974],[0.758,52.973]],[[0.758,52.973],[0.758,52.973],[0.763,52.974],[0.758,52.973]],[[0.758,52.974],[0.758,52.974],[0.758,52.974],[0.758,52.974]],[[0.758,52.974],[0.758,52.974],[0.758,52.974],[0.758,52.974]],[[0.758,52.974],[0.759,52.974],[0.758,52.974],[0.758,52.974]],[[0.76,52.975],[0.76,52.975],[0.76,52.975],[0.76,52.975]],[[0.76,52.974],[0.76,52.975],[0.76,52.975],[0.76,52.974]],[[0.761,52.974],[0.76,52.975],[0.76,52.975],[0.761,52.974]],[[0.762,52.975],[0.762,52.975],[0.761,52.975],[0.762,52.975]],[[0.761,52.975],[0.762,52.975],[0.762,52.975],[0.761,52.975]],[[0.758,52.976],[0.759,52.976],[0.758,52.976],[0.758,52.976]],[[0.377,52.787],[0.377,52.787],[0.377,52.787],[0.377,52.787]],[[0.375,52.786],[0.375,52.786],[0.377,52.787],[0.375,52.786]],[[0.375,52.786],[0.375,52.786],[0.375,52.786],[0.375,52.786]],[[0.375,52.786],[0.375,52.786],[0.375,52.786],[0.375,52.786]],[[0.374,52.787],[0.374,52.787],[0.375,52.786],[0.374,52.787]],[[0.369,52.795],[0.369,52.795],[0.369,52.795],[0.369,52.795]],[[0.37,52.795],[0.369,52.795],[0.369,52.795],[0.37,52.795]],[[0.367,52.798],[0.367,52.798],[0.367,52.798],[0.367,52.798]],[[0.364,52.802],[0.364,52.802],[0.364,52.802],[0.364,52.802]],[[0.364,52.802],[0.368,52.802],[0.37,52.802],[0.364,52.802]],[[0.363,52.804],[0.363,52.804],[0.363,52.804],[0.363,52.804]],[[0.363,52.804],[0.363,52.804],[0.363,52.804],[0.363,52.804]],[[0.367,52.805],[0.363,52.804],[0.363,52.804],[0.367,52.805]],[[0.362,52.809],[0.36,52.81],[0.36,52.81],[0.362,52.809]],[[0.362,52.81],[0.362,52.81],[0.362,52.81],[0.362,52.81]],[[0.362,52.809],[0.363,52.809],[0.362,52.81],[0.362,52.809]],[[0.364,52.81],[0.364,52.81],[0.364,52.81],[0.364,52.81]],[[0.364,52.81],[0.365,52.809],[0.365,52.809],[0.364,52.81]],[[0.365,52.809],[0.365,52.809],[0.365,52.809],[0.365,52.809]],[[0.365,52.809],[0.365,52.809],[0.365,52.809],[0.365,52.809]],[[0.367,52.809],[0.367,52.809],[0.367,52.809],[0.367,52.809]],[[0.367,52.809],[0.367,52.809],[0.367,52.809],[0.367,52.809]],[[0.367,52.809],[0.367,52.809],[0.367,52.809],[0.367,52.809]],[[0.367,52.809],[0.368,52.809],[0.367,52.809],[0.367,52.809]],[[0.367,52.809],[0.367,52.809],[0.367,52.809],[0.367,52.809]],[[0.367,52.809],[0.368,52.808],[0.367,52.809],[0.367,52.809]],[[0.376,52.812],[0.377,52.811],[0.376,52.812],[0.376,52.812]],[[0.38,52.814],[0.377,52.813],[0.376,52.812],[0.38,52.814]],[[0.38,52.814],[0.381,52.813],[0.38,52.814],[0.38,52.814],[0.38,52.814]],[[0.41,52.835],[0.41,52.835],[0.41,52.834],[0.41,52.835]],[[0.412,52.835],[0.41,52.835],[0.41,52.835],[0.412,52.835]],[[0.412,52.835],[0.412,52.835],[0.412,52.835],[0.412,52.835]],[[0.413,52.834],[0.413,52.834],[0.412,52.835],[0.413,52.834]],[[0.413,52.834],[0.414,52.834],[0.413,52.834],[0.413,52.834]],[[0.445,52.845],[0.445,52.845],[0.445,52.846],[0.445,52.845]],[[0.445,52.845],[0.445,52.845],[0.445,52.845],[0.445,52.845]],[[0.445,52.845],[0.445,52.845],[0.445,52.845],[0.445,52.845]],[[0.444,52.844],[0.445,52.844],[0.445,52.845],[0.444,52.844]],[[0.446,52.844],[0.445,52.845],[0.445,52.845],[0.446,52.844]],[[0.446,52.843],[0.45,52.842],[0.446,52.844],[0.446,52.843]],[[0.563,52.972],[0.563,52.972],[0.563,52.972],[0.563,52.972]],[[0.563,52.972],[0.564,52.972],[0.562,52.973],[0.563,52.972]],[[0.565,52.972],[0.564,52.972],[0.564,52.972],[0.565,52.972]],[[0.567,52.971],[0.567,52.971],[0.567,52.971],[0.567,52.971]],[[0.566,52.971],[0.566,52.971],[0.567,52.971],[0.566,52.971]],[[0.573,52.966],[0.574,52.966],[0.574,52.966],[0.573,52.966]],[[0.573,52.965],[0.572,52.965],[0.572,52.964],[0.573,52.965]],[[0.577,52.965],[0.577,52.965],[0.577,52.965],[0.577,52.965]],[[0.577,52.964],[0.577,52.964],[0.577,52.965],[0.577,52.964]],[[0.579,52.969],[0.578,52.968],[0.579,52.969],[0.579,52.969]],[[0.583,52.969],[0.583,52.97],[0.583,52.97],[0.583,52.969]],[[0.585,52.968],[0.584,52.968],[0.585,52.968],[0.585,52.967],[0.585,52.968]],[[0.586,52.969],[0.586,52.969],[0.586,52.969],[0.586,52.969]],[[0.586,52.969],[0.589,52.969],[0.589,52.968],[0.591,52.968],[0.589,52.969],[0.586,52.969]],[[0.586,52.969],[0.586,52.969],[0.587,52.969],[0.586,52.969]],[[0.586,52.969],[0.586,52.968],[0.586,52.969],[0.586,52.969]],[[0.586,52.968],[0.587,52.968],[0.586,52.968],[0.586,52.968]],[[0.589,52.966],[0.587,52.966],[0.587,52.966],[0.589,52.966],[0.589,52.966]],[[0.587,52.968],[0.587,52.968],[0.587,52.968],[0.587,52.968]],[[0.588,52.969],[0.588,52.969],[0.588,52.968],[0.589,52.968],[0.588,52.969]],[[0.591,52.966],[0.59,52.965],[0.591,52.966],[0.591,52.966]],[[0.594,52.968],[0.595,52.967],[0.595,52.968],[0.594,52.968]],[[0.6,52.967],[0.599,52.967],[0.599,52.967],[0.6,52.967]],[[0.6,52.967],[0.599,52.967],[0.6,52.967],[0.6,52.967],[0.6,52.967]],[[0.599,52.971],[0.599,52.97],[0.599,52.97],[0.599,52.971]],[[0.599,52.971],[0.6,52.971],[0.599,52.971],[0.599,52.971]],[[0.597,52.973],[0.597,52.973],[0.597,52.973],[0.597,52.973]],[[0.599,52.972],[0.601,52.973],[0.602,52.972],[0.601,52.973],[0.599,52.972],[0.597,52.973],[0.597,52.973],[0.599,52.972]],[[0.671,52.973],[0.672,52.973],[0.672,52.973],[0.671,52.973]],[[0.666,52.974],[0.667,52.972],[0.668,52.972],[0.666,52.974]],[[0.666,52.972],[0.666,52.972],[0.666,52.972],[0.666,52.972]],[[0.665,52.973],[0.665,52.972],[0.666,52.972],[0.665,52.973]],[[0.654,52.972],[0.655,52.972],[0.655,52.972],[0.654,52.972]],[[0.654,52.972],[0.653,52.973],[0.652,52.973],[0.653,52.972],[0.652,52.973],[0.649,52.973],[0.649,52.974],[0.648,52.974],[0.649,52.974],[0.649,52.973],[0.653,52.972],[0.654,52.972]],[[0.654,52.971],[0.653,52.971],[0.653,52.971],[0.654,52.971]],[[0.647,52.971],[0.647,52.972],[0.646,52.971],[0.647,52.971]],[[0.647,52.972],[0.648,52.972],[0.648,52.972],[0.648,52.972],[0.647,52.972],[0.647,52.972]],[[0.645,52.971],[0.645,52.971],[0.645,52.971],[0.645,52.971]],[[0.644,52.972],[0.645,52.971],[0.645,52.971],[0.644,52.972]],[[0.644,52.972],[0.644,52.972],[0.644,52.972],[0.644,52.972]],[[0.643,52.972],[0.644,52.972],[0.644,52.972],[0.643,52.972]],[[0.64,52.97],[0.642,52.97],[0.642,52.97],[0.64,52.97]],[[0.639,52.97],[0.64,52.97],[0.639,52.97],[0.639,52.97]],[[0.64,52.97],[0.638,52.971],[0.639,52.97],[0.64,52.97]],[[0.638,52.971],[0.639,52.97],[0.639,52.97],[0.638,52.971]],[[0.641,52.969],[0.641,52.969],[0.641,52.969],[0.641,52.969]],[[0.641,52.969],[0.64,52.969],[0.641,52.969],[0.641,52.969]],[[0.641,52.968],[0.641,52.968],[0.641,52.968],[0.641,52.968]],[[0.64,52.968],[0.638,52.968],[0.641,52.968],[0.64,52.968]],[[0.636,52.968],[0.636,52.968],[0.638,52.968],[0.636,52.968]],[[0.636,52.968],[0.636,52.968],[0.636,52.968],[0.636,52.968]],[[0.65,52.967],[0.65,52.967],[0.65,52.967],[0.65,52.967]],[[0.651,52.968],[0.651,52.968],[0.652,52.967],[0.651,52.968]],[[0.655,52.969],[0.655,52.969],[0.655,52.969],[0.655,52.969]],[[0.655,52.969],[0.655,52.969],[0.655,52.968],[0.655,52.969]],[[0.658,52.968],[0.658,52.968],[0.658,52.968],[0.658,52.968]],[[0.658,52.969],[0.658,52.968],[0.658,52.968],[0.658,52.969]],[[0.658,52.969],[0.658,52.969],[0.658,52.969],[0.658,52.969]],[[0.658,52.969],[0.657,52.969],[0.658,52.969],[0.658,52.969]],[[0.655,52.967],[0.655,52.967],[0.655,52.967],[0.655,52.967]],[[0.674,52.967],[0.674,52.967],[0.674,52.967],[0.674,52.967]],[[0.675,52.967],[0.675,52.967],[0.675,52.968],[0.675,52.967]],[[0.677,52.967],[0.678,52.968],[0.678,52.968],[0.677,52.967]],[[0.697,52.975],[0.7,52.975],[0.7,52.975],[0.697,52.975]],[[0.702,52.975],[0.702,52.975],[0.702,52.975],[0.702,52.975]],[[0.702,52.975],[0.703,52.975],[0.702,52.975],[0.702,52.975]],[[0.723,52.972],[0.723,52.972],[0.723,52.972],[0.723,52.972]],[[0.723,52.972],[0.723,52.972],[0.723,52.972],[0.723,52.972]],[[0.722,52.972],[0.722,52.972],[0.721,52.972],[0.722,52.972]],[[0.722,52.972],[0.723,52.973],[0.721,52.973],[0.722,52.972]],[[0.721,52.973],[0.722,52.974],[0.721,52.973],[0.721,52.973]],[[0.728,52.973],[0.727,52.973],[0.728,52.973],[0.728,52.973]],[[0.734,52.974],[0.734,52.974],[0.734,52.974],[0.734,52.974]],[[0.734,52.974],[0.734,52.974],[0.734,52.974],[0.734,52.974]],[[0.735,52.974],[0.734,52.974],[0.734,52.974],[0.735,52.974]],[[0.649,52.971],[0.648,52.97],[0.648,52.97],[0.649,52.971]],[[0.751,52.972],[0.751,52.972],[0.75,52.971],[0.751,52.972]]]]}},{"type":"Feature","properties":{"code":"E14001406","name":"Northampton North","centroidLat":52.25623,"centroidLong":-0.88819},"geometry":{"type":"Polygon","coordinates":[[[-0.815,52.275],[-0.896,52.231],[-0.955,52.262],[-0.898,52.281],[-0.815,52.275]]]}},{"type":"Feature","properties":{"code":"E14001407","name":"Northampton South","centroidLat":52.2168,"centroidLong":-0.88174},"geometry":{"type":"Polygon","coordinates":[[[-0.791,52.242],[-0.841,52.237],[-0.837,52.212],[-0.894,52.186],[-0.968,52.219],[-0.971,52.235],[-0.955,52.262],[-0.914,52.23],[-0.886,52.232],[-0.809,52.275],[-0.791,52.242]]]}},{"type":"Feature","properties":{"code":"E14001408","name":"Norwich North","centroidLat":52.66252,"centroidLong":1.296274},"geometry":{"type":"Polygon","coordinates":[[[1.368,52.625],[1.259,52.639],[1.262,52.652],[1.222,52.673],[1.207,52.661],[1.218,52.673],[1.206,52.698],[1.223,52.702],[1.217,52.693],[1.249,52.668],[1.292,52.685],[1.33,52.669],[1.354,52.679],[1.368,52.625]]]}},{"type":"Feature","properties":{"code":"E14001409","name":"Norwich South","centroidLat":52.6248,"centroidLong":1.267055},"geometry":{"type":"Polygon","coordinates":[[[1.204,52.645],[1.262,52.652],[1.259,52.639],[1.283,52.642],[1.328,52.63],[1.314,52.62],[1.309,52.634],[1.303,52.635],[1.292,52.632],[1.288,52.633],[1.292,52.632],[1.308,52.634],[1.304,52.623],[1.321,52.618],[1.284,52.595],[1.258,52.598],[1.204,52.645]]]}},{"type":"Feature","properties":{"code":"E14001410","name":"Nottingham East","centroidLat":52.96698,"centroidLong":-1.13489},"geometry":{"type":"Polygon","coordinates":[[[-1.086,52.949],[-1.167,52.944],[-1.161,52.956],[-1.183,52.966],[-1.146,52.998],[-1.086,52.949]]]}},{"type":"Feature","properties":{"code":"E14001411","name":"Nottingham North and Kimberley","centroidLat":52.99407,"centroidLong":-1.21433},"geometry":{"type":"Polygon","coordinates":[[[-1.241,53.031],[-1.229,53.009],[-1.183,53.019],[-1.144,53.007],[-1.185,52.957],[-1.245,52.985],[-1.232,52.968],[-1.26,52.966],[-1.282,52.997],[-1.241,53.031]]]}},{"type":"Feature","properties":{"code":"E14001412","name":"Nottingham South","centroidLat":52.93693,"centroidLong":-1.18433},"geometry":{"type":"Polygon","coordinates":[[[-1.247,52.985],[-1.161,52.956],[-1.17,52.944],[-1.13,52.947],[-1.152,52.937],[-1.159,52.9],[-1.177,52.889],[-1.218,52.901],[-1.182,52.917],[-1.245,52.95],[-1.232,52.968],[-1.247,52.985]]]}},{"type":"Feature","properties":{"code":"E14001413","name":"Nuneaton","centroidLat":52.52655,"centroidLong":-1.53423},"geometry":{"type":"Polygon","coordinates":[[[-1.417,52.534],[-1.429,52.516],[-1.404,52.502],[-1.486,52.488],[-1.555,52.517],[-1.573,52.496],[-1.602,52.495],[-1.649,52.521],[-1.626,52.54],[-1.604,52.532],[-1.503,52.564],[-1.417,52.534]]]}},{"type":"Feature","properties":{"code":"E14001414","name":"Old Bexley and Sidcup","centroidLat":51.44228,"centroidLong":0.128095},"geometry":{"type":"Polygon","coordinates":[[[0.082,51.467],[0.124,51.462],[0.116,51.45],[0.171,51.441],[0.153,51.409],[0.075,51.432],[0.087,51.443],[0.082,51.467]]]}},{"type":"Feature","properties":{"code":"E14001415","name":"Oldham East and Saddleworth","centroidLat":53.57025,"centroidLong":-2.01799},"geometry":{"type":"Polygon","coordinates":[[[-2.027,53.624],[-1.913,53.552],[-1.927,53.521],[-1.917,53.513],[-1.956,53.504],[-2.031,53.53],[-2.111,53.525],[-2.114,53.547],[-2.093,53.564],[-2.125,53.575],[-2.124,53.589],[-2.06,53.592],[-2.027,53.624]]]}},{"type":"Feature","properties":{"code":"E14001416","name":"Oldham West, Chadderton and Royton","centroidLat":53.55018,"centroidLong":-2.13915},"geometry":{"type":"Polygon","coordinates":[[[-2.092,53.521],[-2.12,53.506],[-2.186,53.529],[-2.151,53.567],[-2.157,53.582],[-2.126,53.587],[-2.094,53.566],[-2.117,53.538],[-2.092,53.521]]]}},{"type":"Feature","properties":{"code":"S14000051","name":"Orkney and Shetland","centroidLat":60.50495,"centroidLong":-1.37344},"geometry":{"type":"MultiPolygon","coordinates":[[[[-3.065,58.846],[-3.114,58.837],[-3.102,58.829],[-3.077,58.832],[-3.08,58.814],[-3.128,58.813],[-3.148,58.828],[-3.121,58.843],[-3.065,58.846]]],[[[-3.353,58.932],[-3.318,58.909],[-3.314,58.906],[-3.212,58.878],[-3.231,58.87],[-3.198,58.853],[-3.215,58.84],[-3.191,58.836],[-3.206,58.827],[-3.17,58.821],[-3.259,58.787],[-3.152,58.807],[-3.139,58.802],[-3.154,58.787],[-3.13,58.788],[-3.294,58.776],[-3.328,58.817],[-3.37,58.837],[-3.38,58.868],[-3.435,58.872],[-3.403,58.922],[-3.353,58.932]]],[[[-3.314,58.939],[-3.267,58.924],[-3.285,58.92],[-3.314,58.939]]],[[[-3.222,59.154],[-3.073,59.123],[-3.046,59.105],[-3.062,59.096],[-3.004,59.072],[-3.012,59.039],[-3.065,59.05],[-3.061,59.024],[-3.123,59.01],[-3.111,59.004],[-3.054,58.993],[-3.041,59.009],[-3.007,59.01],[-2.96,58.985],[-2.932,59.015],[-2.901,59.01],[-2.915,58.993],[-2.888,58.991],[-2.919,58.983],[-2.919,58.965],[-2.888,58.96],[-2.855,58.986],[-2.799,58.992],[-2.792,58.965],[-2.848,58.958],[-2.825,58.934],[-2.842,58.925],[-2.801,58.929],[-2.785,58.916],[-2.786,58.941],[-2.805,58.948],[-2.71,58.973],[-2.71,58.922],[-2.786,58.915],[-2.833,58.872],[-2.846,58.889],[-2.897,58.896],[-2.884,58.89],[-2.913,58.869],[-2.885,58.874],[-2.888,58.855],[-2.858,58.853],[-2.901,58.842],[-2.889,58.823],[-2.879,58.822],[-2.878,58.819],[-2.931,58.794],[-2.921,58.783],[-2.94,58.767],[-2.909,58.755],[-2.917,58.735],[-2.962,58.73],[-2.992,58.754],[-2.979,58.786],[-3.022,58.805],[-3.01,58.813],[-2.997,58.8],[-2.974,58.818],[-3.037,58.819],[-3.013,58.833],[-2.958,58.826],[-2.908,58.839],[-2.989,58.854],[-2.915,58.855],[-2.924,58.877],[-2.896,58.89],[-2.931,58.891],[-2.973,58.94],[-2.97,58.96],[-3.2,58.912],[-3.228,58.932],[-3.23,58.966],[-3.248,58.982],[-3.264,58.962],[-3.294,58.968],[-3.3,58.95],[-3.356,58.965],[-3.366,59.015],[-3.348,59.038],[-3.357,59.048],[-3.335,59.055],[-3.349,59.062],[-3.358,59.104],[-3.32,59.123],[-3.326,59.135],[-3.222,59.154]],[[-3.087,59.12],[-3.087,59.12],[-3.088,59.12],[-3.087,59.12]],[[-3.087,59.12],[-3.087,59.119],[-3.087,59.118],[-3.086,59.12],[-3.087,59.12]],[[-3.087,59.118],[-3.087,59.118],[-3.087,59.118],[-3.087,59.118]],[[-3.088,59.118],[-3.087,59.118],[-3.087,59.118],[-3.088,59.118]],[[-3.124,59.01],[-3.123,59.01],[-3.123,59.01],[-3.124,59.01]],[[-2.911,58.962],[-2.911,58.962],[-2.911,58.962],[-2.911,58.962]],[[-2.912,58.962],[-2.912,58.962],[-2.911,58.962],[-2.912,58.962]],[[-2.846,58.96],[-2.847,58.96],[-2.846,58.96],[-2.846,58.96]],[[-2.847,58.96],[-2.847,58.96],[-2.847,58.96],[-2.847,58.96]],[[-2.879,58.82],[-2.878,58.82],[-2.879,58.82],[-2.879,58.82]]],[[[-3.082,59.198],[-3.03,59.178],[-2.953,59.18],[-2.979,59.163],[-2.964,59.136],[-3.042,59.127],[-3.115,59.162],[-3.082,59.198]]],[[[-2.962,59.34],[-2.955,59.328],[-2.989,59.317],[-2.904,59.304],[-2.881,59.266],[-2.856,59.269],[-2.837,59.247],[-2.859,59.251],[-2.886,59.229],[-2.876,59.256],[-2.957,59.29],[-2.967,59.287],[-2.948,59.273],[-2.978,59.268],[-2.982,59.266],[-2.98,59.26],[-2.983,59.259],[-3.025,59.278],[-3.031,59.312],[-3.071,59.33],[-3.005,59.327],[-2.952,59.36],[-2.945,59.349],[-2.962,59.34]]],[[[-2.803,59.087],[-2.824,59.047],[-2.805,59.029],[-2.825,59.019],[-2.935,59.032],[-2.902,59.077],[-2.862,59.052],[-2.84,59.077],[-2.803,59.087]]],[[[-2.945,59.155],[-2.908,59.161],[-2.92,59.125],[-2.945,59.155]]],[[[-2.734,59.224],[-2.766,59.192],[-2.743,59.143],[-2.79,59.138],[-2.794,59.16],[-2.827,59.176],[-2.823,59.195],[-2.778,59.192],[-2.791,59.214],[-2.784,59.24],[-2.755,59.25],[-2.763,59.232],[-2.734,59.224]]],[[[-2.869,59.373],[-2.889,59.354],[-2.881,59.328],[-2.907,59.324],[-2.911,59.35],[-2.891,59.383],[-2.869,59.373]]],[[[-2.617,59.153],[-2.636,59.155],[-2.571,59.141],[-2.605,59.137],[-2.596,59.116],[-2.537,59.122],[-2.553,59.111],[-2.527,59.093],[-2.536,59.077],[-2.606,59.072],[-2.605,59.097],[-2.632,59.108],[-2.658,59.1],[-2.651,59.076],[-2.689,59.078],[-2.67,59.109],[-2.621,59.118],[-2.675,59.153],[-2.63,59.162],[-2.617,59.153]]],[[[-2.39,59.278],[-2.48,59.276],[-2.519,59.241],[-2.506,59.223],[-2.524,59.234],[-2.511,59.253],[-2.526,59.258],[-2.538,59.251],[-2.524,59.239],[-2.566,59.236],[-2.569,59.221],[-2.581,59.226],[-2.577,59.237],[-2.561,59.238],[-2.57,59.245],[-2.602,59.229],[-2.631,59.237],[-2.674,59.191],[-2.684,59.204],[-2.686,59.186],[-2.701,59.195],[-2.696,59.221],[-2.593,59.269],[-2.616,59.295],[-2.529,59.303],[-2.583,59.264],[-2.545,59.26],[-2.422,59.313],[-2.417,59.288],[-2.39,59.278]]],[[[-2.432,59.386],[-2.374,59.382],[-2.398,59.383],[-2.409,59.378],[-2.398,59.356],[-2.418,59.348],[-2.45,59.358],[-2.432,59.386]]],[[[-2.052,60.157],[-2.04,60.14],[-2.062,60.11],[-2.117,60.134],[-2.09,60.155],[-2.052,60.157]]],[[[-1.739,60.337],[-1.687,60.331],[-1.668,60.343],[-1.676,60.329],[-1.661,60.324],[-1.691,60.315],[-1.704,60.315],[-1.702,60.328],[-1.717,60.319],[-1.739,60.337]]],[[[-1.64,59.552],[-1.597,59.54],[-1.616,59.533],[-1.609,59.523],[-1.626,59.527],[-1.629,59.514],[-1.638,59.511],[-1.655,59.513],[-1.64,59.552]],[[-1.644,59.536],[-1.642,59.536],[-1.644,59.536],[-1.644,59.536]]],[[[-1.473,60.341],[-1.461,60.335],[-1.438,60.327],[-1.476,60.311],[-1.482,60.321],[-1.466,60.327],[-1.491,60.327],[-1.473,60.341]]],[[[-1.648,60.216],[-1.637,60.229],[-1.69,60.234],[-1.698,60.247],[-1.686,60.254],[-1.703,60.255],[-1.68,60.277],[-1.7,60.282],[-1.693,60.298],[-1.606,60.308],[-1.572,60.287],[-1.578,60.302],[-1.536,60.292],[-1.551,60.306],[-1.505,60.32],[-1.478,60.274],[-1.459,60.289],[-1.478,60.289],[-1.488,60.307],[-1.445,60.297],[-1.466,60.305],[-1.46,60.305],[-1.438,60.309],[-1.463,60.313],[-1.427,60.329],[-1.419,60.315],[-1.388,60.314],[-1.375,60.284],[-1.366,60.299],[-1.339,60.301],[-1.376,60.323],[-1.356,60.345],[-1.331,60.337],[-1.34,60.36],[-1.262,60.351],[-1.302,60.37],[-1.364,60.369],[-1.344,60.383],[-1.351,60.385],[-1.352,60.392],[-1.353,60.395],[-1.354,60.395],[-1.378,60.377],[-1.405,60.384],[-1.41,60.396],[-1.385,60.398],[-1.416,60.404],[-1.39,60.408],[-1.399,60.419],[-1.453,60.416],[-1.449,60.444],[-1.422,60.451],[-1.465,60.452],[-1.464,60.465],[-1.43,60.471],[-1.466,60.468],[-1.454,60.49],[-1.489,60.476],[-1.497,60.453],[-1.515,60.466],[-1.494,60.476],[-1.496,60.484],[-1.632,60.483],[-1.613,60.508],[-1.562,60.504],[-1.579,60.509],[-1.566,60.538],[-1.533,60.556],[-1.518,60.532],[-1.45,60.505],[-1.394,60.512],[-1.455,60.511],[-1.482,60.531],[-1.493,60.533],[-1.498,60.537],[-1.498,60.538],[-1.435,60.574],[-1.445,60.588],[-1.419,60.602],[-1.435,60.603],[-1.421,60.615],[-1.339,60.599],[-1.344,60.627],[-1.308,60.638],[-1.315,60.625],[-1.301,60.62],[-1.309,60.59],[-1.336,60.583],[-1.314,60.571],[-1.316,60.541],[-1.353,60.542],[-1.367,60.526],[-1.324,60.525],[-1.363,60.517],[-1.324,60.511],[-1.356,60.479],[-1.31,60.496],[-1.331,60.478],[-1.32,60.452],[-1.35,60.456],[-1.338,60.452],[-1.364,60.429],[-1.356,60.413],[-1.383,60.404],[-1.378,60.394],[-1.328,60.411],[-1.347,60.414],[-1.33,60.437],[-1.26,60.443],[-1.303,60.464],[-1.28,60.488],[-1.262,60.476],[-1.227,60.495],[-1.203,60.478],[-1.208,60.456],[-1.176,60.456],[-1.203,60.445],[-1.165,60.44],[-1.194,60.432],[-1.173,60.434],[-1.167,60.42],[-1.195,60.432],[-1.261,60.399],[-1.194,60.42],[-1.226,60.402],[-1.17,60.414],[-1.171,60.399],[-1.166,60.397],[-1.167,60.381],[-1.164,60.377],[-1.151,60.404],[-1.122,60.404],[-1.137,60.412],[-1.119,60.429],[-1.098,60.418],[-1.089,60.437],[-1.049,60.448],[-1.141,60.383],[-1.129,60.369],[-1.108,60.394],[-1.075,60.388],[-1.075,60.357],[-1.118,60.345],[-1.194,60.353],[-1.175,60.347],[-1.169,60.322],[-1.156,60.338],[-1.134,60.32],[-1.085,60.326],[-1.093,60.31],[-1.082,60.305],[-1.16,60.281],[-1.143,60.28],[-1.154,60.273],[-1.149,60.265],[-1.108,60.276],[-1.102,60.259],[-1.144,60.259],[-1.154,60.247],[-1.139,60.25],[-1.17,60.238],[-1.178,60.253],[-1.165,60.26],[-1.199,60.27],[-1.21,60.266],[-1.194,60.245],[-1.231,60.23],[-1.185,60.232],[-1.222,60.199],[-1.167,60.223],[-1.219,60.171],[-1.154,60.204],[-1.159,60.189],[-1.145,60.189],[-1.163,60.166],[-1.132,60.149],[-1.16,60.149],[-1.155,60.129],[-1.173,60.141],[-1.175,60.119],[-1.204,60.131],[-1.199,60.106],[-1.226,60.1],[-1.207,60.09],[-1.217,60.074],[-1.204,60.048],[-1.172,60.041],[-1.208,60.035],[-1.213,60.041],[-1.207,60.042],[-1.209,60.047],[-1.233,60.033],[-1.198,59.991],[-1.205,59.972],[-1.221,59.995],[-1.234,59.981],[-1.253,59.997],[-1.278,59.99],[-1.254,59.976],[-1.258,59.936],[-1.292,59.922],[-1.269,59.908],[-1.272,59.886],[-1.3,59.884],[-1.269,59.876],[-1.274,59.853],[-1.297,59.876],[-1.301,59.875],[-1.306,59.862],[-1.309,59.862],[-1.308,59.858],[-1.313,59.855],[-1.306,59.882],[-1.319,59.898],[-1.382,59.889],[-1.392,59.913],[-1.364,59.921],[-1.364,59.946],[-1.329,59.948],[-1.332,59.969],[-1.361,59.969],[-1.355,59.981],[-1.33,59.972],[-1.347,59.999],[-1.318,60.013],[-1.272,60.098],[-1.267,60.137],[-1.306,60.133],[-1.283,60.195],[-1.316,60.159],[-1.318,60.172],[-1.271,60.222],[-1.267,60.238],[-1.328,60.164],[-1.29,60.255],[-1.348,60.201],[-1.369,60.235],[-1.357,60.246],[-1.435,60.255],[-1.376,60.237],[-1.36,60.195],[-1.373,60.19],[-1.369,60.21],[-1.395,60.2],[-1.394,60.216],[-1.395,60.217],[-1.396,60.218],[-1.396,60.219],[-1.397,60.219],[-1.401,60.179],[-1.422,60.165],[-1.438,60.189],[-1.453,60.176],[-1.451,60.153],[-1.462,60.146],[-1.47,60.16],[-1.511,60.165],[-1.512,60.183],[-1.547,60.187],[-1.543,60.204],[-1.484,60.204],[-1.504,60.209],[-1.47,60.221],[-1.507,60.215],[-1.491,60.231],[-1.522,60.237],[-1.511,60.242],[-1.534,60.247],[-1.515,60.229],[-1.558,60.199],[-1.551,60.221],[-1.564,60.229],[-1.612,60.22],[-1.598,60.211],[-1.618,60.206],[-1.648,60.216]],[[-1.353,60.395],[-1.353,60.395],[-1.353,60.395],[-1.353,60.395]],[[-1.353,60.395],[-1.354,60.395],[-1.353,60.395],[-1.353,60.395]],[[-1.355,60.395],[-1.355,60.395],[-1.354,60.395],[-1.355,60.395]],[[-1.355,60.396],[-1.355,60.395],[-1.355,60.395],[-1.355,60.396]],[[-1.454,60.49],[-1.454,60.49],[-1.454,60.49],[-1.454,60.49]],[[-1.453,60.49],[-1.454,60.49],[-1.454,60.49],[-1.453,60.49]],[[-1.329,60.578],[-1.328,60.578],[-1.329,60.578],[-1.329,60.578]],[[-1.331,60.578],[-1.331,60.576],[-1.329,60.578],[-1.331,60.578]],[[-1.357,60.479],[-1.356,60.479],[-1.356,60.479],[-1.357,60.479]],[[-1.357,60.479],[-1.357,60.479],[-1.357,60.479],[-1.357,60.479]],[[-1.371,60.413],[-1.371,60.413],[-1.371,60.413],[-1.371,60.413]],[[-1.372,60.413],[-1.371,60.414],[-1.372,60.413],[-1.372,60.413]],[[-1.176,60.331],[-1.176,60.331],[-1.176,60.331],[-1.176,60.331]],[[-1.176,60.331],[-1.176,60.331],[-1.176,60.331],[-1.176,60.331]],[[-1.216,60.171],[-1.216,60.171],[-1.216,60.171],[-1.216,60.171]],[[-1.216,60.171],[-1.216,60.171],[-1.216,60.171],[-1.216,60.171]],[[-1.267,60.238],[-1.266,60.239],[-1.267,60.238],[-1.267,60.238]],[[-1.265,60.24],[-1.266,60.239],[-1.266,60.239],[-1.265,60.24]],[[-1.418,60.257],[-1.418,60.257],[-1.418,60.257],[-1.418,60.257]],[[-1.417,60.257],[-1.417,60.257],[-1.418,60.259],[-1.417,60.257]],[[-1.433,60.253],[-1.432,60.253],[-1.432,60.253],[-1.433,60.253]],[[-1.469,60.222],[-1.47,60.222],[-1.47,60.222],[-1.469,60.222]]],[[[-1.438,60.391],[-1.382,60.376],[-1.381,60.358],[-1.445,60.347],[-1.476,60.374],[-1.438,60.391]]],[[[-1.3,60.097],[-1.331,60.043],[-1.341,60.043],[-1.324,60.061],[-1.33,60.082],[-1.3,60.097]]],[[[-1.312,60.117],[-1.334,60.081],[-1.335,60.066],[-1.351,60.049],[-1.376,60.043],[-1.344,60.059],[-1.353,60.062],[-1.357,60.069],[-1.356,60.072],[-1.351,60.073],[-1.349,60.075],[-1.356,60.079],[-1.326,60.095],[-1.328,60.101],[-1.341,60.098],[-1.349,60.107],[-1.312,60.117]],[[-1.355,60.071],[-1.355,60.071],[-1.355,60.071],[-1.355,60.071]]],[[[-1.013,60.152],[-1.003,60.139],[-1.014,60.131],[-1.047,60.149],[-1.013,60.152]]],[[[-1.08,60.189],[-1.072,60.158],[-1.045,60.166],[-1.071,60.104],[-1.122,60.12],[-1.115,60.158],[-1.147,60.18],[-1.079,60.171],[-1.09,60.186],[-1.08,60.189]]],[[[-0.903,60.381],[-0.979,60.331],[-1.038,60.335],[-1.003,60.369],[-0.903,60.381]]],[[[-1.078,60.732],[-1.0,60.721],[-1.009,60.713],[-0.987,60.7],[-1.004,60.704],[-1.008,60.701],[-0.995,60.698],[-1.0,60.649],[-0.981,60.639],[-1.033,60.643],[-1.069,60.672],[-1.019,60.617],[-1.047,60.6],[-1.07,60.611],[-1.073,60.609],[-1.086,60.606],[-1.09,60.605],[-1.091,60.604],[-1.031,60.597],[-1.003,60.581],[-1.004,60.566],[-1.024,60.561],[-1.017,60.547],[-1.049,60.55],[-1.044,60.534],[-1.021,60.532],[-1.032,60.494],[-1.069,60.49],[-1.117,60.51],[-1.122,60.498],[-1.099,60.486],[-1.146,60.484],[-1.188,60.522],[-1.177,60.526],[-1.19,60.546],[-1.181,60.572],[-1.203,60.567],[-1.187,60.583],[-1.203,60.607],[-1.158,60.658],[-1.153,60.621],[-1.137,60.622],[-1.122,60.606],[-1.107,60.604],[-1.13,60.624],[-1.146,60.628],[-1.126,60.692],[-1.135,60.705],[-1.119,60.719],[-1.128,60.727],[-1.109,60.731],[-1.083,60.726],[-1.075,60.707],[-1.078,60.732]],[[-1.187,60.583],[-1.187,60.583],[-1.187,60.583],[-1.187,60.583]],[[-1.185,60.583],[-1.185,60.583],[-1.185,60.582],[-1.185,60.583]],[[-1.105,60.604],[-1.107,60.604],[-1.107,60.604],[-1.105,60.604]]],[[[-0.936,60.631],[-0.832,60.628],[-0.81,60.599],[-0.778,60.616],[-0.765,60.604],[-0.801,60.568],[-0.831,60.588],[-0.894,60.592],[-0.86,60.569],[-0.887,60.562],[-0.949,60.612],[-0.936,60.631]]],[[[-0.868,60.836],[-0.881,60.805],[-0.835,60.844],[-0.759,60.816],[-0.804,60.81],[-0.777,60.797],[-0.781,60.78],[-0.836,60.787],[-0.803,60.758],[-0.866,60.757],[-0.813,60.749],[-0.871,60.702],[-0.831,60.685],[-0.857,60.674],[-0.908,60.69],[-0.947,60.673],[-0.981,60.684],[-0.965,60.696],[-0.984,60.72],[-0.954,60.716],[-0.965,60.737],[-0.939,60.751],[-0.932,60.782],[-0.955,60.791],[-0.895,60.83],[-0.9,60.841],[-0.868,60.836]]]]}},{"type":"Feature","properties":{"code":"E14001417","name":"Orpington","centroidLat":51.36707,"centroidLong":0.100427},"geometry":{"type":"Polygon","coordinates":[[[0.104,51.415],[0.162,51.392],[0.148,51.393],[0.137,51.344],[0.085,51.316],[0.086,51.293],[0.042,51.293],[0.04,51.349],[0.066,51.389],[0.059,51.404],[0.095,51.395],[0.088,51.406],[0.104,51.415]]]}},{"type":"Feature","properties":{"code":"E14001418","name":"Ossett and Denby Dale","centroidLat":53.6296,"centroidLong":-1.55333},"geometry":{"type":"Polygon","coordinates":[[[-1.554,53.703],[-1.553,53.676],[-1.529,53.656],[-1.468,53.671],[-1.472,53.644],[-1.512,53.624],[-1.49,53.618],[-1.501,53.6],[-1.59,53.607],[-1.616,53.563],[-1.699,53.554],[-1.733,53.585],[-1.76,53.587],[-1.755,53.6],[-1.777,53.616],[-1.725,53.634],[-1.702,53.622],[-1.612,53.627],[-1.625,53.654],[-1.59,53.661],[-1.615,53.675],[-1.592,53.689],[-1.602,53.696],[-1.554,53.703]]]}},{"type":"Feature","properties":{"code":"E14001419","name":"Oxford East","centroidLat":51.74173,"centroidLong":-1.22178},"geometry":{"type":"Polygon","coordinates":[[[-1.176,51.733],[-1.222,51.711],[-1.254,51.728],[-1.267,51.747],[-1.238,51.755],[-1.258,51.785],[-1.18,51.766],[-1.195,51.754],[-1.194,51.737],[-1.176,51.733]]]}},{"type":"Feature","properties":{"code":"E14001420","name":"Oxford West and Abingdon","centroidLat":51.72236,"centroidLong":-1.29694},"geometry":{"type":"Polygon","coordinates":[[[-1.253,51.786],[-1.238,51.755],[-1.268,51.743],[-1.241,51.725],[-1.227,51.676],[-1.278,51.669],[-1.288,51.652],[-1.369,51.663],[-1.349,51.703],[-1.331,51.695],[-1.32,51.715],[-1.371,51.735],[-1.364,51.772],[-1.284,51.796],[-1.253,51.786]]]}},{"type":"Feature","properties":{"code":"S14000101","name":"Paisley and Renfrewshire North","centroidLat":55.88397,"centroidLong":-4.46579},"geometry":{"type":"Polygon","coordinates":[[[-4.355,55.873],[-4.333,55.846],[-4.362,55.837],[-4.431,55.852],[-4.463,55.84],[-4.461,55.855],[-4.479,55.852],[-4.463,55.863],[-4.471,55.875],[-4.505,55.867],[-4.53,55.888],[-4.635,55.914],[-4.614,55.93],[-4.487,55.926],[-4.407,55.892],[-4.412,55.881],[-4.419,55.883],[-4.439,55.879],[-4.441,55.878],[-4.444,55.875],[-4.453,55.875],[-4.461,55.871],[-4.468,55.875],[-4.47,55.876],[-4.471,55.875],[-4.462,55.866],[-4.407,55.882],[-4.422,55.867],[-4.426,55.855],[-4.422,55.851],[-4.422,55.863],[-4.409,55.875],[-4.403,55.891],[-4.355,55.873]]]}},{"type":"Feature","properties":{"code":"S14000102","name":"Paisley and Renfrewshire South","centroidLat":55.81753,"centroidLong":-4.5566},"geometry":{"type":"Polygon","coordinates":[[[-4.371,55.838],[-4.401,55.811],[-4.495,55.801],[-4.551,55.766],[-4.575,55.783],[-4.66,55.76],[-4.686,55.804],[-4.72,55.805],[-4.722,55.821],[-4.784,55.842],[-4.729,55.853],[-4.578,55.837],[-4.481,55.875],[-4.463,55.866],[-4.479,55.852],[-4.461,55.855],[-4.463,55.84],[-4.431,55.852],[-4.371,55.838]]]}},{"type":"Feature","properties":{"code":"E14001421","name":"Peckham","centroidLat":51.47721,"centroidLong":-0.06932},"geometry":{"type":"Polygon","coordinates":[[[-0.054,51.488],[-0.05,51.459],[-0.091,51.468],[-0.102,51.492],[-0.054,51.488]]]}},{"type":"Feature","properties":{"code":"E14001422","name":"Pendle and Clitheroe","centroidLat":53.87262,"centroidLong":-2.24895},"geometry":{"type":"Polygon","coordinates":[[[-2.046,53.85],[-2.047,53.83],[-2.112,53.806],[-2.232,53.836],[-2.277,53.824],[-2.28,53.808],[-2.302,53.821],[-2.366,53.793],[-2.417,53.815],[-2.409,53.859],[-2.425,53.859],[-2.353,53.906],[-2.284,53.9],[-2.259,53.882],[-2.229,53.889],[-2.246,53.933],[-2.184,53.952],[-2.182,53.935],[-2.113,53.915],[-2.081,53.876],[-2.09,53.868],[-2.046,53.85]]]}},{"type":"Feature","properties":{"code":"E14001423","name":"Penistone and Stocksbridge","centroidLat":53.51232,"centroidLong":-1.65331},"geometry":{"type":"Polygon","coordinates":[[[-1.558,53.606],[-1.574,53.587],[-1.498,53.553],[-1.508,53.539],[-1.482,53.527],[-1.49,53.51],[-1.433,53.438],[-1.563,53.426],[-1.651,53.446],[-1.73,53.416],[-1.747,53.426],[-1.745,53.462],[-1.801,53.481],[-1.796,53.503],[-1.823,53.52],[-1.804,53.537],[-1.742,53.541],[-1.723,53.56],[-1.616,53.563],[-1.596,53.577],[-1.591,53.607],[-1.558,53.606]]]}},{"type":"Feature","properties":{"code":"E14001424","name":"Penrith and Solway","centroidLat":54.70838,"centroidLong":-2.63719},"geometry":{"type":"Polygon","coordinates":[[[-3.014,54.924],[-2.973,54.914],[-2.991,54.897],[-2.983,54.876],[-2.889,54.872],[-2.851,54.85],[-2.849,54.833],[-2.799,54.819],[-2.75,54.829],[-2.69,54.819],[-2.701,54.834],[-2.624,54.854],[-2.583,54.846],[-2.558,54.817],[-2.523,54.806],[-2.412,54.856],[-2.327,54.805],[-2.308,54.774],[-2.356,54.696],[-2.466,54.701],[-2.604,54.647],[-2.642,54.673],[-2.755,54.646],[-2.877,54.706],[-2.916,54.697],[-2.986,54.728],[-2.996,54.695],[-3.082,54.695],[-3.087,54.686],[-3.055,54.68],[-3.091,54.659],[-3.092,54.617],[-3.007,54.595],[-3.037,54.581],[-3.018,54.575],[-3.026,54.53],[-3.011,54.507],[-3.088,54.484],[-3.113,54.461],[-3.136,54.471],[-3.167,54.454],[-3.219,54.482],[-3.225,54.502],[-3.36,54.538],[-3.378,54.576],[-3.423,54.594],[-3.376,54.62],[-3.391,54.627],[-3.383,54.638],[-3.348,54.643],[-3.457,54.657],[-3.511,54.706],[-3.437,54.759],[-3.438,54.802],[-3.4,54.867],[-3.367,54.892],[-3.338,54.9],[-3.335,54.899],[-3.341,54.897],[-3.356,54.892],[-3.356,54.891],[-3.341,54.896],[-3.286,54.878],[-3.282,54.876],[-3.287,54.868],[-3.283,54.862],[-3.292,54.86],[-3.296,54.859],[-3.297,54.857],[-3.296,54.857],[-3.28,54.862],[-3.285,54.867],[-3.277,54.878],[-3.282,54.88],[-3.287,54.891],[-3.262,54.895],[-3.267,54.891],[-3.266,54.89],[-3.266,54.889],[-3.264,54.889],[-3.254,54.911],[-3.233,54.909],[-3.221,54.902],[-3.209,54.904],[-3.201,54.908],[-3.202,54.909],[-3.198,54.908],[-3.196,54.909],[-3.195,54.911],[-3.192,54.911],[-3.192,54.909],[-3.19,54.909],[-3.188,54.91],[-3.187,54.909],[-3.188,54.908],[-3.191,54.908],[-3.193,54.907],[-3.193,54.907],[-3.19,54.906],[-3.19,54.906],[-3.192,54.9],[-3.191,54.9],[-3.187,54.909],[-3.188,54.91],[-3.192,54.909],[-3.191,54.912],[-3.194,54.912],[-3.203,54.91],[-3.21,54.904],[-3.221,54.902],[-3.233,54.911],[-3.249,54.914],[-3.261,54.91],[-3.272,54.9],[-3.303,54.909],[-3.314,54.915],[-3.285,54.942],[-3.204,54.954],[-3.112,54.927],[-3.062,54.945],[-3.015,54.947],[-3.003,54.938],[-3.014,54.924]],[[-3.495,54.712],[-3.495,54.712],[-3.496,54.712],[-3.495,54.712]],[[-3.494,54.713],[-3.494,54.713],[-3.495,54.712],[-3.494,54.713]],[[-3.356,54.892],[-3.356,54.892],[-3.356,54.892],[-3.356,54.892]],[[-3.36,54.891],[-3.358,54.892],[-3.359,54.891],[-3.36,54.891]],[[-3.36,54.89],[-3.359,54.89],[-3.359,54.89],[-3.36,54.89]],[[-3.36,54.89],[-3.361,54.89],[-3.36,54.89],[-3.36,54.89]],[[-3.361,54.889],[-3.36,54.889],[-3.361,54.889],[-3.361,54.889]],[[-3.359,54.888],[-3.359,54.888],[-3.36,54.889],[-3.359,54.888]],[[-3.359,54.888],[-3.359,54.888],[-3.359,54.888],[-3.359,54.888]],[[-3.359,54.888],[-3.358,54.888],[-3.357,54.888],[-3.358,54.889],[-3.359,54.888]],[[-3.357,54.888],[-3.357,54.888],[-3.357,54.888],[-3.357,54.888]],[[-3.358,54.888],[-3.357,54.888],[-3.357,54.888],[-3.358,54.888]],[[-3.358,54.888],[-3.358,54.888],[-3.358,54.888],[-3.358,54.888]],[[-3.358,54.888],[-3.36,54.886],[-3.36,54.886],[-3.358,54.888]],[[-3.36,54.886],[-3.36,54.886],[-3.36,54.886],[-3.36,54.886]],[[-3.359,54.886],[-3.359,54.886],[-3.36,54.886],[-3.359,54.886]],[[-3.359,54.886],[-3.359,54.886],[-3.359,54.886],[-3.359,54.886]],[[-3.359,54.886],[-3.358,54.886],[-3.359,54.886],[-3.359,54.886]],[[-3.355,54.891],[-3.353,54.89],[-3.353,54.89],[-3.355,54.891]],[[-3.353,54.89],[-3.353,54.888],[-3.353,54.89],[-3.353,54.89]],[[-3.352,54.889],[-3.352,54.889],[-3.353,54.89],[-3.352,54.889]],[[-3.352,54.889],[-3.351,54.889],[-3.351,54.89],[-3.352,54.889]],[[-3.351,54.889],[-3.351,54.889],[-3.351,54.889],[-3.351,54.889]],[[-3.35,54.889],[-3.35,54.888],[-3.351,54.889],[-3.35,54.889]],[[-3.346,54.889],[-3.346,54.889],[-3.346,54.889],[-3.346,54.889]],[[-3.345,54.888],[-3.346,54.888],[-3.346,54.888],[-3.346,54.888],[-3.345,54.888]],[[-3.341,54.886],[-3.34,54.886],[-3.341,54.886],[-3.341,54.886]],[[-3.335,54.886],[-3.338,54.886],[-3.343,54.885],[-3.343,54.884],[-3.335,54.886]],[[-3.341,54.883],[-3.342,54.883],[-3.343,54.884],[-3.341,54.883]],[[-3.341,54.883],[-3.341,54.883],[-3.341,54.883],[-3.341,54.883]],[[-3.341,54.883],[-3.341,54.883],[-3.341,54.883],[-3.341,54.883]],[[-3.334,54.886],[-3.334,54.886],[-3.335,54.886],[-3.334,54.886]],[[-3.334,54.886],[-3.334,54.886],[-3.327,54.885],[-3.334,54.886]],[[-3.343,54.893],[-3.341,54.891],[-3.343,54.893],[-3.343,54.893]],[[-3.34,54.892],[-3.341,54.892],[-3.34,54.892],[-3.34,54.892]],[[-3.342,54.894],[-3.342,54.894],[-3.343,54.895],[-3.342,54.894]],[[-3.341,54.894],[-3.341,54.893],[-3.342,54.894],[-3.341,54.894]],[[-3.335,54.889],[-3.335,54.889],[-3.335,54.889],[-3.335,54.889]],[[-3.335,54.889],[-3.336,54.888],[-3.334,54.888],[-3.335,54.889]],[[-3.33,54.89],[-3.33,54.89],[-3.33,54.89],[-3.33,54.89]],[[-3.33,54.89],[-3.329,54.889],[-3.328,54.889],[-3.33,54.89]],[[-3.33,54.889],[-3.33,54.889],[-3.33,54.889],[-3.33,54.889]],[[-3.33,54.888],[-3.33,54.888],[-3.33,54.889],[-3.33,54.888]],[[-3.329,54.889],[-3.329,54.889],[-3.329,54.889],[-3.329,54.889]],[[-3.329,54.888],[-3.328,54.889],[-3.329,54.889],[-3.329,54.888]],[[-3.326,54.887],[-3.326,54.887],[-3.326,54.888],[-3.326,54.887]],[[-3.326,54.887],[-3.326,54.887],[-3.326,54.887],[-3.326,54.887]],[[-3.317,54.888],[-3.317,54.888],[-3.317,54.888],[-3.317,54.888]],[[-3.318,54.889],[-3.319,54.888],[-3.317,54.888],[-3.318,54.889]],[[-3.319,54.888],[-3.319,54.888],[-3.319,54.888],[-3.319,54.888]],[[-3.319,54.888],[-3.319,54.888],[-3.319,54.888],[-3.319,54.888]],[[-3.3,54.882],[-3.3,54.882],[-3.3,54.882],[-3.3,54.882]],[[-3.302,54.882],[-3.301,54.882],[-3.3,54.882],[-3.302,54.882]],[[-3.3,54.881],[-3.3,54.881],[-3.3,54.881],[-3.3,54.881]],[[-3.3,54.88],[-3.299,54.88],[-3.3,54.881],[-3.3,54.88]],[[-3.299,54.88],[-3.298,54.88],[-3.299,54.88],[-3.299,54.88]],[[-3.298,54.88],[-3.298,54.88],[-3.298,54.88],[-3.298,54.88]],[[-3.296,54.88],[-3.296,54.88],[-3.296,54.88],[-3.296,54.88]],[[-3.297,54.878],[-3.296,54.88],[-3.296,54.879],[-3.297,54.878]],[[-3.295,54.879],[-3.295,54.878],[-3.295,54.879],[-3.295,54.879]],[[-3.294,54.878],[-3.295,54.877],[-3.294,54.877],[-3.294,54.876],[-3.294,54.877],[-3.294,54.878],[-3.293,54.877],[-3.293,54.877],[-3.294,54.878]],[[-3.293,54.877],[-3.29,54.875],[-3.293,54.877],[-3.293,54.877]],[[-3.287,54.868],[-3.287,54.867],[-3.287,54.868],[-3.287,54.868]],[[-3.288,54.867],[-3.287,54.867],[-3.287,54.867],[-3.288,54.867]],[[-3.296,54.857],[-3.296,54.857],[-3.296,54.857],[-3.296,54.857]],[[-3.296,54.857],[-3.295,54.855],[-3.292,54.854],[-3.289,54.854],[-3.289,54.854],[-3.288,54.853],[-3.285,54.854],[-3.283,54.853],[-3.285,54.854],[-3.295,54.855],[-3.296,54.857]],[[-3.281,54.87],[-3.281,54.87],[-3.281,54.87],[-3.281,54.87]],[[-3.28,54.87],[-3.28,54.87],[-3.279,54.868],[-3.278,54.869],[-3.28,54.87]],[[-3.278,54.869],[-3.278,54.869],[-3.278,54.869],[-3.278,54.869]],[[-3.277,54.868],[-3.278,54.869],[-3.278,54.869],[-3.277,54.868]],[[-3.277,54.878],[-3.277,54.878],[-3.277,54.878],[-3.277,54.878]],[[-3.277,54.878],[-3.277,54.878],[-3.277,54.878],[-3.277,54.878]],[[-3.279,54.879],[-3.279,54.879],[-3.279,54.879],[-3.279,54.879]],[[-3.279,54.879],[-3.278,54.879],[-3.279,54.88],[-3.279,54.879]],[[-3.276,54.891],[-3.278,54.891],[-3.274,54.89],[-3.276,54.891]],[[-3.275,54.889],[-3.275,54.889],[-3.275,54.889],[-3.275,54.889]],[[-3.275,54.889],[-3.275,54.888],[-3.275,54.889],[-3.275,54.889]],[[-3.272,54.89],[-3.272,54.89],[-3.272,54.89],[-3.272,54.89]],[[-3.272,54.89],[-3.271,54.889],[-3.272,54.89],[-3.272,54.89]],[[-3.255,54.896],[-3.255,54.897],[-3.256,54.897],[-3.255,54.896]],[[-3.253,54.9],[-3.253,54.9],[-3.253,54.9],[-3.253,54.9]],[[-3.252,54.899],[-3.253,54.898],[-3.251,54.899],[-3.252,54.899]],[[-3.242,54.907],[-3.243,54.908],[-3.243,54.908],[-3.242,54.907]],[[-3.191,54.9],[-3.191,54.9],[-3.191,54.9],[-3.191,54.9]],[[-3.191,54.9],[-3.19,54.901],[-3.191,54.9],[-3.191,54.9]],[[-3.19,54.901],[-3.19,54.901],[-3.19,54.901],[-3.19,54.901]],[[-3.189,54.902],[-3.188,54.901],[-3.186,54.9],[-3.189,54.902],[-3.19,54.902],[-3.19,54.901],[-3.189,54.902]],[[-3.186,54.9],[-3.185,54.899],[-3.186,54.9],[-3.186,54.9]],[[-3.19,54.899],[-3.19,54.899],[-3.186,54.893],[-3.19,54.899]],[[-3.286,54.905],[-3.286,54.905],[-3.286,54.905],[-3.286,54.905]],[[-3.286,54.905],[-3.286,54.905],[-3.285,54.905],[-3.286,54.905],[-3.286,54.905]],[[-3.265,54.942],[-3.265,54.941],[-3.265,54.942],[-3.265,54.942]],[[-3.265,54.941],[-3.266,54.94],[-3.267,54.939],[-3.265,54.941]],[[-3.268,54.938],[-3.268,54.938],[-3.267,54.939],[-3.268,54.938]],[[-3.269,54.937],[-3.269,54.937],[-3.268,54.938],[-3.269,54.937]],[[-3.154,54.932],[-3.154,54.932],[-3.154,54.932],[-3.154,54.932]],[[-3.153,54.932],[-3.151,54.932],[-3.154,54.932],[-3.153,54.932]],[[-3.119,54.927],[-3.119,54.927],[-3.118,54.927],[-3.119,54.927]],[[-3.118,54.926],[-3.12,54.926],[-3.119,54.925],[-3.118,54.926]],[[-3.102,54.928],[-3.101,54.929],[-3.102,54.928],[-3.102,54.928]],[[-3.099,54.928],[-3.101,54.928],[-3.1,54.928],[-3.099,54.928]],[[-3.048,54.946],[-3.048,54.946],[-3.048,54.946],[-3.048,54.946]],[[-3.048,54.946],[-3.05,54.945],[-3.051,54.944],[-3.05,54.945],[-3.049,54.944],[-3.048,54.945],[-3.048,54.946]],[[-3.037,54.943],[-3.036,54.943],[-3.036,54.943],[-3.037,54.943]],[[-3.036,54.942],[-3.037,54.942],[-3.037,54.942],[-3.038,54.941],[-3.038,54.941],[-3.036,54.942]],[[-3.183,54.892],[-3.187,54.89],[-3.185,54.891],[-3.183,54.892]],[[-3.053,54.943],[-3.053,54.944],[-3.051,54.944],[-3.053,54.944],[-3.053,54.943]]]}},{"type":"Feature","properties":{"code":"S14000103","name":"Perth and Kinross-shire","centroidLat":56.31822,"centroidLong":-3.95978},"geometry":{"type":"Polygon","coordinates":[[[-3.12,56.468],[-3.052,56.458],[-3.162,56.417],[-3.15,56.414],[-3.193,56.384],[-3.23,56.369],[-3.294,56.358],[-3.324,56.367],[-3.324,56.367],[-3.316,56.366],[-3.313,56.366],[-3.314,56.368],[-3.381,56.385],[-3.413,56.38],[-3.429,56.411],[-3.454,56.423],[-3.43,56.406],[-3.427,56.378],[-3.402,56.378],[-3.382,56.384],[-3.301,56.353],[-3.335,56.353],[-3.339,56.339],[-3.339,56.345],[-3.345,56.352],[-3.354,56.35],[-3.367,56.353],[-3.375,56.352],[-3.38,56.35],[-3.386,56.352],[-3.401,56.35],[-3.421,56.361],[-3.446,56.357],[-3.401,56.348],[-3.38,56.349],[-3.367,56.352],[-3.359,56.349],[-3.351,56.349],[-3.345,56.351],[-3.342,56.338],[-3.331,56.342],[-3.334,56.352],[-3.255,56.345],[-3.301,56.314],[-3.294,56.289],[-3.384,56.269],[-3.353,56.255],[-3.367,56.24],[-3.28,56.234],[-3.291,56.226],[-3.265,56.22],[-3.275,56.214],[-3.261,56.196],[-3.309,56.185],[-3.297,56.171],[-3.346,56.173],[-3.372,56.164],[-3.37,56.146],[-3.41,56.139],[-3.54,56.146],[-3.564,56.16],[-3.581,56.139],[-3.645,56.138],[-3.648,56.16],[-3.571,56.193],[-3.603,56.204],[-3.595,56.245],[-3.662,56.311],[-3.613,56.343],[-3.702,56.334],[-3.722,56.323],[-3.718,56.311],[-3.804,56.282],[-3.933,56.304],[-4.038,56.269],[-4.079,56.29],[-4.105,56.279],[-4.188,56.304],[-4.235,56.326],[-4.223,56.342],[-4.242,56.353],[-4.241,56.384],[-4.196,56.387],[-4.202,56.458],[-4.16,56.445],[-4.134,56.464],[-4.047,56.482],[-3.813,56.464],[-3.765,56.436],[-3.587,56.447],[-3.519,56.437],[-3.493,56.415],[-3.458,56.425],[-3.469,56.434],[-3.449,56.46],[-3.427,56.444],[-3.337,56.432],[-3.231,56.502],[-3.202,56.505],[-3.207,56.518],[-3.12,56.468]],[[-3.212,56.38],[-3.214,56.378],[-3.214,56.378],[-3.212,56.38]],[[-3.345,56.345],[-3.344,56.345],[-3.344,56.345],[-3.345,56.345]],[[-3.345,56.345],[-3.346,56.343],[-3.347,56.342],[-3.345,56.343],[-3.345,56.345]],[[-3.311,56.37],[-3.314,56.368],[-3.311,56.369],[-3.311,56.37]]]}},{"type":"Feature","properties":{"code":"E14001425","name":"Peterborough","centroidLat":52.6172,"centroidLong":-0.15726},"geometry":{"type":"Polygon","coordinates":[[[-0.031,52.662],[-0.013,52.594],[-0.204,52.566],[-0.268,52.573],[-0.283,52.56],[-0.307,52.572],[-0.287,52.589],[-0.297,52.618],[-0.224,52.666],[-0.141,52.652],[-0.064,52.675],[-0.031,52.662]]]}},{"type":"Feature","properties":{"code":"E14001426","name":"Plymouth Moor View","centroidLat":50.41458,"centroidLong":-4.13881},"geometry":{"type":"Polygon","coordinates":[[[-4.087,50.395],[-4.136,50.401],[-4.157,50.385],[-4.18,50.397],[-4.195,50.392],[-4.205,50.4],[-4.192,50.425],[-4.165,50.42],[-4.156,50.436],[-4.113,50.444],[-4.079,50.419],[-4.087,50.395]]]}},{"type":"Feature","properties":{"code":"E14001427","name":"Plymouth Sutton and Devonport","centroidLat":50.37984,"centroidLong":-4.1444},"geometry":{"type":"Polygon","coordinates":[[[-4.086,50.391],[-4.116,50.362],[-4.164,50.359],[-4.163,50.369],[-4.185,50.367],[-4.193,50.39],[-4.157,50.385],[-4.136,50.401],[-4.086,50.391]]]}},{"type":"Feature","properties":{"code":"E14001428","name":"Pontefract, Castleford and Knottingley","centroidLat":53.69365,"centroidLong":-1.29004},"geometry":{"type":"Polygon","coordinates":[[[-1.255,53.649],[-1.285,53.646],[-1.352,53.685],[-1.352,53.704],[-1.414,53.711],[-1.451,53.698],[-1.47,53.712],[-1.301,53.742],[-1.269,53.715],[-1.199,53.701],[-1.244,53.692],[-1.255,53.649]]]}},{"type":"Feature","properties":{"code":"W07000106","name":"Pontypridd","centroidLat":51.66668,"centroidLong":-3.38479},"geometry":{"type":"Polygon","coordinates":[[[-3.314,51.645],[-3.291,51.592],[-3.267,51.58],[-3.27,51.566],[-3.286,51.571],[-3.272,51.559],[-3.273,51.548],[-3.393,51.533],[-3.41,51.506],[-3.498,51.513],[-3.463,51.543],[-3.484,51.573],[-3.436,51.553],[-3.372,51.565],[-3.379,51.622],[-3.431,51.666],[-3.396,51.703],[-3.381,51.711],[-3.314,51.645]]]}},{"type":"Feature","properties":{"code":"E14001429","name":"Poole","centroidLat":50.7186,"centroidLong":-1.94815},"geometry":{"type":"Polygon","coordinates":[[[-1.947,50.75],[-1.902,50.708],[-1.946,50.683],[-1.934,50.699],[-1.958,50.716],[-1.992,50.713],[-1.99,50.737],[-2.011,50.731],[-1.988,50.707],[-2.041,50.719],[-1.999,50.755],[-1.986,50.739],[-1.947,50.75]],[[-1.987,50.728],[-1.989,50.729],[-1.99,50.729],[-1.987,50.728]],[[-1.996,50.737],[-1.997,50.736],[-1.997,50.736],[-1.996,50.737]]]}},{"type":"Feature","properties":{"code":"E14001430","name":"Poplar and Limehouse","centroidLat":51.50594,"centroidLong":-0.0166},"geometry":{"type":"Polygon","coordinates":[[[-0.079,51.508],[-0.04,51.511],[-0.03,51.526],[0.009,51.508],[-0.014,51.486],[-0.03,51.509],[-0.079,51.508]]]}},{"type":"Feature","properties":{"code":"E14001431","name":"Portsmouth North","centroidLat":50.84288,"centroidLong":-1.06288},"geometry":{"type":"MultiPolygon","coordinates":[[[[-1.039,50.798],[-1.097,50.811],[-1.1,50.827],[-1.044,50.832],[-1.039,50.798]]],[[[-1.116,50.858],[-1.023,50.853],[-1.024,50.826],[-1.036,50.835],[-1.075,50.837],[-1.089,50.828],[-1.118,50.844],[-1.116,50.858]]]]}},{"type":"Feature","properties":{"code":"E14001432","name":"Portsmouth South","centroidLat":50.79476,"centroidLong":-1.07318},"geometry":{"type":"Polygon","coordinates":[[[-1.068,50.801],[-1.03,50.787],[-1.089,50.778],[-1.112,50.807],[-1.064,50.812],[-1.068,50.801]]]}},{"type":"Feature","properties":{"code":"E14001433","name":"Preston","centroidLat":53.77383,"centroidLong":-2.70955},"geometry":{"type":"Polygon","coordinates":[[[-2.669,53.749],[-2.788,53.753],[-2.799,53.77],[-2.729,53.797],[-2.72,53.777],[-2.682,53.8],[-2.621,53.789],[-2.635,53.781],[-2.622,53.771],[-2.669,53.749]],[[-2.787,53.757],[-2.785,53.757],[-2.789,53.757],[-2.787,53.757]],[[-2.783,53.757],[-2.785,53.757],[-2.785,53.757],[-2.783,53.757]],[[-2.788,53.759],[-2.788,53.759],[-2.79,53.758],[-2.788,53.759]],[[-2.788,53.759],[-2.785,53.759],[-2.785,53.759],[-2.787,53.759],[-2.788,53.759]],[[-2.783,53.758],[-2.783,53.758],[-2.785,53.759],[-2.783,53.758]],[[-2.782,53.757],[-2.782,53.758],[-2.783,53.758],[-2.782,53.757]],[[-2.789,53.766],[-2.789,53.766],[-2.789,53.766],[-2.789,53.766]],[[-2.788,53.765],[-2.788,53.766],[-2.789,53.766],[-2.788,53.765]]]}},{"type":"Feature","properties":{"code":"E14001434","name":"Putney","centroidLat":51.45242,"centroidLong":-0.22345},"geometry":{"type":"Polygon","coordinates":[[[-0.257,51.462],[-0.187,51.464],[-0.19,51.441],[-0.251,51.433],[-0.242,51.443],[-0.257,51.462]]]}},{"type":"Feature","properties":{"code":"E14001435","name":"Queen's Park and Maida Vale","centroidLat":51.53118,"centroidLong":-0.20837},"geometry":{"type":"Polygon","coordinates":[[[-0.257,51.541],[-0.164,51.521],[-0.2,51.517],[-0.257,51.541]]]}},{"type":"Feature","properties":{"code":"E14001436","name":"Rawmarsh and Conisbrough","centroidLat":53.46186,"centroidLong":-1.22609},"geometry":{"type":"Polygon","coordinates":[[[-1.312,53.514],[-1.287,53.489],[-1.213,53.487],[-1.183,53.51],[-1.158,53.49],[-1.172,53.485],[-1.17,53.458],[-1.253,53.446],[-1.238,53.441],[-1.253,53.409],[-1.296,53.472],[-1.319,53.445],[-1.361,53.439],[-1.364,53.465],[-1.401,53.45],[-1.405,53.463],[-1.457,53.474],[-1.379,53.515],[-1.312,53.514]]]}},{"type":"Feature","properties":{"code":"E14001437","name":"Rayleigh and Wickford","centroidLat":51.60374,"centroidLong":0.605717},"geometry":{"type":"Polygon","coordinates":[[[0.711,51.634],[0.713,51.601],[0.696,51.598],[0.7,51.585],[0.641,51.591],[0.649,51.581],[0.632,51.571],[0.488,51.592],[0.505,51.601],[0.495,51.624],[0.515,51.627],[0.565,51.612],[0.596,51.631],[0.711,51.634]],[[0.64,51.63],[0.64,51.629],[0.64,51.63],[0.64,51.63]],[[0.64,51.629],[0.638,51.629],[0.64,51.629],[0.64,51.629]],[[0.658,51.631],[0.658,51.63],[0.658,51.631],[0.658,51.631]],[[0.658,51.629],[0.658,51.63],[0.658,51.629],[0.655,51.629],[0.658,51.629]]]}},{"type":"Feature","properties":{"code":"E14001438","name":"Reading Central","centroidLat":51.46013,"centroidLong":-0.97915},"geometry":{"type":"Polygon","coordinates":[[[-0.949,51.46],[-0.931,51.442],[-1.001,51.43],[-1.03,51.448],[-1.003,51.454],[-0.998,51.484],[-0.962,51.493],[-0.941,51.475],[-0.949,51.46]]]}},{"type":"Feature","properties":{"code":"E14001439","name":"Reading West and Mid Berkshire","centroidLat":51.44711,"centroidLong":-1.16873},"geometry":{"type":"Polygon","coordinates":[[[-1.14,51.543],[-1.142,51.516],[-1.113,51.509],[-1.102,51.489],[-1.051,51.492],[-1.006,51.468],[-1.005,51.452],[-1.03,51.448],[-1.001,51.43],[-1.012,51.393],[-0.982,51.376],[-0.987,51.362],[-1.05,51.358],[-1.087,51.384],[-1.125,51.358],[-1.22,51.366],[-1.216,51.411],[-1.261,51.432],[-1.242,51.463],[-1.328,51.486],[-1.334,51.523],[-1.356,51.546],[-1.329,51.564],[-1.205,51.528],[-1.14,51.543]]]}},{"type":"Feature","properties":{"code":"E14001440","name":"Redcar","centroidLat":54.58574,"centroidLong":-1.07004},"geometry":{"type":"Polygon","coordinates":[[[-0.938,54.589],[-0.99,54.57],[-1.061,54.565],[-1.07,54.577],[-1.128,54.561],[-1.165,54.537],[-1.162,54.525],[-1.199,54.544],[-1.167,54.554],[-1.198,54.582],[-1.147,54.599],[-1.152,54.615],[-1.132,54.609],[-1.155,54.628],[-1.137,54.63],[-1.143,54.637],[-1.137,54.648],[-1.002,54.594],[-0.938,54.589]]]}},{"type":"Feature","properties":{"code":"E14001441","name":"Redditch","centroidLat":52.23052,"centroidLong":-1.99033},"geometry":{"type":"Polygon","coordinates":[[[-1.881,52.311],[-1.887,52.287],[-1.937,52.276],[-1.917,52.218],[-1.942,52.177],[-1.962,52.171],[-1.935,52.17],[-1.944,52.155],[-1.902,52.138],[-1.932,52.109],[-1.986,52.121],[-1.983,52.151],[-2.026,52.17],[-1.994,52.206],[-2.068,52.243],[-2.102,52.242],[-2.11,52.264],[-2.15,52.276],[-2.135,52.309],[-2.152,52.321],[-2.13,52.352],[-2.113,52.337],[-2.124,52.315],[-2.085,52.313],[-2.092,52.289],[-2.009,52.278],[-1.955,52.321],[-1.881,52.311]]]}},{"type":"Feature","properties":{"code":"E14001442","name":"Reigate","centroidLat":51.27233,"centroidLong":-0.20732},"geometry":{"type":"Polygon","coordinates":[[[-0.187,51.341],[-0.157,51.321],[-0.151,51.301],[-0.172,51.27],[-0.143,51.244],[-0.156,51.211],[-0.212,51.205],[-0.249,51.224],[-0.226,51.254],[-0.266,51.261],[-0.272,51.292],[-0.247,51.298],[-0.237,51.326],[-0.187,51.341]]]}},{"type":"Feature","properties":{"code":"W07000107","name":"Rhondda and Ogmore","centroidLat":51.63381,"centroidLong":-3.50351},"geometry":{"type":"Polygon","coordinates":[[[-3.43,51.667],[-3.379,51.622],[-3.373,51.564],[-3.436,51.553],[-3.489,51.574],[-3.586,51.554],[-3.614,51.578],[-3.608,51.632],[-3.562,51.647],[-3.59,51.679],[-3.582,51.714],[-3.533,51.709],[-3.43,51.667]]]}},{"type":"Feature","properties":{"code":"E14001443","name":"Ribble Valley","centroidLat":53.89546,"centroidLong":-2.50584},"geometry":{"type":"Polygon","coordinates":[[[-2.187,53.951],[-2.246,53.933],[-2.223,53.896],[-2.234,53.887],[-2.352,53.906],[-2.388,53.893],[-2.425,53.859],[-2.409,53.859],[-2.412,53.81],[-2.652,53.712],[-2.695,53.717],[-2.704,53.75],[-2.663,53.749],[-2.622,53.771],[-2.635,53.781],[-2.621,53.789],[-2.682,53.8],[-2.698,53.778],[-2.72,53.777],[-2.729,53.797],[-2.778,53.785],[-2.826,53.82],[-2.771,53.84],[-2.736,53.823],[-2.747,53.851],[-2.71,53.854],[-2.687,53.89],[-2.617,53.9],[-2.616,53.923],[-2.651,53.952],[-2.558,53.975],[-2.581,54.0],[-2.575,54.013],[-2.501,54.021],[-2.47,54.046],[-2.374,54.049],[-2.34,54.009],[-2.352,54.011],[-2.352,53.995],[-2.319,53.994],[-2.295,53.974],[-2.23,53.982],[-2.226,53.961],[-2.196,53.97],[-2.187,53.951]],[[-2.679,53.746],[-2.679,53.746],[-2.68,53.746],[-2.679,53.746]],[[-2.679,53.746],[-2.677,53.746],[-2.673,53.746],[-2.677,53.746],[-2.679,53.746]]]}},{"type":"Feature","properties":{"code":"E14001444","name":"Richmond and Northallerton","centroidLat":54.35746,"centroidLong":-1.80485},"geometry":{"type":"Polygon","coordinates":[[[-1.697,54.536],[-1.582,54.513],[-1.592,54.504],[-1.546,54.471],[-1.492,54.486],[-1.499,54.475],[-1.475,54.474],[-1.461,54.451],[-1.458,54.493],[-1.473,54.502],[-1.417,54.477],[-1.407,54.494],[-1.381,54.494],[-1.373,54.472],[-1.344,54.464],[-1.257,54.487],[-1.231,54.512],[-1.06,54.5],[-1.016,54.477],[-0.984,54.479],[-0.972,54.461],[-1.053,54.449],[-1.059,54.413],[-1.082,54.405],[-1.066,54.363],[-1.099,54.329],[-1.158,54.349],[-1.172,54.382],[-1.237,54.376],[-1.255,54.354],[-1.355,54.336],[-1.355,54.322],[-1.402,54.324],[-1.403,54.307],[-1.43,54.315],[-1.4,54.274],[-1.429,54.262],[-1.478,54.27],[-1.509,54.305],[-1.549,54.303],[-1.563,54.329],[-1.609,54.351],[-1.633,54.347],[-1.651,54.294],[-1.705,54.286],[-1.687,54.259],[-1.756,54.239],[-1.823,54.247],[-1.828,54.232],[-2.004,54.173],[-2.046,54.182],[-2.061,54.21],[-2.1,54.232],[-2.14,54.225],[-2.217,54.25],[-2.283,54.239],[-2.307,54.25],[-2.326,54.28],[-2.31,54.324],[-2.335,54.335],[-2.336,54.34],[-2.36,54.35],[-2.368,54.356],[-2.297,54.377],[-2.308,54.421],[-2.263,54.449],[-2.189,54.449],[-2.043,54.484],[-1.943,54.453],[-1.859,54.482],[-1.858,54.504],[-1.839,54.508],[-1.793,54.484],[-1.776,54.507],[-1.78,54.532],[-1.697,54.536]]]}},{"type":"Feature","properties":{"code":"E14001445","name":"Richmond Park","centroidLat":51.44583,"centroidLong":-0.27701},"geometry":{"type":"Polygon","coordinates":[[[-0.223,51.471],[-0.258,51.46],[-0.242,51.443],[-0.254,51.437],[-0.247,51.41],[-0.308,51.414],[-0.33,51.44],[-0.303,51.451],[-0.32,51.466],[-0.294,51.485],[-0.26,51.47],[-0.234,51.489],[-0.223,51.471]]]}},{"type":"Feature","properties":{"code":"E14001446","name":"Rochdale","centroidLat":53.63406,"centroidLong":-2.10582},"geometry":{"type":"Polygon","coordinates":[[[-2.027,53.624],[-2.06,53.592],[-2.111,53.6],[-2.158,53.582],[-2.173,53.604],[-2.162,53.624],[-2.187,53.637],[-2.161,53.641],[-2.148,53.682],[-2.093,53.67],[-2.051,53.684],[-2.027,53.624]]]}},{"type":"Feature","properties":{"code":"E14001447","name":"Rochester and Strood","centroidLat":51.44773,"centroidLong":0.563174},"geometry":{"type":"MultiPolygon","coordinates":[[[[0.555,51.399],[0.511,51.379],[0.494,51.353],[0.457,51.368],[0.489,51.379],[0.506,51.394],[0.514,51.384],[0.523,51.385],[0.536,51.41],[0.555,51.399]]],[[[0.605,51.421],[0.619,51.429],[0.623,51.426],[0.623,51.423],[0.607,51.417],[0.532,51.413],[0.519,51.387],[0.507,51.397],[0.493,51.394],[0.449,51.366],[0.456,51.352],[0.448,51.347],[0.453,51.341],[0.397,51.346],[0.431,51.388],[0.489,51.415],[0.488,51.443],[0.454,51.463],[0.481,51.487],[0.66,51.478],[0.67,51.475],[0.67,51.47],[0.674,51.467],[0.691,51.459],[0.687,51.464],[0.675,51.468],[0.672,51.47],[0.671,51.472],[0.686,51.475],[0.722,51.458],[0.713,51.436],[0.676,51.434],[0.656,51.449],[0.65,51.446],[0.65,51.446],[0.651,51.446],[0.652,51.446],[0.65,51.445],[0.649,51.446],[0.649,51.445],[0.649,51.444],[0.645,51.444],[0.636,51.446],[0.634,51.443],[0.632,51.443],[0.631,51.441],[0.63,51.441],[0.63,51.442],[0.631,51.442],[0.629,51.442],[0.633,51.445],[0.628,51.443],[0.627,51.438],[0.619,51.437],[0.605,51.421]],[[0.621,51.427],[0.621,51.427],[0.621,51.427],[0.621,51.427]],[[0.621,51.427],[0.62,51.427],[0.622,51.427],[0.621,51.427]],[[0.623,51.424],[0.623,51.424],[0.623,51.424],[0.623,51.424]],[[0.623,51.424],[0.623,51.424],[0.623,51.424],[0.623,51.424]],[[0.622,51.423],[0.622,51.423],[0.622,51.423],[0.622,51.423]],[[0.622,51.423],[0.622,51.423],[0.622,51.423],[0.622,51.423]],[[0.451,51.356],[0.45,51.356],[0.451,51.356],[0.451,51.356]],[[0.677,51.468],[0.677,51.468],[0.677,51.468],[0.677,51.468]],[[0.677,51.469],[0.678,51.468],[0.677,51.469],[0.677,51.469]],[[0.674,51.47],[0.674,51.47],[0.674,51.469],[0.674,51.47]],[[0.676,51.468],[0.674,51.47],[0.674,51.47],[0.676,51.468]],[[0.673,51.47],[0.673,51.47],[0.673,51.47],[0.673,51.47]],[[0.674,51.47],[0.674,51.47],[0.673,51.47],[0.674,51.47]],[[0.672,51.472],[0.672,51.472],[0.672,51.472],[0.672,51.472]],[[0.672,51.472],[0.674,51.471],[0.674,51.471],[0.675,51.47],[0.674,51.471],[0.672,51.472]],[[0.674,51.471],[0.674,51.471],[0.674,51.471],[0.674,51.471]],[[0.674,51.472],[0.675,51.472],[0.673,51.472],[0.674,51.472]],[[0.651,51.446],[0.651,51.446],[0.651,51.446],[0.651,51.446]],[[0.649,51.445],[0.649,51.445],[0.649,51.445],[0.649,51.445]],[[0.649,51.445],[0.649,51.445],[0.649,51.445],[0.649,51.445]],[[0.635,51.444],[0.635,51.444],[0.635,51.444],[0.635,51.444]],[[0.634,51.445],[0.633,51.445],[0.635,51.444],[0.634,51.445]],[[0.63,51.442],[0.63,51.442],[0.63,51.441],[0.63,51.442]],[[0.63,51.442],[0.63,51.442],[0.63,51.442],[0.63,51.442]],[[0.631,51.442],[0.63,51.442],[0.63,51.442],[0.631,51.442]],[[0.633,51.444],[0.633,51.444],[0.632,51.444],[0.633,51.444]],[[0.633,51.443],[0.633,51.444],[0.633,51.444],[0.633,51.443]],[[0.633,51.445],[0.633,51.445],[0.633,51.445],[0.633,51.445]],[[0.633,51.445],[0.633,51.445],[0.633,51.445],[0.633,51.445]],[[0.626,51.438],[0.626,51.438],[0.626,51.438],[0.626,51.438]],[[0.626,51.438],[0.626,51.438],[0.625,51.438],[0.626,51.438],[0.626,51.438]],[[0.625,51.438],[0.625,51.438],[0.625,51.438],[0.625,51.438]],[[0.625,51.438],[0.625,51.439],[0.624,51.439],[0.625,51.438]],[[0.622,51.438],[0.622,51.438],[0.622,51.438],[0.622,51.438]],[[0.623,51.438],[0.622,51.438],[0.622,51.438],[0.623,51.438]]]]}},{"type":"Feature","properties":{"code":"E14001448","name":"Romford","centroidLat":51.59453,"centroidLong":0.184512},"geometry":{"type":"Polygon","coordinates":[[[0.138,51.624],[0.21,51.614],[0.194,51.595],[0.232,51.583],[0.19,51.553],[0.185,51.566],[0.147,51.569],[0.138,51.624]]]}},{"type":"Feature","properties":{"code":"E14001449","name":"Romsey and Southampton North","centroidLat":51.06855,"centroidLong":-1.50285},"geometry":{"type":"Polygon","coordinates":[[[-1.478,50.929],[-1.545,50.969],[-1.59,50.951],[-1.62,50.959],[-1.603,50.978],[-1.629,50.999],[-1.598,51.008],[-1.599,51.024],[-1.632,51.033],[-1.626,51.117],[-1.663,51.127],[-1.654,51.156],[-1.69,51.215],[-1.634,51.218],[-1.608,51.253],[-1.578,51.256],[-1.494,51.234],[-1.492,51.218],[-1.532,51.205],[-1.444,51.2],[-1.421,51.224],[-1.342,51.206],[-1.341,51.185],[-1.309,51.195],[-1.378,51.136],[-1.37,51.129],[-1.436,51.112],[-1.436,51.098],[-1.415,51.096],[-1.412,51.07],[-1.456,51.042],[-1.394,51.01],[-1.412,50.98],[-1.355,50.941],[-1.429,50.929],[-1.424,50.947],[-1.45,50.95],[-1.472,50.93],[-1.48,50.935],[-1.482,50.934],[-1.479,50.933],[-1.478,50.93],[-1.478,50.929]],[[-1.479,50.931],[-1.479,50.931],[-1.479,50.931],[-1.479,50.931]],[[-1.479,50.931],[-1.48,50.931],[-1.479,50.931],[-1.479,50.931]],[[-1.478,50.93],[-1.479,50.93],[-1.478,50.93],[-1.478,50.93]]]}},{"type":"Feature","properties":{"code":"E14001450","name":"Rossendale and Darwen","centroidLat":53.68432,"centroidLong":-2.41864},"geometry":{"type":"Polygon","coordinates":[[[-2.173,53.723],[-2.145,53.692],[-2.161,53.641],[-2.185,53.638],[-2.226,53.671],[-2.27,53.646],[-2.257,53.62],[-2.266,53.614],[-2.283,53.62],[-2.3,53.667],[-2.317,53.655],[-2.371,53.667],[-2.37,53.632],[-2.401,53.625],[-2.426,53.626],[-2.439,53.646],[-2.455,53.621],[-2.509,53.626],[-2.532,53.665],[-2.516,53.692],[-2.543,53.71],[-2.503,53.714],[-2.493,53.729],[-2.458,53.717],[-2.439,53.732],[-2.414,53.705],[-2.333,53.699],[-2.317,53.68],[-2.306,53.684],[-2.311,53.737],[-2.295,53.752],[-2.269,53.742],[-2.252,53.755],[-2.173,53.723]]]}},{"type":"Feature","properties":{"code":"E14001451","name":"Rother Valley","centroidLat":53.36817,"centroidLong":-1.23918},"geometry":{"type":"Polygon","coordinates":[[[-1.116,53.407],[-1.146,53.369],[-1.139,53.356],[-1.163,53.357],[-1.139,53.341],[-1.203,53.304],[-1.294,53.314],[-1.289,53.326],[-1.325,53.327],[-1.331,53.351],[-1.363,53.368],[-1.325,53.379],[-1.345,53.403],[-1.322,53.43],[-1.253,53.409],[-1.243,53.436],[-1.17,53.435],[-1.116,53.407]]]}},{"type":"Feature","properties":{"code":"E14001452","name":"Rotherham","centroidLat":53.40533,"centroidLong":-1.35646},"geometry":{"type":"Polygon","coordinates":[[[-1.269,53.423],[-1.322,53.43],[-1.345,53.403],[-1.325,53.379],[-1.363,53.368],[-1.391,53.383],[-1.376,53.394],[-1.394,53.42],[-1.38,53.424],[-1.409,53.42],[-1.448,53.462],[-1.42,53.468],[-1.401,53.45],[-1.364,53.465],[-1.361,53.439],[-1.319,53.445],[-1.296,53.472],[-1.269,53.423]]]}},{"type":"Feature","properties":{"code":"E14001453","name":"Rugby","centroidLat":52.42801,"centroidLong":-1.32108},"geometry":{"type":"Polygon","coordinates":[[[-1.325,52.501],[-1.241,52.44],[-1.175,52.356],[-1.289,52.344],[-1.317,52.36],[-1.346,52.348],[-1.463,52.376],[-1.431,52.397],[-1.424,52.433],[-1.471,52.457],[-1.454,52.479],[-1.464,52.491],[-1.404,52.502],[-1.429,52.516],[-1.423,52.532],[-1.325,52.501]]]}},{"type":"Feature","properties":{"code":"E14001454","name":"Ruislip, Northwood and Pinner","centroidLat":51.59836,"centroidLong":-0.43448},"geometry":{"type":"Polygon","coordinates":[[[-0.368,51.621],[-0.353,51.604],[-0.37,51.606],[-0.368,51.578],[-0.401,51.565],[-0.501,51.6],[-0.497,51.632],[-0.457,51.612],[-0.368,51.621]]]}},{"type":"Feature","properties":{"code":"E14001455","name":"Runcorn and Helsby","centroidLat":53.27911,"centroidLong":-2.7682},"geometry":{"type":"Polygon","coordinates":[[[-2.595,53.322],[-2.701,53.306],[-2.671,53.284],[-2.647,53.286],[-2.65,53.267],[-2.69,53.257],[-2.691,53.239],[-2.735,53.209],[-2.848,53.194],[-2.876,53.241],[-2.912,53.256],[-2.876,53.262],[-2.886,53.293],[-2.857,53.287],[-2.836,53.308],[-2.789,53.295],[-2.752,53.314],[-2.763,53.328],[-2.754,53.343],[-2.699,53.357],[-2.631,53.364],[-2.631,53.346],[-2.607,53.343],[-2.619,53.331],[-2.595,53.322]]]}},{"type":"Feature","properties":{"code":"E14001456","name":"Runnymede and Weybridge","centroidLat":51.36964,"centroidLong":-0.50946},"geometry":{"type":"Polygon","coordinates":[[[-0.523,51.435],[-0.485,51.387],[-0.432,51.384],[-0.447,51.374],[-0.434,51.357],[-0.411,51.362],[-0.391,51.345],[-0.328,51.352],[-0.329,51.33],[-0.36,51.312],[-0.397,51.313],[-0.405,51.295],[-0.44,51.305],[-0.437,51.327],[-0.481,51.35],[-0.516,51.339],[-0.594,51.377],[-0.547,51.401],[-0.541,51.425],[-0.56,51.414],[-0.557,51.441],[-0.523,51.435]]]}},{"type":"Feature","properties":{"code":"E14001457","name":"Rushcliffe","centroidLat":52.87378,"centroidLong":-1.09858},"geometry":{"type":"Polygon","coordinates":[[[-0.885,52.893],[-0.941,52.877],[-0.928,52.866],[-0.977,52.841],[-0.989,52.818],[-1.117,52.82],[-1.198,52.789],[-1.255,52.804],[-1.274,52.836],[-1.27,52.872],[-1.24,52.88],[-1.244,52.892],[-1.214,52.904],[-1.175,52.89],[-1.159,52.9],[-1.152,52.937],[-1.073,52.956],[-0.978,52.95],[-0.972,52.928],[-0.921,52.935],[-0.93,52.913],[-0.885,52.893]]]}},{"type":"Feature","properties":{"code":"S14000104","name":"Rutherglen","centroidLat":55.81361,"centroidLong":-4.13298},"geometry":{"type":"Polygon","coordinates":[[[-4.228,55.841],[-4.173,55.823],[-4.107,55.835],[-4.041,55.809],[-4.075,55.787],[-4.125,55.782],[-4.11,55.79],[-4.15,55.807],[-4.211,55.8],[-4.234,55.819],[-4.228,55.841]]]}},{"type":"Feature","properties":{"code":"E14001458","name":"Rutland and Stamford","centroidLat":52.6993,"centroidLong":-0.55231},"geometry":{"type":"Polygon","coordinates":[[[-0.305,52.746],[-0.278,52.711],[-0.361,52.681],[-0.363,52.66],[-0.52,52.641],[-0.55,52.612],[-0.544,52.593],[-0.581,52.596],[-0.661,52.569],[-0.716,52.522],[-0.756,52.511],[-0.863,52.528],[-0.889,52.513],[-0.886,52.524],[-0.918,52.535],[-0.921,52.565],[-0.941,52.58],[-0.936,52.599],[-0.985,52.618],[-1.042,52.598],[-1.071,52.614],[-1.047,52.635],[-1.049,52.655],[-1.014,52.655],[-0.98,52.682],[-0.916,52.671],[-0.856,52.685],[-0.859,52.674],[-0.835,52.673],[-0.81,52.658],[-0.822,52.647],[-0.805,52.648],[-0.782,52.669],[-0.786,52.693],[-0.817,52.725],[-0.776,52.744],[-0.664,52.757],[-0.706,52.838],[-0.676,52.848],[-0.688,52.869],[-0.624,52.891],[-0.583,52.881],[-0.582,52.834],[-0.404,52.844],[-0.399,52.824],[-0.42,52.82],[-0.407,52.761],[-0.305,52.746]]]}},{"type":"Feature","properties":{"code":"E14001459","name":"Salford","centroidLat":53.49367,"centroidLong":-2.29975},"geometry":{"type":"Polygon","coordinates":[[[-2.355,53.533],[-2.281,53.501],[-2.246,53.506],[-2.245,53.486],[-2.281,53.465],[-2.329,53.48],[-2.327,53.496],[-2.353,53.496],[-2.333,53.514],[-2.355,53.533]]]}},{"type":"Feature","properties":{"code":"E14001460","name":"Salisbury","centroidLat":51.07421,"centroidLong":-1.91698},"geometry":{"type":"Polygon","coordinates":[[[-1.603,50.978],[-1.662,50.945],[-1.72,50.977],[-1.815,50.986],[-1.836,51.009],[-1.874,50.984],[-1.874,51.006],[-1.95,50.982],[-1.965,50.992],[-2.102,50.945],[-2.12,50.978],[-2.173,51.001],[-2.218,51.055],[-2.148,51.128],[-2.017,51.114],[-1.991,51.185],[-1.917,51.141],[-1.912,51.128],[-1.944,51.111],[-1.912,51.119],[-1.89,51.096],[-1.82,51.093],[-1.795,51.106],[-1.768,51.152],[-1.715,51.17],[-1.693,51.203],[-1.669,51.191],[-1.654,51.156],[-1.663,51.127],[-1.626,51.117],[-1.635,51.04],[-1.597,51.01],[-1.629,50.999],[-1.603,50.978]]]}},{"type":"Feature","properties":{"code":"E14001461","name":"Scarborough and Whitby","centroidLat":54.44322,"centroidLong":-0.67887},"geometry":{"type":"Polygon","coordinates":[[[-0.304,54.215],[-0.457,54.214],[-0.55,54.193],[-0.599,54.2],[-0.618,54.206],[-0.598,54.236],[-0.613,54.279],[-0.568,54.314],[-0.622,54.344],[-0.633,54.376],[-0.794,54.354],[-0.824,54.383],[-0.95,54.409],[-0.988,54.396],[-1.065,54.421],[-1.039,54.457],[-0.972,54.461],[-0.984,54.479],[-1.018,54.478],[-1.037,54.494],[-1.024,54.502],[-0.849,54.488],[-0.851,54.524],[-0.837,54.543],[-0.776,54.558],[-0.743,54.528],[-0.713,54.534],[-0.67,54.501],[-0.613,54.493],[-0.615,54.489],[-0.612,54.484],[-0.615,54.479],[-0.615,54.475],[-0.616,54.474],[-0.621,54.475],[-0.622,54.475],[-0.624,54.474],[-0.624,54.471],[-0.631,54.469],[-0.634,54.468],[-0.62,54.471],[-0.608,54.48],[-0.612,54.493],[-0.523,54.448],[-0.53,54.423],[-0.463,54.389],[-0.417,54.331],[-0.407,54.293],[-0.385,54.288],[-0.397,54.274],[-0.363,54.245],[-0.303,54.227],[-0.304,54.215]],[[-0.633,54.469],[-0.633,54.468],[-0.633,54.469],[-0.633,54.469]],[[-0.619,54.475],[-0.618,54.475],[-0.618,54.475],[-0.619,54.475]]]}},{"type":"Feature","properties":{"code":"E14001462","name":"Scunthorpe","centroidLat":53.50825,"centroidLong":-0.57669},"geometry":{"type":"Polygon","coordinates":[[[-0.526,53.678],[-0.528,53.651],[-0.628,53.648],[-0.641,53.617],[-0.594,53.597],[-0.599,53.571],[-0.562,53.545],[-0.431,53.546],[-0.405,53.518],[-0.488,53.505],[-0.487,53.48],[-0.472,53.475],[-0.599,53.456],[-0.635,53.47],[-0.624,53.513],[-0.739,53.52],[-0.746,53.569],[-0.729,53.606],[-0.698,53.612],[-0.712,53.641],[-0.685,53.673],[-0.694,53.695],[-0.611,53.715],[-0.526,53.678]]]}},{"type":"Feature","properties":{"code":"E14001463","name":"Sefton Central","centroidLat":53.54667,"centroidLong":-3.07336},"geometry":{"type":"Polygon","coordinates":[[[-3.014,53.611],[-3.032,53.598],[-3.022,53.574],[-3.041,53.565],[-3.045,53.541],[-2.973,53.515],[-2.963,53.524],[-2.978,53.546],[-2.955,53.546],[-2.882,53.521],[-2.888,53.504],[-2.919,53.478],[-2.98,53.497],[-3.046,53.479],[-3.063,53.53],[-3.085,53.525],[-3.104,53.554],[-3.066,53.61],[-3.014,53.611]]]}},{"type":"Feature","properties":{"code":"E14001464","name":"Selby","centroidLat":53.7381,"centroidLong":-1.12794},"geometry":{"type":"MultiPolygon","coordinates":[[[[-1.069,53.704],[-1.103,53.669],[-1.053,53.652],[-1.122,53.647],[-1.135,53.633],[-1.21,53.643],[-1.233,53.621],[-1.255,53.649],[-1.244,53.692],[-1.199,53.695],[-1.22,53.714],[-1.269,53.715],[-1.301,53.742],[-1.399,53.719],[-1.435,53.726],[-1.416,53.735],[-1.422,53.746],[-1.385,53.747],[-1.392,53.781],[-1.349,53.779],[-1.343,53.811],[-1.258,53.804],[-1.228,53.818],[-1.221,53.803],[-1.172,53.802],[-1.162,53.815],[-1.192,53.828],[-1.197,53.854],[-1.177,53.856],[-1.127,53.833],[-1.089,53.831],[-1.077,53.836],[-1.085,53.824],[-1.084,53.821],[-1.079,53.819],[-1.069,53.818],[-1.063,53.814],[-1.054,53.811],[-1.043,53.81],[-1.047,53.807],[-1.048,53.804],[-1.049,53.796],[-1.047,53.79],[-1.066,53.788],[-1.068,53.786],[-1.067,53.787],[-1.062,53.784],[-1.038,53.777],[-1.025,53.776],[-1.034,53.765],[-1.026,53.76],[-0.987,53.764],[-0.989,53.761],[-0.982,53.753],[-0.977,53.751],[-0.964,53.746],[-0.962,53.736],[-0.912,53.732],[-0.904,53.72],[-1.039,53.694],[-1.084,53.717],[-1.121,53.727],[-1.069,53.704]]],[[[-0.923,53.881],[-0.948,53.862],[-0.941,53.824],[-0.92,53.816],[-0.934,53.802],[-0.928,53.766],[-0.964,53.751],[-0.98,53.753],[-0.986,53.765],[-1.002,53.77],[-1.025,53.76],[-1.025,53.777],[-1.065,53.786],[-1.046,53.79],[-1.042,53.81],[-1.061,53.814],[-1.07,53.819],[-1.083,53.822],[-1.076,53.836],[-1.134,53.842],[-1.118,53.856],[-1.127,53.864],[-1.091,53.886],[-1.065,53.875],[-1.008,53.89],[-0.993,53.875],[-0.923,53.881]]]]}},{"type":"Feature","properties":{"code":"E14001465","name":"Sevenoaks","centroidLat":51.31929,"centroidLong":0.170233},"geometry":{"type":"Polygon","coordinates":[[[0.297,51.397],[0.275,51.34],[0.288,51.337],[0.285,51.325],[0.258,51.297],[0.265,51.257],[0.247,51.255],[0.248,51.238],[0.222,51.245],[0.188,51.218],[0.043,51.225],[0.058,51.248],[0.042,51.293],[0.086,51.293],[0.085,51.316],[0.137,51.344],[0.148,51.393],[0.162,51.392],[0.149,51.409],[0.215,51.434],[0.246,51.408],[0.297,51.397]]]}},{"type":"Feature","properties":{"code":"E14001466","name":"Sheffield Brightside and Hillsborough","centroidLat":53.41399,"centroidLong":-1.46837},"geometry":{"type":"Polygon","coordinates":[[[-1.433,53.438],[-1.409,53.42],[-1.449,53.39],[-1.529,53.409],[-1.492,53.437],[-1.433,53.438]]]}},{"type":"Feature","properties":{"code":"E14001467","name":"Sheffield Central","centroidLat":53.3721,"centroidLong":-1.48554},"geometry":{"type":"Polygon","coordinates":[[[-1.46,53.388],[-1.488,53.35],[-1.514,53.376],[-1.498,53.388],[-1.518,53.391],[-1.501,53.402],[-1.46,53.388]]]}},{"type":"Feature","properties":{"code":"E14001468","name":"Sheffield Hallam","centroidLat":53.39622,"centroidLong":-1.60215},"geometry":{"type":"Polygon","coordinates":[[[-1.626,53.448],[-1.511,53.417],[-1.529,53.409],[-1.498,53.388],[-1.514,53.376],[-1.488,53.35],[-1.514,53.334],[-1.496,53.316],[-1.539,53.305],[-1.585,53.322],[-1.628,53.316],[-1.612,53.343],[-1.591,53.346],[-1.664,53.367],[-1.655,53.393],[-1.717,53.419],[-1.626,53.448]]]}},{"type":"Feature","properties":{"code":"E14001469","name":"Sheffield Heeley","centroidLat":53.35792,"centroidLong":-1.45554},"geometry":{"type":"Polygon","coordinates":[[[-1.454,53.385],[-1.407,53.375],[-1.425,53.361],[-1.396,53.355],[-1.468,53.317],[-1.515,53.327],[-1.454,53.385]]]}},{"type":"Feature","properties":{"code":"E14001470","name":"Sheffield South East","centroidLat":53.37544,"centroidLong":-1.39193},"geometry":{"type":"Polygon","coordinates":[[[-1.391,53.383],[-1.329,53.349],[-1.338,53.316],[-1.39,53.319],[-1.387,53.335],[-1.409,53.342],[-1.443,53.338],[-1.396,53.355],[-1.425,53.361],[-1.407,53.375],[-1.46,53.388],[-1.404,53.423],[-1.382,53.425],[-1.394,53.42],[-1.376,53.394],[-1.391,53.383]]]}},{"type":"Feature","properties":{"code":"E14001471","name":"Sherwood Forest","centroidLat":53.1337,"centroidLong":-1.09019},"geometry":{"type":"Polygon","coordinates":[[[-1.028,53.261],[-1.007,53.236],[-0.947,53.226],[-0.94,53.206],[-0.991,53.177],[-0.957,53.168],[-0.967,53.159],[-0.956,53.147],[-1.004,53.138],[-1.022,53.123],[-0.997,53.112],[-1.051,53.085],[-0.987,53.046],[-0.963,53.053],[-0.929,53.021],[-0.976,52.986],[-1.007,52.985],[-1.052,53.011],[-1.03,53.021],[-1.042,53.031],[-1.132,53.023],[-1.156,53.047],[-1.185,53.016],[-1.231,53.01],[-1.229,53.023],[-1.258,53.041],[-1.229,53.052],[-1.226,53.081],[-1.164,53.103],[-1.178,53.115],[-1.12,53.119],[-1.13,53.142],[-1.111,53.153],[-1.153,53.175],[-1.111,53.199],[-1.103,53.236],[-1.028,53.261]]]}},{"type":"Feature","properties":{"code":"E14001472","name":"Shipley","centroidLat":53.85279,"centroidLong":-1.80978},"geometry":{"type":"Polygon","coordinates":[[[-1.727,53.91],[-1.725,53.886],[-1.787,53.897],[-1.8,53.886],[-1.761,53.864],[-1.71,53.864],[-1.753,53.843],[-1.737,53.824],[-1.836,53.822],[-1.882,53.809],[-1.867,53.798],[-1.896,53.781],[-1.929,53.79],[-1.919,53.797],[-1.937,53.824],[-1.927,53.836],[-1.856,53.859],[-1.838,53.887],[-1.779,53.923],[-1.727,53.91]]]}},{"type":"Feature","properties":{"code":"E14001473","name":"Shrewsbury","centroidLat":52.69763,"centroidLong":-2.87257},"geometry":{"type":"Polygon","coordinates":[[[-2.664,52.76],[-2.66,52.732],[-2.597,52.714],[-2.657,52.695],[-2.713,52.699],[-2.744,52.68],[-2.732,52.663],[-2.882,52.628],[-2.89,52.613],[-2.878,52.601],[-2.896,52.601],[-2.902,52.629],[-2.956,52.614],[-2.966,52.637],[-2.956,52.661],[-3.019,52.652],[-3.045,52.666],[-3.047,52.691],[-3.02,52.725],[-2.962,52.716],[-2.974,52.741],[-2.933,52.752],[-2.965,52.771],[-2.942,52.789],[-2.861,52.785],[-2.836,52.767],[-2.774,52.795],[-2.729,52.766],[-2.691,52.775],[-2.664,52.76]]]}},{"type":"Feature","properties":{"code":"E14001474","name":"Sittingbourne and Sheppey","centroidLat":51.401,"centroidLong":0.827341},"geometry":{"type":"MultiPolygon","coordinates":[[[[0.698,51.42],[0.729,51.42],[0.716,51.413],[0.723,51.406],[0.726,51.399],[0.741,51.395],[0.758,51.383],[0.761,51.385],[0.763,51.384],[0.763,51.383],[0.764,51.363],[0.757,51.361],[0.753,51.351],[0.744,51.349],[0.742,51.346],[0.738,51.347],[0.735,51.346],[0.744,51.345],[0.754,51.35],[0.76,51.361],[0.779,51.362],[0.754,51.327],[0.727,51.32],[0.719,51.333],[0.702,51.317],[0.639,51.337],[0.602,51.327],[0.64,51.395],[0.657,51.393],[0.672,51.377],[0.67,51.375],[0.67,51.373],[0.687,51.392],[0.698,51.394],[0.703,51.392],[0.695,51.38],[0.719,51.388],[0.702,51.396],[0.706,51.408],[0.699,51.41],[0.696,51.419],[0.698,51.42]],[[0.703,51.42],[0.704,51.419],[0.704,51.419],[0.703,51.42]],[[0.711,51.418],[0.712,51.418],[0.712,51.418],[0.711,51.418]],[[0.712,51.419],[0.712,51.419],[0.712,51.419],[0.712,51.419]],[[0.714,51.419],[0.714,51.419],[0.714,51.419],[0.714,51.419]],[[0.714,51.419],[0.713,51.419],[0.713,51.418],[0.714,51.419]],[[0.713,51.418],[0.713,51.418],[0.713,51.418],[0.713,51.418]],[[0.715,51.419],[0.715,51.419],[0.715,51.419],[0.715,51.419]],[[0.714,51.419],[0.715,51.419],[0.715,51.419],[0.714,51.419]],[[0.72,51.417],[0.722,51.417],[0.722,51.417],[0.72,51.417]],[[0.723,51.418],[0.723,51.419],[0.723,51.418],[0.723,51.418]],[[0.728,51.42],[0.729,51.42],[0.728,51.42],[0.728,51.42]],[[0.719,51.41],[0.719,51.41],[0.719,51.41],[0.719,51.41]],[[0.762,51.384],[0.762,51.384],[0.763,51.384],[0.762,51.384]],[[0.656,51.392],[0.657,51.392],[0.656,51.392],[0.656,51.392]],[[0.665,51.383],[0.664,51.383],[0.665,51.383],[0.665,51.383]],[[0.664,51.383],[0.664,51.383],[0.664,51.383],[0.664,51.383]],[[0.664,51.383],[0.665,51.383],[0.664,51.383],[0.664,51.383]],[[0.663,51.382],[0.664,51.382],[0.664,51.382],[0.663,51.382]],[[0.681,51.38],[0.682,51.38],[0.68,51.38],[0.681,51.38]],[[0.7,51.393],[0.7,51.393],[0.7,51.393],[0.7,51.393]],[[0.698,51.393],[0.699,51.393],[0.7,51.393],[0.698,51.393]],[[0.699,51.393],[0.7,51.392],[0.7,51.393],[0.699,51.393]],[[0.699,51.393],[0.699,51.393],[0.699,51.393],[0.699,51.393]],[[0.702,51.393],[0.702,51.393],[0.702,51.393],[0.702,51.393]],[[0.701,51.392],[0.702,51.392],[0.702,51.393],[0.701,51.392]],[[0.699,51.413],[0.698,51.414],[0.699,51.413],[0.699,51.413]],[[0.711,51.418],[0.711,51.417],[0.711,51.417],[0.711,51.418]],[[0.711,51.418],[0.711,51.418],[0.711,51.418],[0.711,51.418]],[[0.711,51.418],[0.711,51.418],[0.711,51.418],[0.711,51.418]],[[0.711,51.418],[0.711,51.418],[0.711,51.418],[0.711,51.418]],[[0.711,51.418],[0.712,51.418],[0.711,51.418],[0.711,51.418]],[[0.72,51.418],[0.72,51.418],[0.72,51.418],[0.72,51.418]],[[0.726,51.42],[0.725,51.42],[0.725,51.42],[0.726,51.42]]],[[[0.878,51.359],[0.767,51.37],[0.764,51.388],[0.733,51.4],[0.722,51.414],[0.732,51.409],[0.747,51.415],[0.736,51.423],[0.744,51.448],[0.79,51.44],[0.901,51.417],[0.951,51.373],[0.908,51.355],[0.889,51.355],[0.878,51.359]],[[0.874,51.365],[0.874,51.364],[0.874,51.364],[0.874,51.365]],[[0.866,51.366],[0.866,51.366],[0.866,51.365],[0.866,51.366]],[[0.866,51.366],[0.865,51.366],[0.866,51.366],[0.866,51.366]],[[0.857,51.367],[0.856,51.367],[0.857,51.367],[0.857,51.367]],[[0.842,51.371],[0.841,51.372],[0.842,51.371],[0.842,51.371]],[[0.839,51.37],[0.839,51.369],[0.839,51.37],[0.839,51.37]],[[0.839,51.369],[0.839,51.369],[0.839,51.369],[0.839,51.369]],[[0.838,51.369],[0.838,51.369],[0.839,51.369],[0.838,51.369]],[[0.838,51.369],[0.839,51.369],[0.838,51.369],[0.838,51.369]],[[0.842,51.369],[0.842,51.369],[0.842,51.369],[0.842,51.369]],[[0.842,51.369],[0.842,51.369],[0.842,51.369],[0.842,51.369]],[[0.842,51.369],[0.842,51.369],[0.842,51.369],[0.842,51.369]],[[0.842,51.368],[0.842,51.368],[0.842,51.369],[0.842,51.368]],[[0.843,51.368],[0.843,51.368],[0.843,51.369],[0.843,51.368]],[[0.843,51.368],[0.843,51.368],[0.842,51.368],[0.843,51.368]],[[0.804,51.371],[0.805,51.371],[0.805,51.371],[0.804,51.371]],[[0.799,51.37],[0.799,51.37],[0.799,51.37],[0.799,51.37]],[[0.8,51.37],[0.799,51.37],[0.799,51.37],[0.8,51.37]],[[0.944,51.372],[0.943,51.372],[0.943,51.372],[0.944,51.372]],[[0.944,51.372],[0.944,51.372],[0.943,51.374],[0.944,51.372]],[[0.943,51.374],[0.943,51.374],[0.943,51.374],[0.943,51.374]],[[0.944,51.374],[0.944,51.374],[0.943,51.374],[0.944,51.374]],[[0.945,51.374],[0.945,51.374],[0.944,51.374],[0.945,51.374]],[[0.945,51.375],[0.944,51.374],[0.945,51.374],[0.945,51.375]],[[0.935,51.37],[0.934,51.37],[0.935,51.369],[0.935,51.37]],[[0.934,51.37],[0.933,51.37],[0.934,51.37],[0.934,51.37]],[[0.932,51.368],[0.932,51.368],[0.932,51.368],[0.932,51.368]],[[0.887,51.357],[0.887,51.357],[0.888,51.357],[0.887,51.357]],[[0.887,51.357],[0.886,51.357],[0.887,51.357],[0.887,51.357]],[[0.878,51.362],[0.878,51.362],[0.878,51.362],[0.878,51.362]],[[0.879,51.362],[0.879,51.363],[0.878,51.362],[0.879,51.362]],[[0.944,51.372],[0.945,51.373],[0.945,51.372],[0.944,51.372]],[[0.946,51.372],[0.946,51.372],[0.946,51.372],[0.946,51.372]],[[0.946,51.372],[0.946,51.372],[0.946,51.372],[0.946,51.372]],[[0.947,51.373],[0.947,51.373],[0.946,51.372],[0.947,51.373]],[[0.946,51.374],[0.945,51.375],[0.945,51.375],[0.946,51.374]]]]}},{"type":"Feature","properties":{"code":"E14001475","name":"Skipton and Ripon","centroidLat":54.05609,"centroidLong":-1.99325},"geometry":{"type":"Polygon","coordinates":[[[-1.684,54.262],[-1.625,54.23],[-1.638,54.19],[-1.596,54.19],[-1.582,54.205],[-1.528,54.195],[-1.485,54.22],[-1.475,54.206],[-1.443,54.216],[-1.432,54.186],[-1.367,54.168],[-1.405,54.134],[-1.45,54.146],[-1.449,54.131],[-1.495,54.116],[-1.487,54.104],[-1.53,54.094],[-1.523,54.067],[-1.503,54.059],[-1.539,54.046],[-1.521,54.021],[-1.569,54.034],[-1.617,54.025],[-1.623,53.995],[-1.562,53.978],[-1.564,53.96],[-1.544,53.955],[-1.566,53.926],[-1.551,53.903],[-1.707,53.919],[-1.718,53.909],[-1.805,53.939],[-1.861,53.933],[-1.88,53.963],[-1.951,53.957],[-1.977,53.926],[-1.952,53.904],[-1.979,53.901],[-1.98,53.871],[-2.022,53.872],[-2.046,53.85],[-2.09,53.868],[-2.083,53.878],[-2.124,53.923],[-2.182,53.935],[-2.196,53.97],[-2.226,53.961],[-2.23,53.982],[-2.295,53.974],[-2.319,53.994],[-2.352,53.995],[-2.352,54.011],[-2.34,54.009],[-2.374,54.049],[-2.459,54.041],[-2.464,54.075],[-2.524,54.095],[-2.565,54.127],[-2.561,54.153],[-2.534,54.158],[-2.461,54.227],[-2.406,54.225],[-2.362,54.25],[-2.338,54.238],[-2.319,54.257],[-2.283,54.239],[-2.229,54.252],[-2.172,54.228],[-2.1,54.232],[-2.061,54.21],[-2.046,54.182],[-2.011,54.173],[-1.828,54.232],[-1.823,54.247],[-1.756,54.239],[-1.684,54.262]]]}},{"type":"Feature","properties":{"code":"E14001476","name":"Sleaford and North Hykeham","centroidLat":53.10804,"centroidLong":-0.46866},"geometry":{"type":"Polygon","coordinates":[[[-0.534,53.213],[-0.352,53.228],[-0.319,53.185],[-0.27,53.169],[-0.195,53.081],[-0.225,53.03],[-0.202,53.006],[-0.379,52.975],[-0.479,52.977],[-0.532,52.99],[-0.523,53.05],[-0.716,53.059],[-0.695,53.066],[-0.73,53.098],[-0.717,53.116],[-0.732,53.128],[-0.715,53.137],[-0.718,53.177],[-0.762,53.188],[-0.731,53.211],[-0.676,53.218],[-0.654,53.242],[-0.614,53.203],[-0.553,53.186],[-0.56,53.161],[-0.493,53.153],[-0.495,53.167],[-0.516,53.164],[-0.51,53.193],[-0.534,53.213]]]}},{"type":"Feature","properties":{"code":"E14001477","name":"Slough","centroidLat":51.51527,"centroidLong":-0.6102},"geometry":{"type":"Polygon","coordinates":[[[-0.529,51.497],[-0.653,51.501],[-0.66,51.528],[-0.567,51.533],[-0.569,51.511],[-0.528,51.51],[-0.529,51.497]]]}},{"type":"Feature","properties":{"code":"E14001478","name":"Smethwick","centroidLat":52.48675,"centroidLong":-1.99505},"geometry":{"type":"Polygon","coordinates":[[[-1.962,52.51],[-1.938,52.498],[-1.977,52.467],[-2.013,52.462],[-2.023,52.481],[-2.055,52.472],[-2.032,52.497],[-1.962,52.51]]]}},{"type":"Feature","properties":{"code":"E14001479","name":"Solihull West and Shirley","centroidLat":52.40197,"centroidLong":-1.81572},"geometry":{"type":"Polygon","coordinates":[[[-1.782,52.451],[-1.781,52.432],[-1.799,52.424],[-1.76,52.403],[-1.793,52.37],[-1.872,52.368],[-1.845,52.4],[-1.867,52.411],[-1.844,52.411],[-1.8,52.458],[-1.782,52.451]]]}},{"type":"Feature","properties":{"code":"N05000014","name":"South Antrim","centroidLat":54.66834,"centroidLong":-6.18376},"geometry":{"type":"Polygon","coordinates":[[[-5.908,54.69],[-5.973,54.688],[-5.975,54.669],[-6.024,54.629],[-6.021,54.612],[-6.046,54.606],[-6.041,54.564],[-6.112,54.561],[-6.095,54.529],[-6.125,54.523],[-6.145,54.544],[-6.192,54.544],[-6.179,54.567],[-6.278,54.557],[-6.324,54.591],[-6.426,54.568],[-6.407,54.649],[-6.496,54.714],[-6.457,54.762],[-6.477,54.781],[-6.385,54.779],[-6.345,54.801],[-6.227,54.788],[-6.144,54.812],[-6.107,54.806],[-6.103,54.793],[-6.01,54.8],[-5.987,54.774],[-5.901,54.78],[-5.887,54.772],[-5.907,54.755],[-5.892,54.745],[-5.907,54.713],[-5.936,54.703],[-5.908,54.69]]]}},{"type":"Feature","properties":{"code":"E14001480","name":"South Basildon and East Thurrock","centroidLat":51.52365,"centroidLong":0.426184},"geometry":{"type":"Polygon","coordinates":[[[0.453,51.505],[0.436,51.5],[0.436,51.502],[0.433,51.502],[0.433,51.502],[0.432,51.503],[0.432,51.503],[0.432,51.503],[0.431,51.506],[0.431,51.507],[0.427,51.51],[0.424,51.512],[0.423,51.515],[0.424,51.512],[0.431,51.506],[0.43,51.505],[0.433,51.502],[0.436,51.5],[0.444,51.501],[0.446,51.499],[0.435,51.463],[0.398,51.454],[0.4,51.472],[0.351,51.478],[0.358,51.494],[0.337,51.503],[0.336,51.531],[0.322,51.536],[0.334,51.542],[0.313,51.566],[0.475,51.569],[0.482,51.558],[0.5,51.564],[0.499,51.593],[0.527,51.589],[0.506,51.545],[0.501,51.545],[0.497,51.548],[0.497,51.548],[0.497,51.548],[0.498,51.548],[0.498,51.548],[0.497,51.548],[0.497,51.549],[0.499,51.55],[0.5,51.551],[0.501,51.552],[0.503,51.553],[0.503,51.553],[0.493,51.549],[0.505,51.559],[0.495,51.553],[0.492,51.554],[0.492,51.555],[0.49,51.556],[0.489,51.555],[0.494,51.553],[0.492,51.549],[0.494,51.546],[0.506,51.542],[0.507,51.538],[0.506,51.539],[0.503,51.539],[0.504,51.54],[0.503,51.539],[0.5,51.538],[0.496,51.539],[0.497,51.538],[0.504,51.539],[0.505,51.539],[0.506,51.538],[0.505,51.538],[0.507,51.537],[0.504,51.537],[0.501,51.533],[0.502,51.531],[0.504,51.536],[0.507,51.537],[0.541,51.513],[0.453,51.505]],[[0.452,51.505],[0.453,51.505],[0.453,51.505],[0.452,51.505]],[[0.453,51.506],[0.453,51.506],[0.452,51.506],[0.453,51.506]],[[0.453,51.506],[0.453,51.506],[0.453,51.506],[0.453,51.506]],[[0.454,51.506],[0.454,51.507],[0.453,51.506],[0.454,51.506]],[[0.454,51.506],[0.454,51.506],[0.454,51.506],[0.454,51.506]],[[0.454,51.506],[0.455,51.506],[0.454,51.506],[0.454,51.506]],[[0.497,51.548],[0.498,51.547],[0.498,51.547],[0.497,51.548]],[[0.498,51.547],[0.498,51.547],[0.498,51.547],[0.498,51.547]],[[0.499,51.548],[0.498,51.547],[0.498,51.547],[0.499,51.548]],[[0.497,51.549],[0.497,51.549],[0.497,51.549],[0.497,51.549]],[[0.497,51.549],[0.497,51.549],[0.497,51.549],[0.497,51.549],[0.497,51.549]],[[0.5,51.558],[0.5,51.557],[0.5,51.557],[0.5,51.558]],[[0.492,51.55],[0.492,51.55],[0.492,51.55],[0.492,51.55]],[[0.493,51.55],[0.493,51.551],[0.492,51.55],[0.493,51.55]],[[0.505,51.542],[0.505,51.542],[0.506,51.542],[0.505,51.542]],[[0.505,51.542],[0.505,51.542],[0.505,51.542],[0.505,51.542]],[[0.505,51.542],[0.505,51.541],[0.505,51.542],[0.505,51.542]],[[0.505,51.541],[0.506,51.541],[0.506,51.541],[0.505,51.541]],[[0.503,51.539],[0.503,51.539],[0.503,51.539],[0.503,51.539]],[[0.504,51.538],[0.504,51.538],[0.505,51.539],[0.504,51.538]],[[0.503,51.538],[0.504,51.538],[0.504,51.538],[0.503,51.538]],[[0.505,51.538],[0.505,51.538],[0.506,51.538],[0.505,51.538]],[[0.504,51.538],[0.504,51.538],[0.505,51.538],[0.504,51.538]],[[0.505,51.538],[0.506,51.538],[0.506,51.538],[0.505,51.538]],[[0.505,51.538],[0.504,51.537],[0.505,51.538],[0.505,51.538]],[[0.507,51.535],[0.506,51.535],[0.507,51.535],[0.507,51.535]],[[0.505,51.533],[0.506,51.533],[0.506,51.533],[0.505,51.533]],[[0.51,51.529],[0.51,51.529],[0.51,51.529],[0.51,51.529]],[[0.509,51.529],[0.509,51.53],[0.51,51.529],[0.509,51.529]],[[0.509,51.53],[0.509,51.53],[0.509,51.53],[0.509,51.53]],[[0.509,51.53],[0.509,51.53],[0.509,51.53],[0.509,51.53]],[[0.512,51.527],[0.513,51.527],[0.513,51.527],[0.512,51.527]],[[0.515,51.526],[0.513,51.527],[0.512,51.527],[0.513,51.527],[0.514,51.526],[0.515,51.526]],[[0.513,51.527],[0.513,51.527],[0.513,51.527],[0.513,51.527]],[[0.513,51.526],[0.513,51.527],[0.513,51.527],[0.513,51.526]],[[0.517,51.525],[0.517,51.525],[0.517,51.525],[0.517,51.525]],[[0.51,51.53],[0.51,51.529],[0.51,51.529],[0.51,51.53]]]}},{"type":"Feature","properties":{"code":"E14001481","name":"South Cambridgeshire","centroidLat":52.13806,"centroidLong":0.128854},"geometry":{"type":"Polygon","coordinates":[[[0.417,52.159],[0.417,52.133],[0.382,52.103],[0.407,52.071],[0.38,52.05],[0.389,52.036],[0.286,52.09],[0.252,52.077],[0.203,52.093],[0.183,52.073],[0.19,52.06],[0.166,52.048],[0.106,52.06],[0.092,52.022],[0.068,52.006],[0.04,52.053],[-0.02,52.064],[-0.127,52.021],[-0.134,52.046],[-0.155,52.053],[-0.144,52.138],[-0.235,52.145],[-0.19,52.169],[-0.043,52.156],[-0.013,52.182],[-0.028,52.185],[-0.005,52.219],[0.038,52.206],[0.071,52.215],[0.105,52.191],[0.103,52.158],[0.132,52.168],[0.133,52.187],[0.17,52.192],[0.16,52.2],[0.18,52.202],[0.167,52.204],[0.176,52.217],[0.161,52.221],[0.212,52.27],[0.21,52.249],[0.254,52.215],[0.352,52.169],[0.417,52.159]]]}},{"type":"Feature","properties":{"code":"E14001482","name":"South Cotswolds","centroidLat":51.6045,"centroidLong":-2.11851},"geometry":{"type":"Polygon","coordinates":[[[-1.694,51.722],[-1.648,51.684],[-1.694,51.693],[-1.721,51.669],[-1.799,51.662],[-1.789,51.633],[-1.842,51.613],[-1.826,51.579],[-1.946,51.575],[-1.94,51.546],[-1.967,51.519],[-2.064,51.5],[-2.056,51.48],[-2.082,51.469],[-2.132,51.479],[-2.155,51.446],[-2.23,51.444],[-2.241,51.472],[-2.296,51.459],[-2.291,51.487],[-2.324,51.498],[-2.256,51.522],[-2.26,51.57],[-2.294,51.595],[-2.396,51.6],[-2.388,51.624],[-2.4,51.635],[-2.319,51.622],[-2.285,51.681],[-2.192,51.66],[-2.188,51.67],[-2.212,51.682],[-2.201,51.693],[-2.052,51.7],[-2.056,51.734],[-2.037,51.739],[-2.007,51.723],[-1.989,51.739],[-1.944,51.726],[-1.93,51.764],[-1.857,51.752],[-1.821,51.718],[-1.768,51.736],[-1.747,51.712],[-1.694,51.722]]]}},{"type":"Feature","properties":{"code":"E14001483","name":"South Derbyshire","centroidLat":52.82189,"centroidLong":-1.50356},"geometry":{"type":"Polygon","coordinates":[[[-1.65,52.944],[-1.546,52.927],[-1.557,52.915],[-1.542,52.89],[-1.503,52.885],[-1.494,52.87],[-1.424,52.865],[-1.403,52.9],[-1.385,52.902],[-1.319,52.87],[-1.381,52.846],[-1.418,52.802],[-1.463,52.787],[-1.468,52.767],[-1.555,52.762],[-1.562,52.751],[-1.545,52.73],[-1.564,52.711],[-1.655,52.699],[-1.657,52.722],[-1.704,52.731],[-1.667,52.785],[-1.611,52.781],[-1.589,52.8],[-1.611,52.816],[-1.585,52.832],[-1.636,52.854],[-1.607,52.867],[-1.609,52.884],[-1.655,52.906],[-1.65,52.944]]]}},{"type":"Feature","properties":{"code":"E14001484","name":"South Devon","centroidLat":50.34989,"centroidLong":-3.71524},"geometry":{"type":"Polygon","coordinates":[[[-3.889,50.536],[-3.827,50.516],[-3.799,50.536],[-3.785,50.518],[-3.792,50.501],[-3.776,50.496],[-3.798,50.489],[-3.777,50.464],[-3.759,50.467],[-3.769,50.486],[-3.756,50.51],[-3.67,50.462],[-3.598,50.484],[-3.584,50.477],[-3.579,50.414],[-3.483,50.399],[-3.516,50.372],[-3.518,50.346],[-3.544,50.335],[-3.574,50.348],[-3.57,50.369],[-3.592,50.382],[-3.578,50.389],[-3.575,50.393],[-3.61,50.392],[-3.634,50.409],[-3.648,50.406],[-3.642,50.409],[-3.644,50.412],[-3.682,50.428],[-3.68,50.436],[-3.685,50.445],[-3.69,50.439],[-3.681,50.436],[-3.683,50.428],[-3.662,50.414],[-3.667,50.415],[-3.67,50.418],[-3.666,50.413],[-3.647,50.404],[-3.634,50.405],[-3.672,50.397],[-3.594,50.39],[-3.595,50.381],[-3.581,50.372],[-3.602,50.356],[-3.579,50.36],[-3.577,50.346],[-3.563,50.335],[-3.643,50.29],[-3.66,50.239],[-3.654,50.228],[-3.64,50.223],[-3.641,50.221],[-3.681,50.222],[-3.722,50.202],[-3.771,50.222],[-3.72,50.248],[-3.756,50.24],[-3.72,50.271],[-3.757,50.255],[-3.758,50.284],[-3.778,50.279],[-3.77,50.261],[-3.786,50.266],[-3.759,50.241],[-3.768,50.244],[-3.775,50.244],[-3.766,50.236],[-3.785,50.211],[-3.823,50.217],[-3.871,50.241],[-3.858,50.261],[-3.882,50.276],[-3.88,50.282],[-3.868,50.279],[-3.852,50.291],[-3.845,50.307],[-3.838,50.308],[-3.838,50.308],[-3.835,50.308],[-3.831,50.31],[-3.826,50.31],[-3.826,50.311],[-3.831,50.311],[-3.839,50.308],[-3.84,50.313],[-3.854,50.308],[-3.874,50.281],[-3.948,50.303],[-3.922,50.33],[-3.936,50.325],[-3.924,50.351],[-3.849,50.381],[-3.805,50.378],[-3.835,50.391],[-3.818,50.412],[-3.873,50.424],[-3.902,50.452],[-3.88,50.487],[-3.889,50.536]],[[-3.682,50.43],[-3.682,50.432],[-3.682,50.43],[-3.682,50.43]],[[-3.665,50.415],[-3.665,50.415],[-3.665,50.415],[-3.665,50.415]],[[-3.665,50.415],[-3.666,50.415],[-3.665,50.415],[-3.665,50.415]],[[-3.667,50.416],[-3.667,50.416],[-3.667,50.416],[-3.667,50.416]],[[-3.668,50.417],[-3.669,50.418],[-3.667,50.416],[-3.668,50.417]],[[-3.667,50.416],[-3.668,50.416],[-3.667,50.416],[-3.667,50.416]],[[-3.668,50.416],[-3.669,50.417],[-3.668,50.416],[-3.668,50.416]],[[-3.839,50.307],[-3.838,50.307],[-3.838,50.308],[-3.839,50.307]],[[-3.838,50.307],[-3.837,50.308],[-3.838,50.307],[-3.838,50.307]],[[-3.838,50.311],[-3.838,50.31],[-3.838,50.31],[-3.838,50.311]],[[-3.854,50.308],[-3.854,50.308],[-3.854,50.308],[-3.854,50.308]],[[-3.855,50.309],[-3.854,50.308],[-3.854,50.308],[-3.855,50.309]],[[-3.921,50.33],[-3.921,50.331],[-3.922,50.33],[-3.921,50.33]],[[-3.92,50.332],[-3.92,50.332],[-3.921,50.331],[-3.92,50.332]],[[-3.684,50.445],[-3.685,50.445],[-3.685,50.445],[-3.684,50.445]],[[-3.684,50.445],[-3.684,50.445],[-3.684,50.445],[-3.684,50.445]],[[-3.683,50.445],[-3.683,50.446],[-3.684,50.445],[-3.683,50.445]],[[-3.681,50.446],[-3.682,50.446],[-3.683,50.446],[-3.681,50.446]],[[-3.675,50.446],[-3.68,50.446],[-3.678,50.446],[-3.675,50.446],[-3.675,50.448],[-3.676,50.45],[-3.675,50.451],[-3.673,50.451],[-3.672,50.451],[-3.672,50.452],[-3.673,50.451],[-3.675,50.451],[-3.676,50.45],[-3.675,50.446]]]}},{"type":"Feature","properties":{"code":"E14001485","name":"South Dorset","centroidLat":50.66873,"centroidLong":-2.24912},"geometry":{"type":"MultiPolygon","coordinates":[[[[-2.517,50.604],[-2.461,50.571],[-2.422,50.569],[-2.418,50.543],[-2.459,50.514],[-2.449,50.56],[-2.517,50.604]]],[[[-2.081,50.651],[-2.031,50.672],[-2.029,50.674],[-2.025,50.669],[-2.026,50.675],[-2.022,50.682],[-2.011,50.683],[-1.968,50.66],[-1.95,50.68],[-1.95,50.646],[-1.924,50.642],[-1.957,50.617],[-1.944,50.608],[-1.951,50.594],[-2.056,50.577],[-2.064,50.594],[-2.135,50.613],[-2.393,50.637],[-2.439,50.628],[-2.46,50.608],[-2.432,50.596],[-2.45,50.601],[-2.47,50.583],[-2.497,50.596],[-2.525,50.64],[-2.502,50.65],[-2.495,50.679],[-2.464,50.672],[-2.467,50.652],[-2.443,50.647],[-2.374,50.669],[-2.354,50.701],[-2.309,50.705],[-2.304,50.73],[-2.264,50.761],[-2.227,50.743],[-2.237,50.718],[-2.154,50.695],[-2.122,50.662],[-2.081,50.651]],[[-2.028,50.673],[-2.028,50.673],[-2.028,50.673],[-2.028,50.673]],[[-2.028,50.672],[-2.029,50.672],[-2.028,50.672],[-2.028,50.672]],[[-2.028,50.672],[-2.028,50.672],[-2.028,50.672],[-2.028,50.672]],[[-2.029,50.671],[-2.028,50.671],[-2.028,50.672],[-2.029,50.671]],[[-2.029,50.671],[-2.029,50.671],[-2.029,50.671],[-2.029,50.671]],[[-2.029,50.672],[-2.029,50.671],[-2.029,50.671],[-2.029,50.672]],[[-2.028,50.67],[-2.028,50.67],[-2.028,50.67],[-2.028,50.67]],[[-2.028,50.67],[-2.028,50.67],[-2.028,50.67],[-2.028,50.67]],[[-2.026,50.67],[-2.026,50.67],[-2.026,50.67],[-2.026,50.67]],[[-2.026,50.669],[-2.027,50.669],[-2.027,50.669],[-2.026,50.669]],[[-2.027,50.668],[-2.027,50.668],[-2.027,50.669],[-2.027,50.668]],[[-2.028,50.668],[-2.027,50.668],[-2.027,50.668],[-2.028,50.668]],[[-2.024,50.675],[-2.024,50.675],[-2.024,50.676],[-2.024,50.675]],[[-2.024,50.675],[-2.024,50.675],[-2.024,50.675],[-2.024,50.675]],[[-2.023,50.676],[-2.023,50.676],[-2.023,50.676],[-2.023,50.676]],[[-2.023,50.676],[-2.024,50.675],[-2.022,50.676],[-2.023,50.676]],[[-2.022,50.677],[-2.022,50.677],[-2.022,50.677],[-2.022,50.677]],[[-2.021,50.677],[-2.021,50.677],[-2.022,50.677],[-2.021,50.677]],[[-2.011,50.682],[-2.011,50.682],[-2.011,50.682],[-2.011,50.682]],[[-2.013,50.674],[-2.013,50.674],[-2.013,50.674],[-2.013,50.674]],[[-2.014,50.674],[-2.013,50.674],[-2.013,50.674],[-2.014,50.674]],[[-2.01,50.674],[-2.01,50.673],[-2.01,50.674],[-2.01,50.674]],[[-2.01,50.673],[-2.011,50.673],[-2.011,50.671],[-2.01,50.672],[-2.01,50.671],[-2.01,50.673]],[[-2.011,50.671],[-2.01,50.671],[-2.011,50.671],[-2.011,50.671]],[[-2.01,50.671],[-2.01,50.671],[-2.01,50.671],[-2.01,50.671]],[[-2.009,50.674],[-2.009,50.674],[-2.009,50.674],[-2.009,50.674]],[[-2.009,50.674],[-2.009,50.673],[-2.009,50.674],[-2.009,50.674]],[[-2.009,50.674],[-2.009,50.673],[-2.009,50.674],[-2.009,50.674]],[[-2.009,50.673],[-2.009,50.673],[-2.009,50.673],[-2.009,50.673]],[[-2.01,50.673],[-2.01,50.673],[-2.01,50.673],[-2.01,50.673]],[[-1.981,50.666],[-1.981,50.666],[-1.981,50.666],[-1.981,50.666]],[[-1.982,50.666],[-1.981,50.665],[-1.981,50.666],[-1.982,50.666]],[[-1.981,50.665],[-1.98,50.665],[-1.98,50.665],[-1.981,50.665]],[[-1.977,50.663],[-1.977,50.663],[-1.977,50.663],[-1.977,50.663]],[[-1.978,50.663],[-1.977,50.663],[-1.977,50.663],[-1.978,50.663]],[[-1.976,50.663],[-1.976,50.663],[-1.976,50.663],[-1.976,50.663]],[[-1.977,50.662],[-1.976,50.662],[-1.977,50.662],[-1.977,50.662]],[[-1.977,50.662],[-1.977,50.661],[-1.977,50.661],[-1.977,50.662]],[[-1.978,50.659],[-1.976,50.661],[-1.977,50.661],[-1.978,50.659]],[[-2.028,50.671],[-2.027,50.671],[-2.028,50.672],[-2.028,50.671]],[[-2.029,50.671],[-2.028,50.671],[-2.028,50.671],[-2.029,50.671]],[[-2.012,50.675],[-2.012,50.675],[-2.012,50.675],[-2.012,50.675]],[[-2.01,50.672],[-2.01,50.672],[-2.01,50.672],[-2.01,50.672]]]]}},{"type":"Feature","properties":{"code":"N05000015","name":"South Down","centroidLat":54.21761,"centroidLong":-5.98261},"geometry":{"type":"Polygon","coordinates":[[[-5.582,54.272],[-5.608,54.265],[-5.615,54.246],[-5.634,54.252],[-5.63,54.258],[-5.637,54.259],[-5.636,54.263],[-5.64,54.263],[-5.637,54.24],[-5.661,54.226],[-5.693,54.251],[-5.822,54.243],[-5.834,54.257],[-5.816,54.259],[-5.82,54.272],[-5.814,54.285],[-5.814,54.286],[-5.85,54.253],[-5.83,54.242],[-5.893,54.205],[-5.872,54.168],[-5.897,54.105],[-6.063,54.023],[-6.108,54.04],[-6.074,54.047],[-6.095,54.063],[-6.159,54.065],[-6.198,54.098],[-6.254,54.096],[-6.294,54.114],[-6.33,54.155],[-6.312,54.161],[-6.321,54.174],[-6.31,54.186],[-6.348,54.195],[-6.374,54.247],[-6.361,54.263],[-6.395,54.28],[-6.376,54.29],[-6.387,54.303],[-6.361,54.313],[-6.363,54.341],[-6.319,54.332],[-6.298,54.348],[-6.29,54.329],[-6.256,54.321],[-6.24,54.33],[-6.238,54.36],[-6.207,54.369],[-6.18,54.355],[-6.15,54.368],[-6.127,54.344],[-6.083,54.341],[-6.086,54.328],[-6.07,54.325],[-6.017,54.372],[-5.913,54.397],[-5.907,54.38],[-5.922,54.369],[-5.895,54.355],[-5.873,54.362],[-5.85,54.34],[-5.841,54.364],[-5.788,54.362],[-5.742,54.327],[-5.68,54.352],[-5.686,54.317],[-5.663,54.317],[-5.632,54.28],[-5.582,54.272]],[[-6.082,54.045],[-6.082,54.045],[-6.082,54.046],[-6.082,54.045]],[[-6.074,54.047],[-6.074,54.047],[-6.074,54.047],[-6.074,54.047]],[[-6.073,54.046],[-6.074,54.047],[-6.074,54.047],[-6.073,54.046]]]}},{"type":"Feature","properties":{"code":"E14001486","name":"South East Cornwall","centroidLat":50.44057,"centroidLong":-4.44531},"geometry":{"type":"Polygon","coordinates":[[[-4.451,50.351],[-4.464,50.382],[-4.463,50.383],[-4.466,50.381],[-4.467,50.376],[-4.459,50.359],[-4.469,50.364],[-4.48,50.363],[-4.482,50.365],[-4.484,50.364],[-4.486,50.365],[-4.485,50.368],[-4.485,50.368],[-4.486,50.366],[-4.484,50.364],[-4.482,50.364],[-4.48,50.362],[-4.469,50.363],[-4.465,50.358],[-4.457,50.358],[-4.456,50.353],[-4.451,50.348],[-4.473,50.333],[-4.633,50.324],[-4.609,50.338],[-4.63,50.335],[-4.636,50.347],[-4.636,50.358],[-4.615,50.357],[-4.609,50.359],[-4.606,50.361],[-4.636,50.36],[-4.634,50.379],[-4.62,50.382],[-4.616,50.386],[-4.636,50.38],[-4.638,50.373],[-4.668,50.41],[-4.669,50.383],[-4.685,50.375],[-4.702,50.388],[-4.71,50.366],[-4.74,50.365],[-4.771,50.399],[-4.738,50.409],[-4.733,50.428],[-4.682,50.433],[-4.66,50.451],[-4.636,50.443],[-4.612,50.475],[-4.611,50.535],[-4.565,50.56],[-4.534,50.543],[-4.505,50.559],[-4.48,50.541],[-4.421,50.542],[-4.394,50.555],[-4.393,50.575],[-4.351,50.569],[-4.364,50.556],[-4.333,50.522],[-4.271,50.517],[-4.269,50.535],[-4.244,50.543],[-4.207,50.533],[-4.203,50.503],[-4.181,50.504],[-4.221,50.499],[-4.219,50.476],[-4.25,50.467],[-4.231,50.455],[-4.223,50.463],[-4.218,50.464],[-4.2,50.437],[-4.222,50.426],[-4.226,50.436],[-4.233,50.439],[-4.237,50.439],[-4.224,50.422],[-4.21,50.425],[-4.212,50.399],[-4.274,50.377],[-4.29,50.39],[-4.277,50.398],[-4.281,50.399],[-4.28,50.405],[-4.277,50.407],[-4.278,50.414],[-4.276,50.415],[-4.273,50.417],[-4.272,50.42],[-4.273,50.42],[-4.273,50.421],[-4.275,50.422],[-4.275,50.426],[-4.277,50.429],[-4.276,50.422],[-4.273,50.417],[-4.279,50.414],[-4.282,50.399],[-4.294,50.389],[-4.302,50.393],[-4.297,50.4],[-4.306,50.401],[-4.302,50.404],[-4.305,50.407],[-4.303,50.407],[-4.302,50.407],[-4.303,50.407],[-4.304,50.407],[-4.306,50.408],[-4.307,50.408],[-4.308,50.409],[-4.307,50.41],[-4.308,50.411],[-4.31,50.41],[-4.312,50.411],[-4.311,50.413],[-4.314,50.414],[-4.32,50.416],[-4.322,50.415],[-4.325,50.412],[-4.327,50.412],[-4.303,50.405],[-4.307,50.401],[-4.303,50.388],[-4.309,50.391],[-4.319,50.39],[-4.325,50.389],[-4.309,50.39],[-4.309,50.388],[-4.307,50.389],[-4.305,50.387],[-4.301,50.389],[-4.296,50.387],[-4.305,50.381],[-4.306,50.376],[-4.307,50.375],[-4.307,50.375],[-4.295,50.387],[-4.278,50.375],[-4.268,50.375],[-4.278,50.371],[-4.249,50.375],[-4.231,50.39],[-4.202,50.388],[-4.195,50.372],[-4.224,50.371],[-4.223,50.368],[-4.237,50.366],[-4.239,50.362],[-4.197,50.359],[-4.208,50.347],[-4.172,50.359],[-4.167,50.346],[-4.201,50.333],[-4.189,50.317],[-4.224,50.311],[-4.233,50.336],[-4.308,50.361],[-4.41,50.364],[-4.451,50.351]],[[-4.486,50.368],[-4.486,50.368],[-4.486,50.368],[-4.486,50.368]],[[-4.486,50.368],[-4.485,50.368],[-4.486,50.368],[-4.486,50.368]],[[-4.486,50.369],[-4.486,50.369],[-4.485,50.368],[-4.486,50.369]],[[-4.486,50.369],[-4.486,50.369],[-4.488,50.369],[-4.486,50.369]],[[-4.631,50.382],[-4.631,50.382],[-4.631,50.382],[-4.631,50.382]],[[-4.227,50.49],[-4.227,50.49],[-4.227,50.49],[-4.227,50.49]],[[-4.228,50.49],[-4.231,50.491],[-4.227,50.49],[-4.228,50.49]],[[-4.22,50.463],[-4.22,50.463],[-4.22,50.463],[-4.22,50.463]],[[-4.22,50.463],[-4.22,50.463],[-4.22,50.463],[-4.22,50.463]],[[-4.22,50.428],[-4.219,50.428],[-4.219,50.428],[-4.22,50.428]],[[-4.237,50.439],[-4.237,50.439],[-4.236,50.439],[-4.237,50.439]],[[-4.238,50.439],[-4.238,50.439],[-4.237,50.439],[-4.238,50.439]],[[-4.236,50.402],[-4.236,50.401],[-4.235,50.401],[-4.236,50.402]],[[-4.27,50.387],[-4.271,50.387],[-4.271,50.387],[-4.27,50.387]],[[-4.28,50.405],[-4.28,50.405],[-4.28,50.405],[-4.28,50.405]],[[-4.279,50.404],[-4.279,50.405],[-4.28,50.405],[-4.279,50.404]],[[-4.28,50.408],[-4.281,50.408],[-4.28,50.408],[-4.28,50.408]],[[-4.294,50.391],[-4.294,50.391],[-4.293,50.391],[-4.294,50.391]],[[-4.294,50.391],[-4.294,50.391],[-4.294,50.391],[-4.294,50.391]],[[-4.299,50.394],[-4.299,50.395],[-4.299,50.395],[-4.299,50.394]],[[-4.303,50.408],[-4.304,50.407],[-4.303,50.408],[-4.303,50.408]],[[-4.309,50.391],[-4.309,50.391],[-4.309,50.391],[-4.309,50.391]],[[-4.308,50.391],[-4.309,50.391],[-4.309,50.391],[-4.308,50.391]],[[-4.302,50.388],[-4.302,50.388],[-4.302,50.387],[-4.302,50.388],[-4.302,50.388]],[[-4.301,50.388],[-4.302,50.388],[-4.302,50.388],[-4.301,50.388]],[[-4.297,50.383],[-4.297,50.383],[-4.297,50.383],[-4.297,50.383]],[[-4.296,50.382],[-4.297,50.383],[-4.297,50.383],[-4.296,50.382]]]}},{"type":"Feature","properties":{"code":"E14001487","name":"South Holland and The Deepings","centroidLat":52.78663,"centroidLong":-0.03059},"geometry":{"type":"MultiPolygon","coordinates":[[[[0.214,52.826],[0.209,52.825],[0.208,52.825],[0.207,52.824],[0.215,52.825],[0.201,52.778],[0.171,52.738],[0.064,52.727],[0.044,52.714],[0.049,52.682],[0.021,52.665],[-0.064,52.675],[-0.141,52.652],[-0.193,52.652],[-0.206,52.668],[-0.26,52.651],[-0.319,52.675],[-0.357,52.66],[-0.366,52.662],[-0.361,52.681],[-0.278,52.711],[-0.307,52.745],[-0.261,52.771],[-0.276,52.862],[-0.257,52.867],[-0.27,52.877],[-0.247,52.929],[-0.172,52.918],[-0.143,52.885],[-0.07,52.864],[-0.091,52.853],[-0.101,52.846],[-0.135,52.8],[-0.069,52.864],[0.03,52.899],[0.073,52.906],[0.074,52.903],[0.071,52.901],[0.076,52.904],[0.073,52.9],[0.078,52.902],[0.075,52.901],[0.08,52.902],[0.076,52.899],[0.081,52.901],[0.083,52.9],[0.065,52.898],[0.086,52.9],[0.085,52.897],[0.076,52.895],[0.089,52.897],[0.093,52.894],[0.091,52.89],[0.092,52.89],[0.092,52.888],[0.093,52.887],[0.092,52.886],[0.096,52.885],[0.092,52.886],[0.093,52.895],[0.099,52.895],[0.116,52.882],[0.116,52.889],[0.118,52.893],[0.145,52.885],[0.136,52.875],[0.144,52.881],[0.151,52.882],[0.152,52.878],[0.151,52.878],[0.15,52.877],[0.149,52.878],[0.144,52.878],[0.145,52.872],[0.15,52.873],[0.153,52.878],[0.151,52.882],[0.176,52.874],[0.186,52.855],[0.182,52.854],[0.177,52.856],[0.174,52.855],[0.173,52.856],[0.172,52.856],[0.164,52.863],[0.163,52.862],[0.17,52.856],[0.173,52.856],[0.172,52.855],[0.172,52.853],[0.189,52.854],[0.187,52.852],[0.186,52.851],[0.182,52.85],[0.182,52.85],[0.184,52.849],[0.182,52.85],[0.188,52.851],[0.187,52.85],[0.19,52.854],[0.193,52.852],[0.19,52.847],[0.195,52.848],[0.196,52.847],[0.192,52.846],[0.197,52.847],[0.201,52.841],[0.199,52.841],[0.197,52.841],[0.195,52.841],[0.194,52.841],[0.202,52.839],[0.2,52.839],[0.198,52.838],[0.198,52.838],[0.196,52.838],[0.194,52.837],[0.202,52.838],[0.213,52.829],[0.201,52.83],[0.211,52.828],[0.205,52.825],[0.214,52.826]],[[0.211,52.823],[0.212,52.823],[0.212,52.823],[0.211,52.823]],[[0.209,52.823],[0.208,52.822],[0.211,52.823],[0.209,52.823]],[[0.206,52.824],[0.208,52.822],[0.208,52.822],[0.206,52.824]],[[0.214,52.821],[0.213,52.821],[0.214,52.821],[0.214,52.821]],[[0.213,52.819],[0.213,52.819],[0.213,52.819],[0.213,52.819]],[[-0.031,52.874],[-0.031,52.874],[-0.031,52.874],[-0.031,52.874]],[[-0.031,52.874],[-0.027,52.875],[-0.031,52.874],[-0.031,52.874]],[[0.02,52.893],[0.02,52.893],[0.019,52.893],[0.02,52.893]],[[0.02,52.893],[0.02,52.893],[0.02,52.893],[0.02,52.893]],[[0.028,52.898],[0.028,52.898],[0.028,52.898],[0.028,52.898]],[[0.032,52.897],[0.028,52.897],[0.022,52.894],[0.032,52.897]],[[0.027,52.897],[0.026,52.897],[0.026,52.897],[0.027,52.897]],[[0.026,52.897],[0.023,52.896],[0.024,52.896],[0.023,52.895],[0.026,52.897]],[[0.04,52.897],[0.042,52.897],[0.042,52.897],[0.04,52.897]],[[0.042,52.897],[0.042,52.897],[0.042,52.897],[0.042,52.897]],[[0.043,52.897],[0.044,52.898],[0.042,52.897],[0.043,52.897]],[[0.047,52.901],[0.047,52.901],[0.047,52.901],[0.047,52.901]],[[0.047,52.901],[0.047,52.899],[0.047,52.899],[0.047,52.899],[0.047,52.901]],[[0.049,52.901],[0.049,52.901],[0.049,52.901],[0.049,52.901]],[[0.048,52.901],[0.048,52.901],[0.049,52.901],[0.048,52.901]],[[0.048,52.901],[0.05,52.9],[0.05,52.9],[0.048,52.901]],[[0.052,52.901],[0.052,52.901],[0.053,52.901],[0.052,52.901]],[[0.054,52.902],[0.054,52.902],[0.054,52.902],[0.054,52.902]],[[0.054,52.901],[0.055,52.901],[0.054,52.902],[0.054,52.901]],[[0.062,52.899],[0.062,52.899],[0.062,52.899],[0.062,52.899]],[[0.061,52.899],[0.059,52.9],[0.059,52.9],[0.057,52.9],[0.056,52.9],[0.061,52.899]],[[0.056,52.9],[0.056,52.9],[0.056,52.9],[0.056,52.9]],[[0.056,52.9],[0.056,52.9],[0.056,52.9],[0.056,52.9]],[[0.064,52.899],[0.065,52.9],[0.065,52.9],[0.064,52.899]],[[0.066,52.9],[0.066,52.9],[0.067,52.899],[0.066,52.9]],[[0.068,52.904],[0.068,52.903],[0.068,52.904],[0.068,52.904]],[[0.071,52.904],[0.072,52.905],[0.072,52.905],[0.071,52.904]],[[0.072,52.904],[0.073,52.905],[0.073,52.905],[0.072,52.904]],[[0.071,52.904],[0.07,52.903],[0.072,52.904],[0.071,52.904]],[[0.071,52.902],[0.072,52.903],[0.072,52.903],[0.071,52.902]],[[0.081,52.901],[0.081,52.901],[0.081,52.901],[0.081,52.901]],[[0.079,52.9],[0.078,52.9],[0.081,52.901],[0.079,52.9]],[[0.081,52.9],[0.082,52.9],[0.082,52.9],[0.081,52.9]],[[0.079,52.9],[0.081,52.9],[0.081,52.9],[0.079,52.9]],[[0.073,52.897],[0.073,52.897],[0.073,52.897],[0.073,52.897]],[[0.073,52.896],[0.073,52.896],[0.073,52.897],[0.073,52.896]],[[0.08,52.898],[0.079,52.897],[0.08,52.898],[0.08,52.898]],[[0.083,52.897],[0.081,52.897],[0.084,52.897],[0.083,52.897]],[[0.076,52.895],[0.076,52.895],[0.076,52.895],[0.076,52.895]],[[0.076,52.895],[0.075,52.896],[0.074,52.895],[0.076,52.895]],[[0.076,52.895],[0.078,52.894],[0.079,52.894],[0.076,52.895]],[[0.083,52.896],[0.083,52.896],[0.083,52.896],[0.083,52.896]],[[0.082,52.896],[0.082,52.894],[0.083,52.896],[0.082,52.896]],[[0.087,52.892],[0.087,52.892],[0.087,52.892],[0.087,52.892]],[[0.079,52.894],[0.085,52.893],[0.083,52.894],[0.079,52.894]],[[0.08,52.894],[0.079,52.894],[0.079,52.894],[0.08,52.894]],[[0.08,52.894],[0.08,52.894],[0.08,52.894],[0.08,52.894]],[[0.092,52.893],[0.092,52.894],[0.092,52.894],[0.092,52.893]],[[0.092,52.886],[0.092,52.886],[0.092,52.886],[0.092,52.886]],[[0.092,52.886],[0.092,52.886],[0.092,52.886],[0.092,52.886]],[[0.092,52.886],[0.092,52.885],[0.092,52.886],[0.092,52.886]],[[0.092,52.885],[0.093,52.885],[0.092,52.885],[0.092,52.885]],[[0.099,52.885],[0.099,52.885],[0.096,52.885],[0.099,52.885]],[[0.099,52.885],[0.099,52.884],[0.099,52.884],[0.099,52.885]],[[0.098,52.884],[0.099,52.884],[0.099,52.884],[0.098,52.884]],[[0.097,52.885],[0.098,52.884],[0.098,52.884],[0.097,52.885]],[[0.096,52.894],[0.096,52.893],[0.096,52.894],[0.096,52.894]],[[0.098,52.893],[0.098,52.893],[0.098,52.893],[0.098,52.893]],[[0.095,52.891],[0.094,52.889],[0.095,52.887],[0.095,52.891],[0.098,52.893],[0.095,52.891]],[[0.096,52.888],[0.096,52.891],[0.096,52.891],[0.096,52.888]],[[0.097,52.891],[0.097,52.89],[0.097,52.892],[0.097,52.891]],[[0.097,52.89],[0.097,52.89],[0.097,52.89],[0.097,52.89]],[[0.097,52.889],[0.097,52.889],[0.097,52.89],[0.097,52.889]],[[0.097,52.889],[0.098,52.887],[0.097,52.889],[0.097,52.889]],[[0.116,52.882],[0.116,52.882],[0.116,52.882],[0.116,52.882]],[[0.115,52.882],[0.116,52.882],[0.116,52.882],[0.115,52.882]],[[0.116,52.882],[0.117,52.882],[0.116,52.882],[0.116,52.882]],[[0.119,52.89],[0.119,52.89],[0.119,52.89],[0.119,52.89]],[[0.12,52.886],[0.119,52.888],[0.119,52.886],[0.12,52.886]],[[0.119,52.884],[0.119,52.884],[0.119,52.886],[0.119,52.884]],[[0.118,52.883],[0.118,52.883],[0.119,52.884],[0.118,52.883]],[[0.118,52.883],[0.118,52.883],[0.118,52.883],[0.118,52.883]],[[0.118,52.882],[0.119,52.882],[0.118,52.883],[0.118,52.882]],[[0.118,52.882],[0.118,52.882],[0.118,52.882],[0.118,52.882]],[[0.118,52.882],[0.118,52.882],[0.118,52.882],[0.118,52.882]],[[0.118,52.882],[0.118,52.882],[0.118,52.882],[0.118,52.882]],[[0.118,52.882],[0.117,52.881],[0.121,52.881],[0.118,52.882]],[[0.119,52.884],[0.119,52.884],[0.119,52.884],[0.119,52.884]],[[0.119,52.883],[0.119,52.883],[0.119,52.884],[0.119,52.883]],[[0.121,52.89],[0.121,52.889],[0.121,52.89],[0.121,52.89]],[[0.121,52.889],[0.121,52.888],[0.121,52.886],[0.121,52.888],[0.121,52.889]],[[0.12,52.888],[0.121,52.888],[0.121,52.889],[0.12,52.888]],[[0.12,52.888],[0.12,52.887],[0.12,52.888],[0.12,52.888]],[[0.12,52.887],[0.12,52.887],[0.12,52.887],[0.12,52.887]],[[0.119,52.884],[0.12,52.887],[0.12,52.887],[0.119,52.884]],[[0.12,52.886],[0.12,52.887],[0.12,52.887],[0.12,52.886]],[[0.12,52.886],[0.12,52.886],[0.12,52.886],[0.12,52.886]],[[0.133,52.887],[0.133,52.888],[0.133,52.888],[0.133,52.887]],[[0.14,52.886],[0.139,52.885],[0.14,52.886],[0.14,52.886]],[[0.139,52.885],[0.139,52.885],[0.14,52.885],[0.139,52.885]],[[0.138,52.884],[0.138,52.884],[0.139,52.885],[0.138,52.884]],[[0.14,52.885],[0.14,52.885],[0.14,52.885],[0.14,52.885]],[[0.14,52.885],[0.139,52.884],[0.14,52.883],[0.138,52.882],[0.138,52.881],[0.139,52.882],[0.14,52.883],[0.14,52.885]],[[0.134,52.88],[0.133,52.88],[0.133,52.879],[0.134,52.88]],[[0.134,52.88],[0.127,52.884],[0.134,52.88],[0.134,52.88]],[[0.144,52.88],[0.144,52.88],[0.144,52.88],[0.144,52.88]],[[0.144,52.88],[0.144,52.88],[0.144,52.88],[0.144,52.88]],[[0.148,52.88],[0.149,52.881],[0.149,52.881],[0.148,52.88]],[[0.148,52.88],[0.147,52.88],[0.148,52.88],[0.148,52.88]],[[0.148,52.88],[0.147,52.88],[0.148,52.88],[0.148,52.88]],[[0.146,52.879],[0.146,52.879],[0.145,52.878],[0.146,52.879]],[[0.15,52.881],[0.149,52.88],[0.15,52.881],[0.15,52.881]],[[0.149,52.88],[0.149,52.88],[0.15,52.881],[0.149,52.88]],[[0.149,52.88],[0.147,52.879],[0.147,52.878],[0.149,52.88]],[[0.149,52.88],[0.149,52.879],[0.15,52.88],[0.149,52.88]],[[0.149,52.879],[0.149,52.879],[0.149,52.879],[0.149,52.879]],[[0.145,52.872],[0.146,52.872],[0.145,52.872],[0.145,52.872]],[[0.147,52.872],[0.147,52.872],[0.146,52.872],[0.147,52.872]],[[0.146,52.871],[0.147,52.872],[0.147,52.872],[0.146,52.871]],[[0.153,52.878],[0.153,52.878],[0.153,52.878],[0.153,52.878]],[[0.153,52.878],[0.153,52.876],[0.154,52.877],[0.153,52.878],[0.153,52.878]],[[0.162,52.877],[0.161,52.877],[0.163,52.877],[0.162,52.877]],[[0.161,52.877],[0.161,52.876],[0.161,52.877],[0.161,52.877]],[[0.168,52.874],[0.168,52.874],[0.169,52.875],[0.168,52.874]],[[0.168,52.874],[0.17,52.873],[0.168,52.874],[0.168,52.874]],[[0.174,52.874],[0.174,52.874],[0.174,52.874],[0.174,52.874]],[[0.173,52.873],[0.173,52.873],[0.174,52.874],[0.173,52.873]],[[0.176,52.872],[0.175,52.871],[0.177,52.873],[0.176,52.872]],[[0.176,52.865],[0.176,52.865],[0.176,52.865],[0.176,52.865]],[[0.175,52.865],[0.176,52.865],[0.176,52.865],[0.175,52.865]],[[0.177,52.864],[0.177,52.864],[0.179,52.864],[0.177,52.864]],[[0.176,52.864],[0.175,52.864],[0.177,52.864],[0.176,52.864]],[[0.176,52.864],[0.176,52.864],[0.176,52.864],[0.176,52.864]],[[0.179,52.864],[0.179,52.864],[0.18,52.864],[0.179,52.864]],[[0.18,52.863],[0.174,52.864],[0.17,52.863],[0.173,52.862],[0.176,52.863],[0.178,52.862],[0.18,52.863]],[[0.178,52.862],[0.178,52.862],[0.178,52.862],[0.178,52.862]],[[0.176,52.862],[0.178,52.862],[0.178,52.862],[0.176,52.862]],[[0.181,52.859],[0.181,52.859],[0.182,52.859],[0.181,52.859]],[[0.176,52.859],[0.177,52.86],[0.173,52.861],[0.176,52.859]],[[0.18,52.859],[0.18,52.859],[0.18,52.859],[0.18,52.859]],[[0.18,52.859],[0.178,52.859],[0.18,52.859],[0.18,52.859]],[[0.181,52.858],[0.181,52.858],[0.181,52.858],[0.181,52.858]],[[0.181,52.858],[0.179,52.858],[0.178,52.858],[0.181,52.858]],[[0.177,52.859],[0.178,52.858],[0.179,52.858],[0.177,52.859]],[[0.177,52.859],[0.175,52.858],[0.174,52.859],[0.175,52.858],[0.177,52.859]],[[0.175,52.859],[0.175,52.859],[0.176,52.859],[0.175,52.859]],[[0.175,52.859],[0.173,52.86],[0.172,52.859],[0.175,52.859]],[[0.178,52.858],[0.178,52.858],[0.178,52.858],[0.178,52.858]],[[0.176,52.858],[0.177,52.857],[0.178,52.858],[0.176,52.858]],[[0.178,52.857],[0.179,52.858],[0.179,52.858],[0.178,52.857]],[[0.178,52.857],[0.177,52.857],[0.178,52.857],[0.178,52.857]],[[0.177,52.857],[0.177,52.857],[0.177,52.857],[0.177,52.857]],[[0.177,52.857],[0.176,52.857],[0.178,52.856],[0.177,52.857]],[[0.176,52.857],[0.175,52.856],[0.176,52.857],[0.176,52.857]],[[0.173,52.857],[0.173,52.857],[0.172,52.858],[0.173,52.857]],[[0.18,52.857],[0.179,52.856],[0.18,52.857],[0.18,52.857]],[[0.185,52.856],[0.185,52.856],[0.185,52.856],[0.185,52.856]],[[0.185,52.856],[0.183,52.856],[0.182,52.855],[0.185,52.856]],[[0.183,52.855],[0.183,52.855],[0.183,52.855],[0.183,52.855]],[[0.183,52.855],[0.182,52.855],[0.183,52.855],[0.183,52.855]],[[0.172,52.855],[0.172,52.855],[0.172,52.855],[0.172,52.855]],[[0.172,52.855],[0.172,52.855],[0.172,52.855],[0.172,52.855]],[[0.177,52.853],[0.177,52.853],[0.177,52.853],[0.177,52.853]],[[0.177,52.853],[0.175,52.852],[0.173,52.853],[0.177,52.853]],[[0.173,52.853],[0.173,52.853],[0.173,52.853],[0.173,52.853]],[[0.172,52.853],[0.172,52.852],[0.173,52.853],[0.172,52.853]],[[0.172,52.852],[0.173,52.852],[0.172,52.852],[0.172,52.852]],[[0.176,52.851],[0.176,52.851],[0.176,52.851],[0.176,52.851]],[[0.176,52.851],[0.174,52.851],[0.177,52.85],[0.176,52.851]],[[0.182,52.852],[0.182,52.852],[0.182,52.853],[0.182,52.852]],[[0.179,52.851],[0.182,52.852],[0.182,52.852],[0.179,52.851]],[[0.182,52.851],[0.182,52.852],[0.182,52.852],[0.182,52.851]],[[0.181,52.85],[0.182,52.85],[0.182,52.85],[0.181,52.85]],[[0.179,52.85],[0.181,52.85],[0.181,52.85],[0.179,52.85]],[[0.184,52.849],[0.183,52.849],[0.184,52.849],[0.184,52.849]],[[0.183,52.849],[0.184,52.848],[0.183,52.849],[0.183,52.849]],[[0.186,52.85],[0.187,52.85],[0.187,52.85],[0.186,52.85]],[[0.187,52.85],[0.187,52.849],[0.187,52.85],[0.187,52.85]],[[0.195,52.847],[0.195,52.847],[0.195,52.847],[0.195,52.847]],[[0.192,52.847],[0.192,52.847],[0.195,52.847],[0.192,52.847]],[[0.19,52.846],[0.192,52.847],[0.192,52.847],[0.19,52.846]],[[0.194,52.847],[0.194,52.847],[0.194,52.847],[0.194,52.847]],[[0.191,52.846],[0.191,52.846],[0.189,52.846],[0.19,52.846],[0.191,52.846]],[[0.194,52.847],[0.194,52.847],[0.194,52.847],[0.194,52.847]],[[0.194,52.847],[0.191,52.846],[0.194,52.847],[0.194,52.847]],[[0.192,52.846],[0.192,52.846],[0.192,52.846],[0.192,52.846]],[[0.193,52.842],[0.19,52.844],[0.185,52.844],[0.193,52.842]],[[0.192,52.846],[0.191,52.846],[0.191,52.846],[0.192,52.846]],[[0.185,52.844],[0.185,52.844],[0.185,52.844],[0.185,52.844]],[[0.185,52.845],[0.185,52.844],[0.185,52.844],[0.185,52.845]],[[0.185,52.846],[0.185,52.845],[0.185,52.845],[0.185,52.846]],[[0.196,52.845],[0.196,52.845],[0.197,52.845],[0.196,52.845]],[[0.195,52.844],[0.194,52.844],[0.196,52.845],[0.195,52.844]],[[0.194,52.837],[0.194,52.837],[0.194,52.837],[0.194,52.837]],[[0.193,52.839],[0.193,52.837],[0.194,52.837],[0.193,52.839]],[[0.198,52.836],[0.198,52.836],[0.199,52.836],[0.198,52.836]],[[0.198,52.836],[0.197,52.835],[0.198,52.836],[0.198,52.836]],[[0.198,52.835],[0.198,52.835],[0.199,52.835],[0.198,52.835]],[[0.197,52.835],[0.198,52.835],[0.198,52.835],[0.197,52.835]],[[0.197,52.835],[0.197,52.835],[0.197,52.835],[0.197,52.835]],[[0.195,52.835],[0.196,52.835],[0.197,52.835],[0.195,52.835]],[[0.205,52.834],[0.205,52.834],[0.206,52.834],[0.205,52.834]],[[0.202,52.833],[0.202,52.833],[0.2,52.833],[0.202,52.833]],[[0.202,52.834],[0.202,52.834],[0.204,52.834],[0.202,52.834]],[[0.202,52.834],[0.201,52.833],[0.202,52.834],[0.202,52.834]],[[0.199,52.833],[0.199,52.833],[0.2,52.833],[0.199,52.833]],[[0.199,52.833],[0.199,52.833],[0.199,52.833],[0.199,52.833]],[[0.206,52.834],[0.206,52.833],[0.206,52.834],[0.206,52.834]],[[0.206,52.833],[0.205,52.833],[0.206,52.833],[0.206,52.833]],[[0.204,52.833],[0.204,52.833],[0.205,52.833],[0.204,52.833]],[[0.204,52.833],[0.203,52.832],[0.204,52.833],[0.204,52.833]],[[0.207,52.833],[0.207,52.833],[0.207,52.833],[0.207,52.833]],[[0.207,52.833],[0.204,52.832],[0.202,52.831],[0.204,52.832],[0.207,52.833]],[[0.208,52.832],[0.208,52.832],[0.208,52.832],[0.208,52.832]],[[0.207,52.832],[0.206,52.831],[0.208,52.832],[0.207,52.832]],[[0.208,52.828],[0.208,52.828],[0.208,52.828],[0.208,52.828]],[[0.205,52.828],[0.208,52.828],[0.208,52.828],[0.205,52.828]],[[0.204,52.827],[0.205,52.825],[0.205,52.825],[0.204,52.827]],[[0.015,52.893],[0.015,52.893],[0.015,52.893],[0.015,52.893]],[[0.015,52.893],[0.015,52.893],[0.015,52.893],[0.015,52.893]],[[0.014,52.892],[0.018,52.893],[0.015,52.893],[0.015,52.893],[0.014,52.892]],[[0.083,52.898],[0.082,52.898],[0.081,52.898],[0.083,52.898]],[[0.112,52.883],[0.112,52.883],[0.114,52.882],[0.112,52.883]],[[0.175,52.866],[0.177,52.866],[0.177,52.866],[0.175,52.866]],[[0.175,52.866],[0.175,52.866],[0.175,52.866],[0.175,52.866]],[[0.175,52.866],[0.173,52.866],[0.175,52.866],[0.175,52.866]],[[0.175,52.866],[0.176,52.866],[0.176,52.866],[0.175,52.866]],[[0.174,52.865],[0.175,52.865],[0.175,52.866],[0.174,52.865]],[[0.197,52.846],[0.195,52.846],[0.194,52.846],[0.197,52.846]],[[0.209,52.82],[0.209,52.82],[0.21,52.82],[0.209,52.82]],[[0.209,52.821],[0.209,52.82],[0.209,52.82],[0.209,52.821]]],[[[0.272,52.773],[0.186,52.735],[0.172,52.738],[0.201,52.776],[0.217,52.821],[0.245,52.822],[0.257,52.817],[0.257,52.816],[0.256,52.811],[0.253,52.811],[0.256,52.811],[0.258,52.817],[0.259,52.816],[0.259,52.813],[0.26,52.81],[0.261,52.816],[0.264,52.816],[0.267,52.813],[0.261,52.796],[0.245,52.784],[0.272,52.773]],[[0.216,52.816],[0.216,52.815],[0.216,52.816],[0.216,52.816]],[[0.224,52.821],[0.224,52.82],[0.224,52.821],[0.224,52.821]],[[0.225,52.817],[0.226,52.818],[0.226,52.818],[0.225,52.817]],[[0.225,52.817],[0.225,52.817],[0.225,52.817],[0.225,52.817]],[[0.221,52.817],[0.225,52.817],[0.225,52.817],[0.221,52.817]],[[0.227,52.817],[0.227,52.817],[0.226,52.818],[0.227,52.817]],[[0.227,52.817],[0.229,52.817],[0.227,52.817],[0.227,52.817]],[[0.256,52.815],[0.257,52.815],[0.257,52.816],[0.256,52.815]],[[0.261,52.813],[0.262,52.813],[0.261,52.813],[0.261,52.813]],[[0.262,52.812],[0.264,52.812],[0.262,52.813],[0.262,52.812]],[[0.262,52.812],[0.262,52.812],[0.262,52.812],[0.262,52.812]],[[0.264,52.81],[0.264,52.81],[0.262,52.812],[0.264,52.81]],[[0.264,52.81],[0.266,52.81],[0.264,52.81],[0.264,52.81]],[[0.265,52.814],[0.265,52.813],[0.265,52.814],[0.265,52.814]]]]}},{"type":"Feature","properties":{"code":"E14001488","name":"South Leicestershire","centroidLat":52.49744,"centroidLong":-1.17805},"geometry":{"type":"Polygon","coordinates":[[[-1.168,52.601],[-1.174,52.593],[-1.144,52.588],[-1.13,52.562],[-1.064,52.562],[-1.075,52.54],[-1.016,52.533],[-1.049,52.48],[-1.028,52.459],[-1.05,52.422],[-1.084,52.436],[-1.149,52.397],[-1.201,52.396],[-1.325,52.501],[-1.318,52.515],[-1.339,52.555],[-1.324,52.568],[-1.273,52.566],[-1.298,52.586],[-1.274,52.616],[-1.209,52.618],[-1.195,52.6],[-1.168,52.601]]]}},{"type":"Feature","properties":{"code":"E14001489","name":"South Norfolk","centroidLat":52.56333,"centroidLong":1.301476},"geometry":{"type":"MultiPolygon","coordinates":[[[[1.646,52.586],[1.606,52.546],[1.621,52.54],[1.621,52.533],[1.579,52.556],[1.646,52.586]]],[[[1.211,52.662],[1.222,52.673],[1.247,52.653],[1.204,52.645],[1.258,52.598],[1.284,52.595],[1.334,52.625],[1.37,52.623],[1.389,52.604],[1.434,52.62],[1.488,52.571],[1.576,52.558],[1.682,52.491],[1.634,52.463],[1.58,52.48],[1.557,52.458],[1.528,52.482],[1.507,52.479],[1.51,52.501],[1.447,52.513],[1.399,52.503],[1.366,52.521],[1.334,52.499],[1.362,52.489],[1.345,52.465],[1.215,52.455],[1.187,52.484],[1.061,52.537],[1.089,52.57],[1.079,52.602],[1.135,52.605],[1.136,52.632],[1.101,52.634],[1.093,52.651],[1.135,52.643],[1.147,52.671],[1.174,52.665],[1.191,52.679],[1.211,52.662]],[[1.346,52.621],[1.345,52.621],[1.346,52.621],[1.346,52.621]],[[1.541,52.553],[1.541,52.553],[1.541,52.553],[1.541,52.553]],[[1.54,52.553],[1.538,52.553],[1.536,52.552],[1.533,52.553],[1.531,52.553],[1.516,52.542],[1.54,52.553]],[[1.515,52.542],[1.514,52.541],[1.516,52.542],[1.515,52.542]],[[1.514,52.541],[1.514,52.541],[1.514,52.541],[1.514,52.541]],[[1.514,52.541],[1.507,52.542],[1.499,52.539],[1.487,52.539],[1.481,52.538],[1.499,52.539],[1.507,52.541],[1.511,52.541],[1.514,52.541]]]]}},{"type":"Feature","properties":{"code":"E14001490","name":"South Northamptonshire","centroidLat":52.12861,"centroidLong":-1.05586},"geometry":{"type":"Polygon","coordinates":[[[-0.654,52.268],[-0.637,52.227],[-0.668,52.195],[-0.778,52.169],[-0.832,52.144],[-0.832,52.131],[-0.881,52.126],[-0.887,52.114],[-0.831,52.072],[-0.863,52.061],[-0.852,52.051],[-0.881,52.029],[-0.908,52.022],[-0.952,52.082],[-1.042,52.074],[-1.026,52.064],[-1.122,52.045],[-1.137,52.022],[-1.118,52.015],[-1.134,51.997],[-1.196,51.977],[-1.283,51.979],[-1.278,52.014],[-1.313,52.051],[-1.298,52.078],[-1.321,52.088],[-1.248,52.096],[-1.245,52.128],[-1.228,52.135],[-1.137,52.146],[-1.158,52.17],[-1.129,52.168],[-1.127,52.186],[-1.096,52.179],[-1.083,52.194],[-1.038,52.196],[-1.066,52.227],[-0.989,52.258],[-0.962,52.259],[-0.968,52.219],[-0.894,52.186],[-0.837,52.212],[-0.839,52.238],[-0.737,52.247],[-0.685,52.277],[-0.654,52.268]]]}},{"type":"Feature","properties":{"code":"E14001491","name":"South Ribble","centroidLat":53.68665,"centroidLong":-2.75389},"geometry":{"type":"Polygon","coordinates":[[[-2.707,53.749],[-2.695,53.717],[-2.659,53.718],[-2.677,53.694],[-2.656,53.689],[-2.708,53.682],[-2.718,53.666],[-2.673,53.665],[-2.653,53.633],[-2.686,53.612],[-2.695,53.627],[-2.796,53.616],[-2.81,53.662],[-2.808,53.662],[-2.806,53.662],[-2.794,53.663],[-2.793,53.663],[-2.792,53.662],[-2.791,53.662],[-2.787,53.662],[-2.786,53.662],[-2.785,53.662],[-2.783,53.662],[-2.794,53.663],[-2.763,53.671],[-2.81,53.662],[-2.833,53.697],[-2.824,53.731],[-2.836,53.725],[-2.843,53.729],[-2.839,53.728],[-2.837,53.73],[-2.834,53.731],[-2.845,53.734],[-2.842,53.734],[-2.841,53.736],[-2.837,53.735],[-2.836,53.737],[-2.847,53.736],[-2.846,53.734],[-2.843,53.732],[-2.845,53.73],[-2.846,53.73],[-2.848,53.732],[-2.846,53.732],[-2.849,53.732],[-2.847,53.733],[-2.85,53.732],[-2.851,53.733],[-2.848,53.735],[-2.851,53.733],[-2.855,53.735],[-2.84,53.74],[-2.826,53.742],[-2.826,53.741],[-2.83,53.741],[-2.832,53.74],[-2.831,53.74],[-2.83,53.741],[-2.826,53.741],[-2.826,53.742],[-2.826,53.743],[-2.821,53.744],[-2.818,53.743],[-2.82,53.741],[-2.818,53.742],[-2.819,53.739],[-2.817,53.739],[-2.783,53.753],[-2.774,53.748],[-2.757,53.756],[-2.707,53.749]],[[-2.783,53.662],[-2.783,53.662],[-2.783,53.662],[-2.783,53.662]],[[-2.781,53.661],[-2.779,53.66],[-2.776,53.661],[-2.774,53.66],[-2.775,53.661],[-2.781,53.661],[-2.783,53.662],[-2.781,53.661]],[[-2.824,53.731],[-2.824,53.731],[-2.824,53.731],[-2.824,53.731]],[[-2.824,53.731],[-2.823,53.731],[-2.821,53.73],[-2.824,53.731],[-2.824,53.731]],[[-2.823,53.731],[-2.823,53.73],[-2.823,53.731],[-2.823,53.731]],[[-2.838,53.729],[-2.836,53.728],[-2.838,53.729],[-2.838,53.729]],[[-2.842,53.734],[-2.842,53.734],[-2.842,53.734],[-2.842,53.734]],[[-2.842,53.735],[-2.842,53.734],[-2.842,53.734],[-2.842,53.735]],[[-2.837,53.735],[-2.837,53.735],[-2.837,53.735],[-2.837,53.735]],[[-2.837,53.734],[-2.836,53.735],[-2.837,53.735],[-2.837,53.734]],[[-2.845,53.73],[-2.845,53.731],[-2.845,53.73],[-2.845,53.73]],[[-2.847,53.731],[-2.847,53.731],[-2.847,53.731],[-2.847,53.731]],[[-2.846,53.731],[-2.846,53.732],[-2.846,53.731],[-2.847,53.731],[-2.846,53.731]],[[-2.846,53.732],[-2.846,53.732],[-2.846,53.732],[-2.846,53.732]],[[-2.845,53.732],[-2.846,53.732],[-2.846,53.732],[-2.845,53.732]],[[-2.849,53.733],[-2.849,53.733],[-2.849,53.733],[-2.849,53.733]],[[-2.849,53.733],[-2.849,53.733],[-2.849,53.733],[-2.849,53.733]],[[-2.848,53.733],[-2.849,53.733],[-2.849,53.733],[-2.848,53.733]],[[-2.85,53.733],[-2.85,53.732],[-2.85,53.732],[-2.85,53.733]],[[-2.85,53.735],[-2.85,53.735],[-2.85,53.735],[-2.85,53.735]],[[-2.849,53.735],[-2.85,53.735],[-2.85,53.735],[-2.849,53.735]],[[-2.849,53.735],[-2.849,53.735],[-2.849,53.735],[-2.849,53.735]],[[-2.842,53.739],[-2.842,53.739],[-2.842,53.739],[-2.842,53.739]],[[-2.842,53.739],[-2.842,53.738],[-2.842,53.739],[-2.842,53.739]],[[-2.829,53.741],[-2.829,53.741],[-2.829,53.741],[-2.829,53.741]],[[-2.829,53.74],[-2.828,53.74],[-2.829,53.741],[-2.829,53.74]],[[-2.828,53.74],[-2.828,53.74],[-2.828,53.74],[-2.828,53.74]],[[-2.828,53.74],[-2.827,53.74],[-2.828,53.74],[-2.828,53.74]],[[-2.819,53.739],[-2.819,53.739],[-2.819,53.739],[-2.819,53.739]],[[-2.821,53.739],[-2.824,53.738],[-2.819,53.739],[-2.821,53.739]],[[-2.835,53.733],[-2.837,53.734],[-2.837,53.734],[-2.835,53.733]]]}},{"type":"Feature","properties":{"code":"E14001492","name":"South Shields","centroidLat":54.96644,"centroidLong":-1.40795},"geometry":{"type":"Polygon","coordinates":[[[-1.363,54.944],[-1.45,54.934],[-1.429,54.95],[-1.463,54.959],[-1.451,54.965],[-1.461,54.971],[-1.439,55.005],[-1.401,55.011],[-1.411,54.999],[-1.357,54.967],[-1.363,54.944]]]}},{"type":"Feature","properties":{"code":"E14001493","name":"South Shropshire","centroidLat":52.50461,"centroidLong":-2.66303},"geometry":{"type":"Polygon","coordinates":[[[-2.624,52.703],[-2.438,52.615],[-2.416,52.645],[-2.386,52.648],[-2.357,52.623],[-2.327,52.637],[-2.322,52.594],[-2.262,52.569],[-2.282,52.553],[-2.256,52.542],[-2.261,52.524],[-2.313,52.489],[-2.287,52.455],[-2.312,52.438],[-2.364,52.439],[-2.373,52.402],[-2.336,52.385],[-2.41,52.387],[-2.413,52.369],[-2.475,52.367],[-2.488,52.355],[-2.482,52.331],[-2.539,52.344],[-2.562,52.333],[-2.563,52.311],[-2.621,52.307],[-2.667,52.342],[-2.689,52.317],[-2.68,52.312],[-2.712,52.308],[-2.767,52.336],[-2.748,52.335],[-2.733,52.356],[-2.792,52.357],[-2.805,52.388],[-2.855,52.395],[-2.893,52.374],[-2.918,52.386],[-2.922,52.375],[-2.901,52.367],[-2.938,52.362],[-2.933,52.35],[-3.041,52.344],[-3.154,52.388],[-3.236,52.443],[-3.197,52.476],[-3.029,52.501],[-3.032,52.524],[-3.001,52.523],[-2.994,52.553],[-3.014,52.575],[-3.087,52.551],[-3.085,52.535],[-3.137,52.533],[-3.111,52.541],[-3.139,52.586],[-3.089,52.6],[-3.06,52.631],[-3.084,52.641],[-3.051,52.647],[-3.045,52.666],[-3.019,52.652],[-2.956,52.661],[-2.966,52.637],[-2.956,52.614],[-2.902,52.629],[-2.896,52.601],[-2.878,52.601],[-2.89,52.613],[-2.882,52.628],[-2.732,52.663],[-2.744,52.68],[-2.713,52.699],[-2.624,52.703]]]}},{"type":"Feature","properties":{"code":"E14001494","name":"South Suffolk","centroidLat":52.0645,"centroidLong":0.916149},"geometry":{"type":"Polygon","coordinates":[[[1.099,51.955],[1.066,51.949],[1.045,51.96],[1.019,51.953],[0.971,51.962],[0.963,51.977],[0.787,51.963],[0.739,52.011],[0.741,52.031],[0.697,52.039],[0.716,52.049],[0.703,52.065],[0.712,52.072],[0.654,52.086],[0.627,52.131],[0.645,52.16],[0.692,52.158],[0.698,52.181],[0.759,52.158],[0.787,52.178],[0.892,52.15],[0.938,52.158],[0.952,52.111],[0.973,52.107],[0.971,52.096],[1.004,52.099],[1.036,52.068],[1.108,52.072],[1.122,52.062],[1.113,52.035],[1.154,52.034],[1.212,51.996],[1.227,51.997],[1.267,51.988],[1.279,51.96],[1.269,51.954],[1.188,51.956],[1.163,51.967],[1.164,51.971],[1.13,51.954],[1.119,51.956],[1.107,51.954],[1.101,51.956],[1.102,51.954],[1.1,51.954],[1.099,51.955]],[[1.07,51.955],[1.07,51.955],[1.07,51.955],[1.07,51.955]],[[1.069,51.955],[1.07,51.955],[1.07,51.955],[1.069,51.955]],[[1.072,51.955],[1.072,51.955],[1.072,51.955],[1.072,51.955]],[[1.072,51.955],[1.072,51.955],[1.072,51.955],[1.072,51.955]],[[1.242,51.992],[1.243,51.992],[1.243,51.992],[1.242,51.992]],[[1.242,51.991],[1.243,51.991],[1.243,51.991],[1.242,51.991]],[[1.242,51.991],[1.242,51.991],[1.242,51.991],[1.242,51.991]],[[1.243,51.991],[1.243,51.991],[1.243,51.991],[1.243,51.991]],[[1.242,51.99],[1.242,51.99],[1.243,51.991],[1.242,51.99]],[[1.243,51.99],[1.243,51.991],[1.243,51.991],[1.243,51.99]],[[1.268,51.977],[1.268,51.977],[1.268,51.977],[1.268,51.977]],[[1.268,51.977],[1.269,51.977],[1.268,51.978],[1.268,51.977]],[[1.243,51.96],[1.243,51.96],[1.243,51.96],[1.243,51.96]],[[1.243,51.961],[1.242,51.961],[1.243,51.96],[1.243,51.961]],[[1.24,51.96],[1.24,51.96],[1.24,51.96],[1.24,51.96]],[[1.24,51.96],[1.239,51.96],[1.239,51.96],[1.24,51.96]],[[1.241,51.959],[1.24,51.96],[1.241,51.959],[1.241,51.959]],[[1.24,51.96],[1.24,51.961],[1.24,51.961],[1.24,51.96]],[[1.239,51.961],[1.241,51.96],[1.241,51.961],[1.239,51.961]],[[1.228,51.956],[1.228,51.956],[1.228,51.956],[1.228,51.956]],[[1.228,51.956],[1.228,51.957],[1.228,51.957],[1.228,51.956],[1.228,51.956]],[[1.227,51.957],[1.227,51.957],[1.228,51.957],[1.227,51.957]],[[1.227,51.957],[1.226,51.957],[1.227,51.957],[1.227,51.957]],[[1.188,51.956],[1.187,51.956],[1.188,51.956],[1.188,51.956]],[[1.101,51.956],[1.101,51.955],[1.101,51.955],[1.101,51.956]],[[1.242,51.961],[1.242,51.961],[1.242,51.96],[1.242,51.961]]]}},{"type":"Feature","properties":{"code":"E14001495","name":"South West Devon","centroidLat":50.42436,"centroidLong":-3.99841},"geometry":{"type":"Polygon","coordinates":[[[-4.078,50.391],[-4.079,50.419],[-4.113,50.444],[-4.169,50.424],[-4.19,50.428],[-4.156,50.446],[-4.144,50.475],[-4.16,50.486],[-4.148,50.488],[-4.155,50.509],[-4.096,50.525],[-4.081,50.512],[-4.038,50.552],[-3.981,50.534],[-3.976,50.5],[-3.904,50.477],[-3.896,50.444],[-3.818,50.412],[-3.835,50.391],[-3.805,50.378],[-3.859,50.378],[-3.924,50.351],[-3.949,50.31],[-4.039,50.293],[-4.076,50.304],[-4.033,50.314],[-4.053,50.318],[-4.016,50.341],[-4.045,50.331],[-4.052,50.347],[-4.055,50.311],[-4.112,50.316],[-4.129,50.337],[-4.122,50.35],[-4.135,50.359],[-4.105,50.357],[-4.078,50.391]]]}},{"type":"Feature","properties":{"code":"E14001496","name":"South West Hertfordshire","centroidLat":51.67025,"centroidLong":-0.44958},"geometry":{"type":"Polygon","coordinates":[[[-0.412,51.732],[-0.376,51.693],[-0.402,51.702],[-0.431,51.682],[-0.431,51.642],[-0.363,51.623],[-0.457,51.612],[-0.497,51.632],[-0.497,51.601],[-0.52,51.601],[-0.539,51.638],[-0.537,51.661],[-0.505,51.673],[-0.525,51.679],[-0.519,51.704],[-0.47,51.697],[-0.482,51.728],[-0.412,51.732]]]}},{"type":"Feature","properties":{"code":"E14001497","name":"South West Norfolk","centroidLat":52.5511,"centroidLong":0.555738},"geometry":{"type":"MultiPolygon","coordinates":[[[[0.697,52.701],[0.755,52.673],[0.75,52.652],[0.774,52.618],[0.836,52.618],[0.763,52.58],[0.774,52.567],[0.803,52.571],[0.792,52.559],[0.823,52.512],[0.77,52.507],[0.757,52.472],[0.827,52.456],[0.912,52.479],[0.923,52.447],[0.948,52.455],[0.967,52.434],[1.002,52.448],[1.066,52.432],[1.021,52.416],[1.034,52.416],[1.021,52.406],[1.03,52.378],[0.967,52.37],[0.841,52.401],[0.747,52.383],[0.672,52.405],[0.719,52.45],[0.668,52.462],[0.429,52.436],[0.429,52.455],[0.367,52.501],[0.309,52.514],[0.246,52.5],[0.261,52.512],[0.342,52.584],[0.342,52.59],[0.354,52.598],[0.36,52.603],[0.365,52.61],[0.373,52.688],[0.372,52.693],[0.354,52.712],[0.367,52.726],[0.382,52.726],[0.387,52.688],[0.697,52.701]]],[[[0.364,52.726],[0.354,52.717],[0.351,52.704],[0.372,52.688],[0.359,52.604],[0.341,52.591],[0.246,52.501],[0.206,52.52],[0.231,52.528],[0.206,52.534],[0.217,52.56],[0.206,52.566],[0.218,52.572],[0.192,52.602],[0.219,52.622],[0.17,52.653],[0.227,52.649],[0.275,52.68],[0.294,52.732],[0.364,52.726]]]]}},{"type":"Feature","properties":{"code":"E14001498","name":"South West Wiltshire","centroidLat":51.20505,"centroidLong":-2.117},"geometry":{"type":"Polygon","coordinates":[[[-2.072,51.255],[-1.993,51.214],[-1.957,51.208],[-1.956,51.193],[-2.002,51.182],[-2.012,51.148],[-1.997,51.144],[-2.017,51.114],[-2.148,51.128],[-2.218,51.055],[-2.363,51.102],[-2.365,51.119],[-2.298,51.175],[-2.245,51.254],[-2.253,51.29],[-2.281,51.299],[-2.233,51.309],[-2.232,51.333],[-2.213,51.33],[-2.181,51.354],[-2.158,51.353],[-2.16,51.325],[-2.179,51.324],[-2.175,51.312],[-2.155,51.316],[-2.148,51.296],[-2.115,51.293],[-2.088,51.31],[-2.076,51.284],[-2.09,51.262],[-2.084,51.236],[-2.072,51.255]]]}},{"type":"Feature","properties":{"code":"E14001499","name":"Southampton Itchen","centroidLat":50.90698,"centroidLong":-1.35487},"geometry":{"type":"Polygon","coordinates":[[[-1.324,50.904],[-1.365,50.88],[-1.384,50.891],[-1.372,50.913],[-1.388,50.917],[-1.357,50.938],[-1.324,50.904]]]}},{"type":"Feature","properties":{"code":"E14001500","name":"Southampton Test","centroidLat":50.92522,"centroidLong":-1.42789},"geometry":{"type":"Polygon","coordinates":[[[-1.38,50.931],[-1.391,50.916],[-1.376,50.911],[-1.415,50.915],[-1.417,50.901],[-1.451,50.904],[-1.477,50.925],[-1.477,50.929],[-1.456,50.946],[-1.451,50.944],[-1.45,50.95],[-1.424,50.947],[-1.429,50.929],[-1.38,50.931]],[[-1.476,50.926],[-1.477,50.926],[-1.477,50.926],[-1.476,50.926]]]}},{"type":"Feature","properties":{"code":"E14001501","name":"Southend East and Rochford","centroidLat":51.58101,"centroidLong":0.690265},"geometry":{"type":"MultiPolygon","coordinates":[[[[0.748,51.579],[0.761,51.576],[0.806,51.586],[0.786,51.567],[0.808,51.567],[0.796,51.575],[0.808,51.579],[0.818,51.562],[0.851,51.554],[0.785,51.522],[0.688,51.535],[0.714,51.551],[0.738,51.542],[0.741,51.558],[0.644,51.575],[0.64,51.59],[0.7,51.585],[0.696,51.598],[0.713,51.601],[0.699,51.619],[0.721,51.636],[0.865,51.615],[0.843,51.613],[0.854,51.596],[0.82,51.599],[0.82,51.604],[0.802,51.611],[0.801,51.612],[0.802,51.613],[0.801,51.613],[0.797,51.615],[0.797,51.616],[0.786,51.613],[0.782,51.618],[0.785,51.613],[0.776,51.611],[0.777,51.609],[0.819,51.598],[0.754,51.588],[0.76,51.581],[0.729,51.579],[0.722,51.58],[0.726,51.578],[0.724,51.576],[0.721,51.576],[0.719,51.575],[0.717,51.575],[0.714,51.574],[0.714,51.573],[0.727,51.577],[0.745,51.578],[0.744,51.578],[0.745,51.578],[0.746,51.579],[0.748,51.579]],[[0.751,51.578],[0.751,51.578],[0.751,51.578],[0.751,51.578]],[[0.751,51.578],[0.748,51.578],[0.748,51.577],[0.75,51.577],[0.751,51.578]],[[0.779,51.618],[0.78,51.619],[0.78,51.619],[0.779,51.618]],[[0.801,51.611],[0.801,51.611],[0.801,51.611],[0.801,51.611]],[[0.802,51.611],[0.802,51.612],[0.801,51.611],[0.802,51.611]],[[0.798,51.615],[0.798,51.615],[0.798,51.615],[0.798,51.615]],[[0.797,51.615],[0.798,51.615],[0.798,51.615],[0.797,51.615]],[[0.784,51.617],[0.782,51.618],[0.782,51.618],[0.784,51.617]],[[0.784,51.614],[0.784,51.614],[0.784,51.614],[0.784,51.614]],[[0.782,51.614],[0.783,51.615],[0.782,51.615],[0.782,51.614]],[[0.748,51.582],[0.747,51.582],[0.748,51.582],[0.748,51.582]],[[0.746,51.582],[0.746,51.582],[0.746,51.582],[0.746,51.582]],[[0.736,51.579],[0.736,51.58],[0.736,51.579],[0.736,51.579]],[[0.734,51.579],[0.735,51.579],[0.734,51.579],[0.734,51.579]],[[0.746,51.579],[0.746,51.579],[0.746,51.579],[0.746,51.579]],[[0.746,51.579],[0.747,51.578],[0.748,51.578],[0.746,51.579]],[[0.747,51.578],[0.747,51.578],[0.747,51.578],[0.747,51.578]],[[0.746,51.578],[0.745,51.578],[0.747,51.578],[0.746,51.578]]],[[[0.83,51.596],[0.823,51.565],[0.808,51.586],[0.83,51.596]]],[[[0.874,51.614],[0.955,51.619],[0.955,51.62],[0.958,51.62],[0.929,51.593],[0.864,51.558],[0.836,51.567],[0.844,51.583],[0.848,51.578],[0.863,51.572],[0.838,51.593],[0.867,51.595],[0.874,51.614]],[[0.956,51.619],[0.955,51.619],[0.955,51.619],[0.956,51.619]]]]}},{"type":"Feature","properties":{"code":"E14001502","name":"Southend West and Leigh","centroidLat":51.55564,"centroidLong":0.683588},"geometry":{"type":"Polygon","coordinates":[[[0.738,51.542],[0.625,51.538],[0.623,51.54],[0.626,51.554],[0.639,51.577],[0.741,51.557],[0.738,51.542]],[[0.629,51.539],[0.629,51.539],[0.629,51.539],[0.629,51.539]],[[0.629,51.539],[0.628,51.539],[0.629,51.539],[0.629,51.539]]]}},{"type":"Feature","properties":{"code":"E14001503","name":"Southgate and Wood Green","centroidLat":51.64967,"centroidLong":-0.13053},"geometry":{"type":"Polygon","coordinates":[[[-0.109,51.645],[-0.119,51.629],[-0.077,51.598],[-0.113,51.588],[-0.144,51.616],[-0.129,51.632],[-0.186,51.663],[-0.164,51.686],[-0.109,51.645]]]}},{"type":"Feature","properties":{"code":"E14001504","name":"Southport","centroidLat":53.67176,"centroidLong":-2.90999},"geometry":{"type":"Polygon","coordinates":[[[-2.834,53.696],[-2.809,53.622],[-2.899,53.65],[-3.014,53.611],[-3.066,53.61],[-3.006,53.665],[-3.014,53.679],[-2.967,53.698],[-2.972,53.692],[-2.96,53.692],[-2.957,53.69],[-2.958,53.69],[-2.958,53.687],[-2.96,53.686],[-2.959,53.686],[-2.96,53.686],[-2.958,53.687],[-2.958,53.689],[-2.958,53.69],[-2.954,53.692],[-2.952,53.691],[-2.951,53.686],[-2.956,53.685],[-2.954,53.682],[-2.952,53.68],[-2.947,53.679],[-2.944,53.679],[-2.945,53.692],[-2.963,53.695],[-2.958,53.697],[-2.953,53.696],[-2.953,53.695],[-2.952,53.694],[-2.951,53.695],[-2.95,53.694],[-2.945,53.693],[-2.955,53.697],[-2.948,53.696],[-2.958,53.697],[-2.953,53.7],[-2.941,53.695],[-2.955,53.704],[-2.944,53.708],[-2.937,53.705],[-2.93,53.705],[-2.929,53.704],[-2.929,53.704],[-2.928,53.703],[-2.928,53.705],[-2.93,53.705],[-2.925,53.707],[-2.936,53.705],[-2.932,53.706],[-2.932,53.707],[-2.928,53.708],[-2.948,53.712],[-2.938,53.725],[-2.929,53.713],[-2.927,53.721],[-2.914,53.711],[-2.929,53.724],[-2.915,53.726],[-2.912,53.714],[-2.912,53.724],[-2.908,53.723],[-2.908,53.721],[-2.903,53.719],[-2.902,53.719],[-2.9,53.712],[-2.896,53.71],[-2.884,53.731],[-2.864,53.734],[-2.845,53.728],[-2.827,53.714],[-2.834,53.696]],[[-2.986,53.682],[-2.985,53.682],[-2.986,53.683],[-2.986,53.682]],[[-2.985,53.682],[-2.985,53.682],[-2.985,53.683],[-2.985,53.682]],[[-2.984,53.683],[-2.985,53.683],[-2.985,53.683],[-2.984,53.683]],[[-2.983,53.683],[-2.982,53.683],[-2.984,53.683],[-2.983,53.683]],[[-2.981,53.687],[-2.981,53.687],[-2.981,53.687],[-2.981,53.687]],[[-2.981,53.687],[-2.98,53.687],[-2.981,53.687],[-2.981,53.687]],[[-2.98,53.687],[-2.979,53.686],[-2.98,53.687],[-2.98,53.687]],[[-2.978,53.686],[-2.978,53.686],[-2.979,53.686],[-2.978,53.686]],[[-2.962,53.691],[-2.962,53.69],[-2.962,53.69],[-2.962,53.691]],[[-2.962,53.689],[-2.962,53.69],[-2.962,53.69],[-2.962,53.689]],[[-2.961,53.689],[-2.961,53.689],[-2.961,53.689],[-2.961,53.689]],[[-2.96,53.689],[-2.96,53.689],[-2.961,53.689],[-2.96,53.689]],[[-2.961,53.688],[-2.96,53.689],[-2.96,53.689],[-2.961,53.688]],[[-2.96,53.686],[-2.961,53.686],[-2.96,53.686],[-2.96,53.686]],[[-2.956,53.69],[-2.956,53.69],[-2.956,53.69],[-2.956,53.69]],[[-2.956,53.689],[-2.956,53.69],[-2.956,53.69],[-2.956,53.689]],[[-2.952,53.69],[-2.952,53.69],[-2.952,53.69],[-2.952,53.69]],[[-2.957,53.686],[-2.954,53.689],[-2.954,53.688],[-2.953,53.688],[-2.954,53.688],[-2.957,53.686]],[[-2.956,53.685],[-2.956,53.685],[-2.956,53.685],[-2.956,53.685]],[[-2.956,53.684],[-2.956,53.684],[-2.957,53.683],[-2.956,53.684]],[[-2.944,53.692],[-2.944,53.692],[-2.945,53.692],[-2.944,53.692]],[[-2.944,53.692],[-2.938,53.693],[-2.938,53.693],[-2.944,53.692]],[[-2.956,53.696],[-2.956,53.696],[-2.956,53.696],[-2.956,53.696]],[[-2.955,53.695],[-2.954,53.694],[-2.956,53.696],[-2.955,53.695]],[[-2.954,53.695],[-2.954,53.695],[-2.954,53.695],[-2.954,53.695]],[[-2.954,53.695],[-2.954,53.695],[-2.953,53.694],[-2.954,53.696],[-2.954,53.695]],[[-2.951,53.696],[-2.951,53.696],[-2.952,53.696],[-2.951,53.696]],[[-2.948,53.695],[-2.95,53.696],[-2.951,53.696],[-2.948,53.695]],[[-2.952,53.698],[-2.952,53.698],[-2.952,53.699],[-2.952,53.698]],[[-2.952,53.697],[-2.95,53.698],[-2.949,53.697],[-2.946,53.696],[-2.946,53.696],[-2.946,53.695],[-2.945,53.695],[-2.946,53.696],[-2.95,53.698],[-2.952,53.697],[-2.952,53.698],[-2.952,53.697]],[[-2.941,53.697],[-2.941,53.697],[-2.941,53.697],[-2.941,53.697]],[[-2.938,53.696],[-2.939,53.696],[-2.938,53.696],[-2.938,53.696]],[[-2.937,53.695],[-2.938,53.696],[-2.938,53.696],[-2.937,53.695]],[[-2.937,53.697],[-2.94,53.697],[-2.94,53.697],[-2.937,53.697]],[[-2.94,53.698],[-2.94,53.698],[-2.94,53.698],[-2.94,53.698]],[[-2.94,53.698],[-2.939,53.698],[-2.94,53.698],[-2.94,53.698]],[[-2.936,53.698],[-2.936,53.698],[-2.938,53.699],[-2.936,53.698]],[[-2.935,53.698],[-2.935,53.699],[-2.936,53.698],[-2.935,53.698]],[[-2.936,53.7],[-2.937,53.701],[-2.938,53.701],[-2.936,53.7]],[[-2.943,53.701],[-2.943,53.701],[-2.944,53.701],[-2.943,53.701]],[[-2.941,53.701],[-2.941,53.702],[-2.943,53.701],[-2.941,53.701]],[[-2.941,53.701],[-2.94,53.701],[-2.941,53.701],[-2.941,53.701]],[[-2.939,53.701],[-2.937,53.702],[-2.94,53.701],[-2.939,53.701]],[[-2.932,53.704],[-2.932,53.703],[-2.932,53.704],[-2.932,53.704]],[[-2.932,53.702],[-2.932,53.7],[-2.931,53.702],[-2.932,53.702]],[[-2.931,53.702],[-2.931,53.702],[-2.931,53.702],[-2.931,53.702]],[[-2.929,53.701],[-2.93,53.702],[-2.931,53.702],[-2.929,53.701]],[[-2.928,53.705],[-2.928,53.705],[-2.928,53.705],[-2.928,53.705]],[[-2.927,53.704],[-2.926,53.705],[-2.928,53.705],[-2.927,53.704]],[[-2.94,53.711],[-2.94,53.711],[-2.94,53.711],[-2.94,53.711]],[[-2.94,53.711],[-2.936,53.712],[-2.935,53.711],[-2.936,53.712],[-2.94,53.711]],[[-2.938,53.712],[-2.938,53.712],[-2.938,53.712],[-2.938,53.712]],[[-2.935,53.712],[-2.935,53.712],[-2.938,53.712],[-2.935,53.712]],[[-2.923,53.716],[-2.922,53.716],[-2.923,53.716],[-2.923,53.716]],[[-2.922,53.715],[-2.922,53.714],[-2.922,53.716],[-2.922,53.715]],[[-2.918,53.714],[-2.918,53.714],[-2.919,53.714],[-2.918,53.714]],[[-2.918,53.712],[-2.919,53.711],[-2.918,53.714],[-2.918,53.712]],[[-2.909,53.716],[-2.909,53.716],[-2.909,53.716],[-2.909,53.716]],[[-2.909,53.716],[-2.908,53.715],[-2.909,53.716],[-2.909,53.716]],[[-2.907,53.711],[-2.907,53.711],[-2.907,53.711],[-2.907,53.711]],[[-2.907,53.711],[-2.905,53.709],[-2.907,53.711],[-2.907,53.711]],[[-2.904,53.716],[-2.904,53.716],[-2.904,53.716],[-2.904,53.716]],[[-2.904,53.716],[-2.902,53.715],[-2.901,53.714],[-2.904,53.716]],[[-2.906,53.717],[-2.906,53.718],[-2.907,53.718],[-2.906,53.717]],[[-2.905,53.718],[-2.905,53.718],[-2.906,53.719],[-2.905,53.718]],[[-2.905,53.718],[-2.905,53.718],[-2.905,53.718],[-2.905,53.718]],[[-2.905,53.718],[-2.905,53.718],[-2.905,53.718],[-2.905,53.718]],[[-2.905,53.718],[-2.904,53.718],[-2.903,53.717],[-2.905,53.718]],[[-2.909,53.723],[-2.909,53.723],[-2.909,53.723],[-2.909,53.723]],[[-2.909,53.723],[-2.909,53.722],[-2.909,53.723],[-2.909,53.723]],[[-2.883,53.729],[-2.883,53.729],[-2.883,53.729],[-2.883,53.729]],[[-2.883,53.729],[-2.882,53.728],[-2.881,53.729],[-2.883,53.729]],[[-2.88,53.729],[-2.881,53.729],[-2.881,53.729],[-2.88,53.729]],[[-2.879,53.73],[-2.879,53.73],[-2.879,53.73],[-2.879,53.73]],[[-2.868,53.732],[-2.867,53.732],[-2.868,53.732],[-2.868,53.732]],[[-2.945,53.701],[-2.942,53.702],[-2.943,53.702],[-2.945,53.701]]]}},{"type":"Feature","properties":{"code":"E14001505","name":"Spelthorne","centroidLat":51.41553,"centroidLong":-0.46254},"geometry":{"type":"Polygon","coordinates":[[[-0.51,51.469],[-0.459,51.456],[-0.456,51.438],[-0.383,51.409],[-0.432,51.384],[-0.485,51.387],[-0.541,51.457],[-0.51,51.469]]]}},{"type":"Feature","properties":{"code":"E14001506","name":"Spen Valley","centroidLat":53.70967,"centroidLong":-1.7011},"geometry":{"type":"Polygon","coordinates":[[[-1.714,53.762],[-1.638,53.748],[-1.632,53.731],[-1.665,53.722],[-1.654,53.717],[-1.661,53.685],[-1.678,53.675],[-1.661,53.663],[-1.731,53.65],[-1.736,53.713],[-1.77,53.726],[-1.714,53.762]]]}},{"type":"Feature","properties":{"code":"E14001507","name":"St Albans","centroidLat":51.74089,"centroidLong":-0.32661},"geometry":{"type":"Polygon","coordinates":[[[-0.267,51.768],[-0.244,51.732],[-0.284,51.733],[-0.277,51.721],[-0.3,51.697],[-0.327,51.703],[-0.372,51.688],[-0.41,51.722],[-0.412,51.732],[-0.357,51.734],[-0.375,51.746],[-0.337,51.779],[-0.285,51.76],[-0.267,51.768]]]}},{"type":"Feature","properties":{"code":"E14001508","name":"St Austell and Newquay","centroidLat":50.35518,"centroidLong":-4.78135},"geometry":{"type":"Polygon","coordinates":[[[-4.744,50.408],[-4.771,50.399],[-4.75,50.368],[-4.714,50.365],[-4.702,50.388],[-4.685,50.375],[-4.663,50.39],[-4.639,50.37],[-4.634,50.335],[-4.673,50.314],[-4.682,50.338],[-4.69,50.346],[-4.703,50.347],[-4.704,50.349],[-4.706,50.349],[-4.767,50.323],[-4.753,50.299],[-4.781,50.29],[-4.787,50.27],[-4.767,50.257],[-4.799,50.258],[-4.805,50.279],[-4.876,50.253],[-4.869,50.285],[-4.905,50.288],[-4.9,50.321],[-4.922,50.33],[-4.927,50.361],[-4.952,50.359],[-4.944,50.343],[-4.993,50.341],[-5.007,50.353],[-4.986,50.391],[-5.063,50.393],[-5.126,50.412],[-5.102,50.413],[-5.1,50.426],[-5.075,50.417],[-5.027,50.449],[-4.968,50.4],[-4.907,50.403],[-4.843,50.437],[-4.837,50.418],[-4.809,50.443],[-4.798,50.429],[-4.765,50.437],[-4.744,50.408]],[[-4.69,50.347],[-4.689,50.348],[-4.69,50.346],[-4.69,50.347]],[[-5.083,50.405],[-5.083,50.405],[-5.083,50.405],[-5.083,50.405]]]}},{"type":"Feature","properties":{"code":"E14001509","name":"St Helens North","centroidLat":53.48276,"centroidLong":-2.73586},"geometry":{"type":"Polygon","coordinates":[[[-2.73,53.521],[-2.646,53.48],[-2.612,53.481],[-2.615,53.464],[-2.577,53.446],[-2.627,53.434],[-2.677,53.453],[-2.694,53.436],[-2.718,53.448],[-2.712,53.46],[-2.819,53.467],[-2.823,53.505],[-2.81,53.517],[-2.782,53.531],[-2.769,53.514],[-2.73,53.521]]]}},{"type":"Feature","properties":{"code":"E14001510","name":"St Helens South and Whiston","centroidLat":53.4284,"centroidLong":-2.72673},"geometry":{"type":"Polygon","coordinates":[[[-2.717,53.447],[-2.664,53.43],[-2.676,53.388],[-2.813,53.416],[-2.787,53.429],[-2.805,53.44],[-2.797,53.471],[-2.712,53.46],[-2.717,53.447]]]}},{"type":"Feature","properties":{"code":"E14001511","name":"St Ives","centroidLat":50.08141,"centroidLong":-5.61722},"geometry":{"type":"MultiPolygon","coordinates":[[[[-6.308,49.934],[-6.276,49.929],[-6.283,49.912],[-6.327,49.912],[-6.309,49.917],[-6.308,49.934]]],[[[-5.422,50.175],[-5.382,50.159],[-5.328,50.17],[-5.317,50.196],[-5.275,50.179],[-5.228,50.205],[-5.179,50.166],[-5.214,50.138],[-5.213,50.12],[-5.189,50.108],[-5.209,50.088],[-5.104,50.094],[-5.093,50.089],[-5.102,50.089],[-5.116,50.085],[-5.118,50.082],[-5.076,50.086],[-5.08,50.069],[-5.058,50.053],[-5.097,50.026],[-5.101,50.004],[-5.163,50.006],[-5.185,49.963],[-5.207,49.959],[-5.246,49.976],[-5.269,50.005],[-5.261,50.033],[-5.316,50.085],[-5.392,50.104],[-5.429,50.097],[-5.484,50.128],[-5.53,50.124],[-5.549,50.106],[-5.533,50.089],[-5.542,50.071],[-5.577,50.052],[-5.679,50.035],[-5.717,50.066],[-5.689,50.09],[-5.71,50.127],[-5.692,50.15],[-5.539,50.216],[-5.476,50.219],[-5.469,50.2],[-5.431,50.188],[-5.442,50.176],[-5.434,50.166],[-5.422,50.175]],[[-5.434,50.166],[-5.433,50.164],[-5.434,50.166],[-5.434,50.166]]]]}},{"type":"Feature","properties":{"code":"E14001512","name":"St Neots and Mid Cambridgeshire","centroidLat":52.25421,"centroidLong":-0.01934},"geometry":{"type":"Polygon","coordinates":[[[0.044,52.353],[0.121,52.318],[0.063,52.292],[0.076,52.278],[0.094,52.265],[0.136,52.276],[0.146,52.253],[0.117,52.228],[0.053,52.208],[-0.005,52.219],[-0.028,52.185],[-0.013,52.182],[-0.037,52.157],[-0.148,52.158],[-0.153,52.17],[-0.217,52.159],[-0.261,52.176],[-0.241,52.19],[-0.262,52.21],[-0.299,52.216],[-0.277,52.249],[-0.295,52.262],[-0.238,52.255],[-0.228,52.271],[-0.183,52.257],[-0.175,52.28],[-0.138,52.277],[-0.086,52.308],[-0.015,52.313],[0.01,52.342],[0.044,52.353]]]}},{"type":"Feature","properties":{"code":"E14001513","name":"Stafford","centroidLat":52.83817,"centroidLong":-2.26849},"geometry":{"type":"Polygon","coordinates":[[[-2.227,52.976],[-2.27,52.963],[-2.263,52.922],[-2.24,52.925],[-2.216,52.902],[-2.222,52.89],[-2.178,52.894],[-2.167,52.869],[-2.147,52.868],[-2.139,52.847],[-2.067,52.796],[-2.075,52.778],[-2.099,52.785],[-2.103,52.77],[-2.145,52.784],[-2.161,52.743],[-2.247,52.715],[-2.275,52.743],[-2.331,52.752],[-2.385,52.79],[-2.371,52.795],[-2.378,52.812],[-2.416,52.827],[-2.394,52.837],[-2.375,52.892],[-2.446,52.874],[-2.471,52.906],[-2.437,52.944],[-2.405,52.947],[-2.413,52.962],[-2.386,52.953],[-2.38,52.976],[-2.324,52.978],[-2.304,52.994],[-2.227,52.976]]]}},{"type":"Feature","properties":{"code":"E14001514","name":"Staffordshire Moorlands","centroidLat":53.08318,"centroidLong":-1.99334},"geometry":{"type":"Polygon","coordinates":[[[-1.962,53.226],[-1.816,53.159],[-1.822,53.137],[-1.786,53.107],[-1.794,53.088],[-1.776,53.059],[-1.796,53.013],[-1.83,53.033],[-1.884,53.02],[-1.86,52.978],[-1.872,52.972],[-1.922,52.964],[-1.951,52.981],[-1.952,52.96],[-2.003,52.959],[-2.029,52.978],[-2.02,52.984],[-2.079,52.974],[-2.122,53.019],[-2.125,53.065],[-2.161,53.07],[-2.211,53.116],[-2.141,53.157],[-2.14,53.184],[-2.112,53.169],[-2.07,53.172],[-2.046,53.193],[-2.002,53.193],[-1.962,53.226]]]}},{"type":"Feature","properties":{"code":"E14001515","name":"Stalybridge and Hyde","centroidLat":53.47929,"centroidLong":-2.03141},"geometry":{"type":"Polygon","coordinates":[[[-1.963,53.51],[-2.004,53.436],[-2.075,53.426],[-2.093,53.438],[-2.099,53.462],[-2.073,53.472],[-2.057,53.531],[-1.963,53.51]]]}},{"type":"Feature","properties":{"code":"E14001516","name":"Stevenage","centroidLat":51.89386,"centroidLong":-0.19526},"geometry":{"type":"Polygon","coordinates":[[[-0.162,51.92],[-0.121,51.867],[-0.154,51.835],[-0.168,51.831],[-0.179,51.841],[-0.167,51.85],[-0.184,51.86],[-0.207,51.854],[-0.199,51.844],[-0.224,51.847],[-0.225,51.833],[-0.273,51.84],[-0.249,51.884],[-0.224,51.889],[-0.227,51.93],[-0.162,51.92]]]}},{"type":"Feature","properties":{"code":"S14000105","name":"Stirling and Strathallan","centroidLat":56.25542,"centroidLong":-4.15483},"geometry":{"type":"Polygon","coordinates":[[[-4.105,56.467],[-4.162,56.445],[-4.202,56.458],[-4.196,56.387],[-4.241,56.384],[-4.242,56.353],[-4.223,56.342],[-4.235,56.326],[-4.116,56.281],[-4.039,56.28],[-4.038,56.269],[-3.933,56.304],[-3.804,56.282],[-3.718,56.311],[-3.722,56.323],[-3.702,56.334],[-3.613,56.343],[-3.662,56.311],[-3.595,56.245],[-3.603,56.205],[-3.737,56.189],[-3.752,56.212],[-3.781,56.217],[-3.843,56.191],[-3.854,56.153],[-3.878,56.15],[-3.857,56.135],[-3.91,56.129],[-3.913,56.128],[-3.916,56.121],[-3.929,56.12],[-3.922,56.122],[-3.924,56.129],[-3.918,56.132],[-3.919,56.134],[-3.923,56.135],[-3.928,56.134],[-3.931,56.132],[-3.928,56.128],[-3.932,56.127],[-3.935,56.128],[-3.936,56.131],[-3.941,56.133],[-3.958,56.133],[-3.952,56.137],[-3.951,56.139],[-3.957,56.145],[-3.952,56.144],[-3.949,56.146],[-3.957,56.145],[-3.955,56.141],[-3.96,56.143],[-3.968,56.139],[-3.953,56.14],[-3.959,56.133],[-3.933,56.126],[-3.927,56.128],[-3.928,56.134],[-3.919,56.134],[-3.933,56.123],[-3.929,56.119],[-3.915,56.12],[-3.91,56.129],[-3.887,56.129],[-3.88,56.123],[-3.89,56.12],[-3.89,56.118],[-3.888,56.117],[-3.889,56.115],[-3.866,56.119],[-3.873,56.11],[-3.868,56.106],[-3.838,56.115],[-3.846,56.102],[-3.82,56.098],[-3.836,56.085],[-3.798,56.065],[-3.814,56.053],[-3.973,56.049],[-4.02,56.028],[-4.097,56.027],[-4.136,56.006],[-4.163,56.03],[-4.198,56.01],[-4.291,56.027],[-4.3,56.017],[-4.276,55.997],[-4.273,55.965],[-4.331,55.958],[-4.366,55.98],[-4.43,55.979],[-4.448,56.004],[-4.482,56.012],[-4.499,56.048],[-4.475,56.061],[-4.59,56.074],[-4.605,56.089],[-4.59,56.111],[-4.64,56.122],[-4.656,56.165],[-4.696,56.2],[-4.685,56.216],[-4.701,56.255],[-4.694,56.279],[-4.66,56.281],[-4.682,56.298],[-4.661,56.324],[-4.786,56.324],[-4.783,56.344],[-4.854,56.37],[-4.813,56.398],[-4.812,56.418],[-4.733,56.434],[-4.726,56.459],[-4.666,56.46],[-4.577,56.505],[-4.4,56.527],[-4.369,56.547],[-4.331,56.539],[-4.297,56.475],[-4.154,56.51],[-4.109,56.489],[-4.105,56.467]],[[-3.885,56.116],[-3.885,56.116],[-3.885,56.116],[-3.885,56.116]],[[-3.887,56.114],[-3.886,56.115],[-3.887,56.114],[-3.885,56.112],[-3.888,56.112],[-3.889,56.112],[-3.888,56.111],[-3.889,56.111],[-3.891,56.113],[-3.893,56.114],[-3.893,56.113],[-3.891,56.113],[-3.89,56.112],[-3.889,56.111],[-3.885,56.112],[-3.885,56.113],[-3.887,56.114]],[[-3.893,56.113],[-3.893,56.113],[-3.893,56.113],[-3.893,56.113]],[[-3.893,56.113],[-3.892,56.113],[-3.892,56.113],[-3.893,56.113]],[[-3.892,56.112],[-3.892,56.112],[-3.892,56.113],[-3.892,56.112]],[[-3.895,56.113],[-3.895,56.113],[-3.896,56.113],[-3.896,56.112],[-3.901,56.113],[-3.902,56.112],[-3.896,56.112],[-3.895,56.113]],[[-3.904,56.112],[-3.903,56.112],[-3.902,56.112],[-3.904,56.112]],[[-3.906,56.112],[-3.904,56.111],[-3.904,56.112],[-3.906,56.112]],[[-3.904,56.111],[-3.904,56.111],[-3.904,56.111],[-3.904,56.111]]]}},{"type":"Feature","properties":{"code":"E14001517","name":"Stockport","centroidLat":53.41806,"centroidLong":-2.17075},"geometry":{"type":"Polygon","coordinates":[[[-2.131,53.439],[-2.155,53.382],[-2.215,53.411],[-2.166,53.454],[-2.131,53.439]]]}},{"type":"Feature","properties":{"code":"E14001518","name":"Stockton North","centroidLat":54.60589,"centroidLong":-1.2845},"geometry":{"type":"Polygon","coordinates":[[[-1.381,54.644],[-1.171,54.63],[-1.159,54.613],[-1.204,54.583],[-1.245,54.594],[-1.262,54.573],[-1.264,54.576],[-1.268,54.578],[-1.28,54.583],[-1.262,54.572],[-1.31,54.565],[-1.308,54.539],[-1.331,54.532],[-1.329,54.555],[-1.341,54.56],[-1.325,54.571],[-1.41,54.618],[-1.381,54.644]],[[-1.226,54.625],[-1.226,54.625],[-1.226,54.625],[-1.226,54.625]],[[-1.227,54.625],[-1.225,54.625],[-1.226,54.625],[-1.227,54.625]],[[-1.222,54.623],[-1.222,54.624],[-1.223,54.623],[-1.222,54.623]],[[-1.216,54.622],[-1.216,54.622],[-1.216,54.622],[-1.216,54.622]],[[-1.217,54.622],[-1.217,54.622],[-1.218,54.622],[-1.217,54.622]],[[-1.218,54.622],[-1.218,54.622],[-1.217,54.622],[-1.218,54.622]],[[-1.219,54.622],[-1.219,54.621],[-1.218,54.622],[-1.219,54.622]],[[-1.219,54.622],[-1.22,54.622],[-1.219,54.622],[-1.219,54.622]],[[-1.218,54.621],[-1.218,54.621],[-1.218,54.622],[-1.218,54.621]],[[-1.28,54.583],[-1.281,54.583],[-1.28,54.583],[-1.28,54.583]],[[-1.296,54.587],[-1.283,54.585],[-1.296,54.587],[-1.298,54.589],[-1.296,54.587]],[[-1.298,54.589],[-1.299,54.59],[-1.298,54.589],[-1.298,54.589]],[[-1.225,54.625],[-1.225,54.624],[-1.225,54.625],[-1.225,54.625]]]}},{"type":"Feature","properties":{"code":"E14001519","name":"Stockton West","centroidLat":54.54723,"centroidLong":-1.41259},"geometry":{"type":"Polygon","coordinates":[[[-1.41,54.618],[-1.325,54.571],[-1.341,54.56],[-1.329,54.555],[-1.331,54.532],[-1.29,54.545],[-1.291,54.513],[-1.234,54.506],[-1.344,54.464],[-1.373,54.472],[-1.381,54.494],[-1.407,54.494],[-1.417,54.477],[-1.462,54.504],[-1.476,54.499],[-1.458,54.493],[-1.461,54.451],[-1.475,54.474],[-1.499,54.475],[-1.492,54.486],[-1.546,54.471],[-1.592,54.504],[-1.53,54.505],[-1.502,54.521],[-1.518,54.536],[-1.505,54.552],[-1.541,54.555],[-1.491,54.578],[-1.514,54.595],[-1.443,54.591],[-1.451,54.611],[-1.41,54.618]]]}},{"type":"Feature","properties":{"code":"E14001520","name":"Stoke-on-Trent Central","centroidLat":53.0151,"centroidLong":-2.16538},"geometry":{"type":"Polygon","coordinates":[[[-2.129,53.044],[-2.103,52.993],[-2.21,52.985],[-2.208,53.034],[-2.129,53.044]]]}},{"type":"Feature","properties":{"code":"E14001521","name":"Stoke-on-Trent North","centroidLat":53.07413,"centroidLong":-2.22164},"geometry":{"type":"Polygon","coordinates":[[[-2.117,53.048],[-2.208,53.034],[-2.228,53.064],[-2.266,53.054],[-2.283,53.079],[-2.211,53.116],[-2.161,53.07],[-2.125,53.065],[-2.117,53.048]]]}},{"type":"Feature","properties":{"code":"E14001522","name":"Stoke-on-Trent South","centroidLat":52.94242,"centroidLong":-2.09042},"geometry":{"type":"Polygon","coordinates":[[[-1.946,52.981],[-1.903,52.945],[-1.934,52.932],[-1.971,52.941],[-2.041,52.917],[-2.079,52.929],[-2.107,52.906],[-2.164,52.915],[-2.158,52.902],[-2.205,52.886],[-2.24,52.925],[-2.263,52.922],[-2.278,52.951],[-2.183,52.991],[-2.095,52.999],[-2.072,52.971],[-2.02,52.984],[-2.029,52.978],[-2.003,52.959],[-1.952,52.96],[-1.961,52.971],[-1.946,52.981]]]}},{"type":"Feature","properties":{"code":"E14001523","name":"Stone, Great Wyrley and Penkridge","centroidLat":52.70674,"centroidLong":-2.12919},"geometry":{"type":"Polygon","coordinates":[[[-2.079,52.929],[-1.934,52.866],[-1.968,52.824],[-1.944,52.774],[-2.018,52.759],[-2.031,52.705],[-2.055,52.69],[-2.05,52.677],[-2.002,52.667],[-1.991,52.637],[-2.081,52.612],[-2.101,52.635],[-2.152,52.649],[-2.165,52.63],[-2.223,52.642],[-2.248,52.657],[-2.248,52.683],[-2.32,52.695],[-2.312,52.741],[-2.275,52.743],[-2.245,52.715],[-2.161,52.743],[-2.145,52.784],[-2.114,52.769],[-2.095,52.786],[-2.075,52.778],[-2.067,52.797],[-2.139,52.847],[-2.147,52.868],[-2.167,52.869],[-2.178,52.894],[-2.158,52.902],[-2.164,52.915],[-2.102,52.907],[-2.079,52.929]]]}},{"type":"Feature","properties":{"code":"E14001524","name":"Stourbridge","centroidLat":52.46149,"centroidLong":-2.1204},"geometry":{"type":"Polygon","coordinates":[[[-2.07,52.492],[-2.107,52.482],[-2.116,52.464],[-2.101,52.461],[-2.118,52.434],[-2.144,52.426],[-2.172,52.442],[-2.168,52.471],[-2.114,52.501],[-2.07,52.492]]]}},{"type":"Feature","properties":{"code":"N05000016","name":"Strangford","centroidLat":54.44877,"centroidLong":-5.678},"geometry":{"type":"Polygon","coordinates":[[[-5.522,54.601],[-5.477,54.564],[-5.483,54.537],[-5.462,54.497],[-5.433,54.488],[-5.436,54.457],[-5.479,54.43],[-5.458,54.393],[-5.49,54.376],[-5.481,54.359],[-5.498,54.351],[-5.497,54.333],[-5.55,54.307],[-5.576,54.273],[-5.632,54.28],[-5.663,54.317],[-5.686,54.317],[-5.68,54.352],[-5.742,54.327],[-5.788,54.362],[-5.841,54.364],[-5.85,54.34],[-5.873,54.362],[-5.895,54.355],[-5.922,54.369],[-5.907,54.38],[-5.913,54.397],[-5.94,54.386],[-5.951,54.404],[-5.902,54.462],[-5.876,54.467],[-5.835,54.448],[-5.803,54.459],[-5.833,54.501],[-5.83,54.52],[-5.793,54.546],[-5.789,54.571],[-5.757,54.581],[-5.771,54.612],[-5.727,54.628],[-5.659,54.615],[-5.621,54.629],[-5.597,54.623],[-5.607,54.61],[-5.585,54.595],[-5.522,54.601]]]}},{"type":"Feature","properties":{"code":"E14001525","name":"Stratford and Bow","centroidLat":51.54026,"centroidLong":-0.01534},"geometry":{"type":"Polygon","coordinates":[[[0.035,51.555],[0.035,51.535],[0.01,51.541],[-0.008,51.525],[-0.053,51.535],[0.035,51.555]]]}},{"type":"Feature","properties":{"code":"E14001526","name":"Stratford-on-Avon","centroidLat":52.1619,"centroidLong":-1.7711},"geometry":{"type":"Polygon","coordinates":[[[-1.804,52.363],[-1.776,52.348],[-1.762,52.308],[-1.668,52.285],[-1.669,52.258],[-1.607,52.238],[-1.626,52.226],[-1.621,52.214],[-1.602,52.225],[-1.574,52.216],[-1.626,52.201],[-1.635,52.181],[-1.6,52.179],[-1.605,52.16],[-1.526,52.128],[-1.54,52.113],[-1.566,52.121],[-1.583,52.108],[-1.497,52.061],[-1.525,51.993],[-1.6,51.977],[-1.592,51.97],[-1.614,51.956],[-1.67,51.993],[-1.62,52.028],[-1.624,52.039],[-1.694,52.04],[-1.702,52.073],[-1.731,52.073],[-1.729,52.1],[-1.75,52.095],[-1.768,52.113],[-1.757,52.116],[-1.796,52.124],[-1.786,52.132],[-1.885,52.156],[-1.904,52.134],[-1.944,52.155],[-1.935,52.17],[-1.96,52.169],[-1.917,52.218],[-1.937,52.276],[-1.887,52.287],[-1.867,52.318],[-1.889,52.361],[-1.804,52.363]]]}},{"type":"Feature","properties":{"code":"E14001527","name":"Streatham and Croydon North","centroidLat":51.42103,"centroidLong":-0.11354},"geometry":{"type":"Polygon","coordinates":[[[-0.109,51.44],[-0.115,51.423],[-0.073,51.408],[-0.093,51.395],[-0.148,51.413],[-0.136,51.442],[-0.109,51.44]]]}},{"type":"Feature","properties":{"code":"E14001528","name":"Stretford and Urmston","centroidLat":53.44508,"centroidLong":-2.35091},"geometry":{"type":"Polygon","coordinates":[[[-2.265,53.473],[-2.254,53.46],[-2.294,53.436],[-2.343,53.438],[-2.369,53.414],[-2.454,53.413],[-2.357,53.473],[-2.265,53.473]]]}},{"type":"Feature","properties":{"code":"E14001529","name":"Stroud","centroidLat":51.71793,"centroidLong":-2.34698},"geometry":{"type":"Polygon","coordinates":[[[-2.353,51.793],[-2.29,51.756],[-2.261,51.754],[-2.235,51.772],[-2.187,51.738],[-2.128,51.725],[-2.211,51.72],[-2.2,51.691],[-2.212,51.682],[-2.188,51.67],[-2.192,51.66],[-2.287,51.681],[-2.283,51.666],[-2.315,51.646],[-2.324,51.621],[-2.443,51.652],[-2.491,51.645],[-2.49,51.664],[-2.535,51.677],[-2.484,51.697],[-2.482,51.726],[-2.38,51.761],[-2.384,51.776],[-2.446,51.791],[-2.433,51.812],[-2.353,51.793]],[[-2.36,51.633],[-2.36,51.635],[-2.361,51.633],[-2.36,51.633]]]}},{"type":"Feature","properties":{"code":"E14001530","name":"Suffolk Coastal","centroidLat":52.0672,"centroidLong":1.417097},"geometry":{"type":"MultiPolygon","coordinates":[[[[1.323,52.071],[1.336,52.035],[1.337,52.034],[1.337,52.035],[1.336,52.034],[1.334,52.034],[1.338,52.032],[1.338,52.035],[1.34,52.039],[1.343,52.037],[1.343,52.027],[1.337,52.024],[1.356,52.022],[1.361,52.006],[1.382,51.998],[1.384,51.99],[1.391,51.989],[1.319,51.932],[1.316,51.951],[1.313,51.952],[1.283,51.966],[1.28,51.993],[1.258,52.003],[1.257,51.997],[1.215,52.007],[1.179,52.022],[1.219,52.023],[1.203,52.041],[1.254,52.051],[1.271,52.084],[1.321,52.12],[1.359,52.115],[1.4,52.142],[1.433,52.138],[1.416,52.165],[1.488,52.173],[1.441,52.201],[1.464,52.231],[1.457,52.248],[1.384,52.294],[1.384,52.311],[1.357,52.322],[1.36,52.34],[1.422,52.369],[1.487,52.349],[1.498,52.318],[1.609,52.316],[1.608,52.318],[1.617,52.316],[1.638,52.33],[1.672,52.314],[1.633,52.277],[1.623,52.189],[1.609,52.166],[1.588,52.103],[1.583,52.092],[1.579,52.087],[1.465,52.046],[1.542,52.076],[1.543,52.079],[1.562,52.086],[1.565,52.087],[1.565,52.09],[1.567,52.091],[1.58,52.089],[1.568,52.091],[1.542,52.079],[1.54,52.088],[1.555,52.09],[1.569,52.098],[1.599,52.144],[1.593,52.146],[1.587,52.143],[1.584,52.142],[1.581,52.143],[1.575,52.144],[1.573,52.145],[1.571,52.148],[1.58,52.155],[1.556,52.159],[1.553,52.161],[1.558,52.162],[1.552,52.167],[1.511,52.155],[1.509,52.164],[1.495,52.165],[1.511,52.151],[1.525,52.157],[1.568,52.156],[1.574,52.142],[1.595,52.141],[1.566,52.1],[1.538,52.091],[1.51,52.07],[1.491,52.073],[1.491,52.08],[1.499,52.086],[1.496,52.099],[1.483,52.103],[1.487,52.106],[1.485,52.108],[1.487,52.109],[1.486,52.112],[1.484,52.112],[1.483,52.107],[1.485,52.105],[1.481,52.104],[1.482,52.102],[1.497,52.087],[1.495,52.084],[1.493,52.083],[1.493,52.084],[1.492,52.084],[1.491,52.084],[1.493,52.083],[1.489,52.08],[1.489,52.073],[1.501,52.071],[1.495,52.064],[1.48,52.06],[1.482,52.059],[1.462,52.048],[1.462,52.048],[1.46,52.046],[1.458,52.045],[1.458,52.043],[1.451,52.044],[1.451,52.043],[1.459,52.043],[1.463,52.048],[1.435,52.009],[1.409,51.992],[1.394,51.987],[1.393,51.996],[1.396,51.998],[1.392,51.997],[1.394,51.999],[1.388,52.0],[1.378,52.004],[1.379,52.005],[1.37,52.006],[1.365,52.009],[1.364,52.011],[1.366,52.02],[1.344,52.032],[1.344,52.064],[1.319,52.081],[1.343,52.102],[1.333,52.101],[1.349,52.103],[1.353,52.109],[1.353,52.111],[1.352,52.111],[1.354,52.112],[1.355,52.112],[1.352,52.112],[1.347,52.103],[1.331,52.101],[1.314,52.078],[1.295,52.078],[1.323,52.071]],[[1.336,52.035],[1.336,52.035],[1.336,52.035],[1.336,52.035]],[[1.335,52.034],[1.336,52.035],[1.336,52.035],[1.335,52.034]],[[1.338,52.032],[1.338,52.032],[1.338,52.032],[1.338,52.032]],[[1.342,52.037],[1.342,52.037],[1.342,52.037],[1.342,52.037]],[[1.341,52.037],[1.341,52.037],[1.342,52.037],[1.341,52.037]],[[1.34,52.028],[1.34,52.028],[1.34,52.028],[1.34,52.028]],[[1.381,51.997],[1.381,51.996],[1.381,51.997],[1.381,51.997]],[[1.314,51.952],[1.313,51.953],[1.313,51.953],[1.314,51.952]],[[1.257,51.997],[1.257,51.997],[1.257,51.997],[1.257,51.997]],[[1.257,51.997],[1.256,51.997],[1.257,51.997],[1.257,51.997]],[[1.255,51.997],[1.255,51.997],[1.255,51.997],[1.255,51.997]],[[1.256,51.997],[1.255,51.997],[1.255,51.997],[1.256,51.997]],[[1.609,52.316],[1.609,52.316],[1.609,52.316],[1.609,52.316]],[[1.63,52.323],[1.63,52.323],[1.629,52.323],[1.63,52.323]],[[1.631,52.322],[1.631,52.322],[1.631,52.322],[1.631,52.322]],[[1.629,52.322],[1.63,52.322],[1.63,52.322],[1.629,52.322]],[[1.629,52.321],[1.629,52.321],[1.632,52.322],[1.629,52.321]],[[1.545,52.079],[1.545,52.079],[1.545,52.079],[1.545,52.079]],[[1.545,52.078],[1.547,52.078],[1.548,52.078],[1.547,52.078],[1.545,52.078],[1.545,52.079],[1.545,52.078]],[[1.58,52.092],[1.58,52.092],[1.579,52.092],[1.58,52.092]],[[1.58,52.092],[1.579,52.092],[1.579,52.092],[1.58,52.092]],[[1.589,52.122],[1.589,52.122],[1.589,52.122],[1.589,52.122]],[[1.589,52.122],[1.589,52.123],[1.589,52.122],[1.589,52.122]],[[1.593,52.146],[1.593,52.146],[1.593,52.146],[1.593,52.146]],[[1.595,52.145],[1.593,52.146],[1.593,52.146],[1.595,52.145]],[[1.589,52.144],[1.589,52.144],[1.589,52.144],[1.589,52.144]],[[1.582,52.143],[1.58,52.143],[1.58,52.143],[1.582,52.143]],[[1.573,52.146],[1.573,52.146],[1.573,52.146],[1.573,52.146]],[[1.573,52.146],[1.573,52.147],[1.573,52.146],[1.573,52.146]],[[1.554,52.161],[1.555,52.161],[1.554,52.161],[1.554,52.161]],[[1.532,52.164],[1.532,52.164],[1.532,52.164],[1.532,52.164]],[[1.533,52.164],[1.533,52.165],[1.532,52.164],[1.533,52.164]],[[1.528,52.164],[1.528,52.164],[1.528,52.164],[1.528,52.164]],[[1.529,52.164],[1.528,52.164],[1.528,52.164],[1.529,52.164]],[[1.525,52.161],[1.524,52.162],[1.526,52.161],[1.525,52.161]],[[1.524,52.162],[1.523,52.163],[1.524,52.162],[1.524,52.162]],[[1.528,52.157],[1.529,52.156],[1.528,52.157],[1.528,52.157]],[[1.574,52.142],[1.574,52.142],[1.574,52.142],[1.574,52.142]],[[1.574,52.141],[1.575,52.141],[1.574,52.142],[1.574,52.141]],[[1.575,52.141],[1.575,52.141],[1.575,52.141],[1.575,52.141]],[[1.505,52.072],[1.505,52.072],[1.504,52.071],[1.505,52.072]],[[1.505,52.072],[1.502,52.072],[1.505,52.072],[1.505,52.072]],[[1.492,52.079],[1.492,52.079],[1.492,52.079],[1.492,52.079]],[[1.492,52.079],[1.492,52.079],[1.492,52.079],[1.492,52.079]],[[1.494,52.101],[1.494,52.101],[1.494,52.101],[1.494,52.101]],[[1.494,52.101],[1.493,52.102],[1.494,52.101],[1.494,52.101]],[[1.487,52.106],[1.487,52.106],[1.487,52.106],[1.487,52.106]],[[1.487,52.106],[1.487,52.107],[1.487,52.106],[1.487,52.106]],[[1.486,52.108],[1.486,52.108],[1.486,52.108],[1.486,52.108]],[[1.486,52.108],[1.486,52.108],[1.486,52.108],[1.486,52.108]],[[1.486,52.112],[1.485,52.112],[1.485,52.112],[1.486,52.112]],[[1.487,52.113],[1.487,52.113],[1.486,52.114],[1.487,52.113]],[[1.486,52.114],[1.486,52.114],[1.486,52.114],[1.486,52.114]],[[1.486,52.114],[1.484,52.114],[1.486,52.114],[1.486,52.114]],[[1.483,52.105],[1.483,52.105],[1.483,52.105],[1.483,52.105]],[[1.482,52.105],[1.482,52.105],[1.483,52.105],[1.482,52.105]],[[1.484,52.099],[1.484,52.099],[1.484,52.099],[1.484,52.099]],[[1.483,52.099],[1.483,52.099],[1.484,52.099],[1.483,52.099]],[[1.493,52.084],[1.493,52.084],[1.493,52.084],[1.493,52.084]],[[1.491,52.084],[1.491,52.084],[1.491,52.084],[1.491,52.084]],[[1.49,52.083],[1.489,52.082],[1.491,52.083],[1.49,52.083]],[[1.49,52.072],[1.491,52.072],[1.49,52.072],[1.49,52.072]],[[1.496,52.071],[1.496,52.071],[1.496,52.071],[1.496,52.071]],[[1.497,52.071],[1.498,52.071],[1.496,52.071],[1.497,52.071]],[[1.479,52.06],[1.479,52.06],[1.48,52.06],[1.479,52.06]],[[1.481,52.06],[1.479,52.06],[1.479,52.06],[1.481,52.06]],[[1.46,52.046],[1.46,52.046],[1.46,52.046],[1.46,52.046]],[[1.46,52.046],[1.46,52.046],[1.46,52.046],[1.46,52.046]],[[1.394,51.995],[1.394,51.995],[1.394,51.995],[1.394,51.995]],[[1.394,51.995],[1.394,51.994],[1.394,51.995],[1.394,51.995]],[[1.394,51.999],[1.394,51.999],[1.394,51.999],[1.394,51.999]],[[1.393,52.0],[1.396,51.999],[1.395,51.999],[1.393,52.0]],[[1.39,52.0],[1.39,52.001],[1.39,52.0],[1.39,52.0]],[[1.39,52.001],[1.387,52.001],[1.389,52.001],[1.39,52.001]],[[1.384,52.002],[1.384,52.002],[1.384,52.002],[1.384,52.002]],[[1.372,52.007],[1.372,52.007],[1.372,52.007],[1.372,52.007]],[[1.371,52.008],[1.37,52.008],[1.372,52.007],[1.371,52.008]],[[1.37,52.007],[1.37,52.007],[1.37,52.006],[1.37,52.007]],[[1.37,52.007],[1.37,52.007],[1.37,52.007],[1.37,52.007]],[[1.37,52.007],[1.37,52.007],[1.37,52.007],[1.37,52.007]],[[1.37,52.007],[1.37,52.008],[1.37,52.007],[1.37,52.007]],[[1.367,52.008],[1.367,52.009],[1.367,52.008],[1.367,52.008]],[[1.365,52.01],[1.365,52.01],[1.365,52.01],[1.365,52.01]],[[1.366,52.011],[1.366,52.01],[1.366,52.011],[1.366,52.011]],[[1.366,52.016],[1.366,52.015],[1.366,52.015],[1.366,52.016]],[[1.356,52.028],[1.357,52.027],[1.357,52.027],[1.356,52.028]],[[1.355,52.028],[1.355,52.028],[1.355,52.028],[1.355,52.028]],[[1.356,52.028],[1.355,52.028],[1.355,52.028],[1.356,52.028]],[[1.354,52.029],[1.354,52.029],[1.354,52.028],[1.354,52.029]],[[1.354,52.029],[1.353,52.029],[1.354,52.029],[1.354,52.029]],[[1.341,52.028],[1.341,52.028],[1.341,52.028],[1.341,52.028]]],[[[1.611,52.32],[1.56,52.347],[1.587,52.352],[1.589,52.37],[1.632,52.403],[1.64,52.419],[1.627,52.429],[1.684,52.441],[1.684,52.418],[1.728,52.4],[1.675,52.314],[1.66,52.325],[1.626,52.335],[1.611,52.32]],[[1.612,52.327],[1.612,52.327],[1.612,52.327],[1.612,52.327]]]]}},{"type":"Feature","properties":{"code":"E14001531","name":"Sunderland Central","centroidLat":54.90207,"centroidLong":-1.39455},"geometry":{"type":"MultiPolygon","coordinates":[[[[-1.348,54.861],[-1.383,54.861],[-1.391,54.878],[-1.379,54.879],[-1.442,54.91],[-1.373,54.91],[-1.353,54.919],[-1.362,54.898],[-1.348,54.861]]],[[[-1.363,54.944],[-1.366,54.926],[-1.364,54.923],[-1.36,54.923],[-1.357,54.923],[-1.355,54.922],[-1.352,54.921],[-1.371,54.912],[-1.429,54.917],[-1.407,54.926],[-1.412,54.936],[-1.363,54.944]]]]}},{"type":"Feature","properties":{"code":"E14001532","name":"Surrey Heath","centroidLat":51.31416,"centroidLong":-0.66277},"geometry":{"type":"Polygon","coordinates":[[[-0.598,51.386],[-0.549,51.348],[-0.626,51.335],[-0.624,51.32],[-0.65,51.309],[-0.619,51.283],[-0.655,51.259],[-0.654,51.242],[-0.703,51.238],[-0.707,51.283],[-0.733,51.282],[-0.775,51.332],[-0.732,51.366],[-0.598,51.386]]]}},{"type":"Feature","properties":{"code":"E14001533","name":"Sussex Weald","centroidLat":51.00084,"centroidLong":0.20397},"geometry":{"type":"Polygon","coordinates":[[[0.161,51.137],[0.151,51.124],[0.171,51.115],[0.325,51.123],[0.335,51.105],[0.359,51.105],[0.351,51.084],[0.398,51.083],[0.361,51.065],[0.354,51.018],[0.322,50.997],[0.324,50.963],[0.367,50.933],[0.358,50.913],[0.374,50.898],[0.308,50.891],[0.3,50.84],[0.253,50.836],[0.235,50.877],[0.185,50.878],[0.157,50.918],[0.115,50.923],[0.105,50.97],[0.162,50.977],[0.153,51.024],[0.119,51.047],[0.067,51.047],[0.067,51.062],[0.032,51.072],[0.055,51.081],[0.053,51.097],[0.019,51.104],[0.045,51.111],[0.028,51.118],[0.027,51.14],[0.161,51.137]]]}},{"type":"Feature","properties":{"code":"E14001534","name":"Sutton and Cheam","centroidLat":51.36222,"centroidLong":-0.20963},"geometry":{"type":"Polygon","coordinates":[[[-0.2,51.385],[-0.174,51.358],[-0.221,51.33],[-0.244,51.383],[-0.2,51.385]]]}},{"type":"Feature","properties":{"code":"E14001535","name":"Sutton Coldfield","centroidLat":52.56732,"centroidLong":-1.8101},"geometry":{"type":"Polygon","coordinates":[[[-1.849,52.605],[-1.764,52.571],[-1.774,52.565],[-1.749,52.531],[-1.729,52.525],[-1.754,52.513],[-1.792,52.509],[-1.772,52.52],[-1.892,52.562],[-1.849,52.605]]]}},{"type":"Feature","properties":{"code":"W07000108","name":"Swansea West","centroidLat":51.6386,"centroidLong":-3.95702},"geometry":{"type":"Polygon","coordinates":[[[-3.93,51.616],[-3.994,51.598],[-4.013,51.611],[-4.009,51.633],[-3.959,51.641],[-3.991,51.656],[-3.906,51.694],[-3.903,51.679],[-3.934,51.645],[-3.93,51.616]]]}},{"type":"Feature","properties":{"code":"E14001536","name":"Swindon North","centroidLat":51.6142,"centroidLong":-1.75121},"geometry":{"type":"Polygon","coordinates":[[[-1.683,51.69],[-1.7,51.671],[-1.66,51.635],[-1.691,51.605],[-1.692,51.582],[-1.792,51.564],[-1.838,51.587],[-1.84,51.616],[-1.789,51.633],[-1.799,51.662],[-1.727,51.667],[-1.683,51.69]]]}},{"type":"Feature","properties":{"code":"E14001537","name":"Swindon South","centroidLat":51.55432,"centroidLong":-1.78573},"geometry":{"type":"Polygon","coordinates":[[[-1.826,51.579],[-1.792,51.564],[-1.733,51.574],[-1.719,51.56],[-1.725,51.527],[-1.812,51.553],[-1.844,51.543],[-1.865,51.56],[-1.826,51.579]]]}},{"type":"Feature","properties":{"code":"E14001538","name":"Tamworth","centroidLat":52.65842,"centroidLong":-1.73684},"geometry":{"type":"Polygon","coordinates":[[[-1.655,52.699],[-1.586,52.694],[-1.604,52.674],[-1.645,52.657],[-1.636,52.62],[-1.666,52.592],[-1.788,52.588],[-1.828,52.609],[-1.873,52.585],[-1.916,52.635],[-1.894,52.649],[-1.842,52.644],[-1.779,52.695],[-1.733,52.706],[-1.723,52.731],[-1.657,52.722],[-1.655,52.699]]]}},{"type":"Feature","properties":{"code":"E14001539","name":"Tatton","centroidLat":53.28417,"centroidLong":-2.41375},"geometry":{"type":"Polygon","coordinates":[[[-2.314,53.357],[-2.301,53.34],[-2.245,53.361],[-2.181,53.344],[-2.23,53.273],[-2.222,53.264],[-2.34,53.252],[-2.364,53.224],[-2.396,53.234],[-2.413,53.221],[-2.41,53.206],[-2.373,53.196],[-2.378,53.172],[-2.475,53.209],[-2.459,53.224],[-2.474,53.269],[-2.557,53.26],[-2.617,53.288],[-2.671,53.284],[-2.701,53.306],[-2.56,53.324],[-2.506,53.355],[-2.51,53.389],[-2.478,53.396],[-2.314,53.357]]]}},{"type":"Feature","properties":{"code":"E14001540","name":"Taunton and Wellington","centroidLat":50.98236,"centroidLong":-3.12311},"geometry":{"type":"MultiPolygon","coordinates":[[[[-2.933,51.057],[-2.976,51.037],[-2.951,51.041],[-2.917,51.067],[-2.884,51.046],[-2.95,51.011],[-2.944,51.003],[-2.978,50.998],[-2.98,50.965],[-3.015,50.945],[-3.088,50.938],[-3.085,50.922],[-3.073,50.914],[-3.06,50.913],[-3.053,50.909],[-3.052,50.908],[-3.148,50.892],[-3.188,50.91],[-3.166,50.948],[-3.255,50.942],[-3.305,50.965],[-3.287,50.989],[-3.274,50.978],[-3.217,50.987],[-3.193,51.0],[-3.199,51.014],[-3.167,51.014],[-3.186,51.032],[-3.166,51.035],[-3.137,51.072],[-3.046,51.066],[-3.025,51.06],[-3.031,51.048],[-2.997,51.054],[-2.982,51.041],[-2.933,51.057]]],[[[-2.888,51.069],[-2.906,51.061],[-2.935,51.083],[-2.912,51.085],[-2.888,51.069]]]]}},{"type":"Feature","properties":{"code":"E14001541","name":"Telford","centroidLat":52.66784,"centroidLong":-2.45611},"geometry":{"type":"Polygon","coordinates":[[[-2.405,52.695],[-2.438,52.615],[-2.502,52.629],[-2.496,52.673],[-2.483,52.676],[-2.495,52.7],[-2.474,52.7],[-2.474,52.717],[-2.458,52.72],[-2.405,52.695]]]}},{"type":"Feature","properties":{"code":"E14001542","name":"Tewkesbury","centroidLat":51.95501,"centroidLong":-2.07208},"geometry":{"type":"Polygon","coordinates":[[[-1.913,52.044],[-1.802,51.997],[-1.865,51.995],[-1.883,51.984],[-1.868,51.981],[-1.875,51.965],[-1.932,51.957],[-1.923,51.935],[-1.868,51.908],[-1.881,51.897],[-1.854,51.893],[-1.912,51.888],[-1.929,51.905],[-1.994,51.915],[-2.01,51.903],[-2.08,51.916],[-2.137,51.9],[-2.166,51.917],[-2.171,51.9],[-2.205,51.897],[-2.187,51.876],[-2.223,51.859],[-2.238,51.883],[-2.261,51.877],[-2.25,51.885],[-2.271,51.917],[-2.223,51.931],[-2.226,51.949],[-2.164,51.997],[-2.188,52.019],[-2.175,52.047],[-2.118,52.042],[-2.15,52.011],[-2.139,51.999],[-2.112,52.015],[-2.038,52.005],[-1.984,52.036],[-1.932,52.03],[-1.913,52.044]]]}},{"type":"Feature","properties":{"code":"E14001543","name":"The Wrekin","centroidLat":52.75544,"centroidLong":-2.49555},"geometry":{"type":"Polygon","coordinates":[[[-2.312,52.741],[-2.32,52.695],[-2.244,52.68],[-2.248,52.657],[-2.233,52.648],[-2.256,52.61],[-2.31,52.607],[-2.327,52.637],[-2.357,52.623],[-2.386,52.648],[-2.419,52.646],[-2.401,52.689],[-2.458,52.72],[-2.474,52.717],[-2.474,52.7],[-2.495,52.7],[-2.483,52.676],[-2.51,52.638],[-2.623,52.699],[-2.597,52.718],[-2.664,52.736],[-2.664,52.76],[-2.59,52.779],[-2.594,52.796],[-2.661,52.82],[-2.664,52.839],[-2.648,52.839],[-2.669,52.857],[-2.623,52.883],[-2.538,52.883],[-2.471,52.906],[-2.446,52.874],[-2.375,52.892],[-2.394,52.837],[-2.416,52.827],[-2.378,52.812],[-2.371,52.795],[-2.385,52.79],[-2.312,52.741]]]}},{"type":"Feature","properties":{"code":"E14001544","name":"Thirsk and Malton","centroidLat":54.1961,"centroidLong":-0.95841},"geometry":{"type":"Polygon","coordinates":[[[-0.303,54.227],[-0.265,54.216],[-0.285,54.203],[-0.272,54.181],[-0.213,54.158],[-0.223,54.137],[-0.304,54.136],[-0.375,54.154],[-0.391,54.177],[-0.418,54.174],[-0.433,54.164],[-0.427,54.137],[-0.459,54.126],[-0.466,54.108],[-0.66,54.063],[-0.645,54.055],[-0.687,54.031],[-0.683,54.009],[-0.73,54.013],[-0.734,54.03],[-0.843,54.022],[-0.985,53.982],[-0.996,53.984],[-0.972,53.997],[-0.985,54.003],[-0.967,54.023],[-0.982,54.039],[-1.002,54.055],[-1.061,54.057],[-1.039,54.076],[-1.06,54.085],[-1.044,54.107],[-1.016,54.108],[-1.013,54.135],[-1.089,54.163],[-1.081,54.172],[-1.099,54.185],[-1.189,54.2],[-1.197,54.241],[-1.31,54.2],[-1.266,54.181],[-1.259,54.151],[-1.344,54.151],[-1.432,54.186],[-1.443,54.216],[-1.475,54.206],[-1.485,54.22],[-1.495,54.203],[-1.553,54.191],[-1.582,54.205],[-1.596,54.19],[-1.64,54.191],[-1.625,54.23],[-1.649,54.25],[-1.676,54.248],[-1.705,54.286],[-1.651,54.294],[-1.643,54.343],[-1.609,54.351],[-1.563,54.329],[-1.549,54.303],[-1.509,54.305],[-1.478,54.27],[-1.429,54.262],[-1.4,54.274],[-1.43,54.315],[-1.403,54.307],[-1.402,54.324],[-1.355,54.322],[-1.355,54.336],[-1.255,54.354],[-1.237,54.376],[-1.172,54.382],[-1.158,54.349],[-1.099,54.329],[-1.066,54.363],[-1.082,54.405],[-1.027,54.415],[-0.988,54.396],[-0.95,54.409],[-0.824,54.383],[-0.794,54.354],[-0.633,54.376],[-0.622,54.344],[-0.568,54.314],[-0.613,54.279],[-0.598,54.236],[-0.618,54.206],[-0.599,54.2],[-0.55,54.193],[-0.408,54.219],[-0.345,54.21],[-0.304,54.215],[-0.303,54.227]]]}},{"type":"Feature","properties":{"code":"E14001545","name":"Thornbury and Yate","centroidLat":51.54996,"centroidLong":-2.40935},"geometry":{"type":"Polygon","coordinates":[[[-2.388,51.637],[-2.401,51.635],[-2.389,51.628],[-2.395,51.597],[-2.294,51.595],[-2.26,51.57],[-2.256,51.522],[-2.324,51.498],[-2.291,51.487],[-2.295,51.429],[-2.403,51.432],[-2.462,51.452],[-2.48,51.473],[-2.457,51.497],[-2.49,51.506],[-2.488,51.53],[-2.509,51.54],[-2.558,51.55],[-2.644,51.512],[-2.674,51.544],[-2.663,51.574],[-2.575,51.631],[-2.569,51.656],[-2.535,51.677],[-2.49,51.664],[-2.491,51.645],[-2.443,51.652],[-2.388,51.637]]]}},{"type":"Feature","properties":{"code":"E14001546","name":"Thurrock","centroidLat":51.49678,"centroidLong":0.291985},"geometry":{"type":"Polygon","coordinates":[[[0.395,51.453],[0.341,51.452],[0.318,51.474],[0.281,51.461],[0.211,51.49],[0.249,51.529],[0.264,51.518],[0.265,51.532],[0.322,51.541],[0.338,51.501],[0.358,51.494],[0.351,51.478],[0.4,51.472],[0.395,51.453]],[[0.281,51.462],[0.28,51.463],[0.28,51.462],[0.281,51.462]],[[0.281,51.462],[0.281,51.463],[0.281,51.462],[0.281,51.462],[0.281,51.462]]]}},{"type":"Feature","properties":{"code":"E14001547","name":"Tipton and Wednesbury","centroidLat":52.54141,"centroidLong":-2.04466},"geometry":{"type":"Polygon","coordinates":[[[-2.011,52.569],[-1.975,52.556],[-1.993,52.524],[-2.022,52.53],[-2.063,52.514],[-2.108,52.544],[-2.011,52.569]]]}},{"type":"Feature","properties":{"code":"E14001548","name":"Tiverton and Minehead","centroidLat":51.03978,"centroidLong":-3.44113},"geometry":{"type":"Polygon","coordinates":[[[-3.055,51.206],[-3.113,51.17],[-3.216,51.133],[-3.194,51.112],[-3.142,51.109],[-3.16,51.091],[-3.137,51.071],[-3.189,51.025],[-3.167,51.014],[-3.199,51.014],[-3.193,51.0],[-3.217,50.987],[-3.274,50.978],[-3.287,50.989],[-3.305,50.965],[-3.255,50.942],[-3.166,50.948],[-3.188,50.91],[-3.142,50.889],[-3.207,50.877],[-3.233,50.895],[-3.277,50.868],[-3.283,50.888],[-3.313,50.887],[-3.387,50.87],[-3.473,50.873],[-3.512,50.857],[-3.551,50.893],[-3.623,50.914],[-3.596,50.945],[-3.629,51.006],[-3.6,50.992],[-3.615,51.016],[-3.594,51.055],[-3.649,51.059],[-3.804,51.116],[-3.834,51.138],[-3.84,51.177],[-3.726,51.179],[-3.733,51.223],[-3.721,51.233],[-3.621,51.217],[-3.542,51.232],[-3.403,51.183],[-3.277,51.18],[-3.154,51.209],[-3.055,51.206]]]}},{"type":"Feature","properties":{"code":"E14001549","name":"Tonbridge","centroidLat":51.26228,"centroidLong":0.349045},"geometry":{"type":"Polygon","coordinates":[[[0.337,51.387],[0.341,51.325],[0.39,51.342],[0.433,51.318],[0.401,51.311],[0.384,51.28],[0.391,51.264],[0.433,51.269],[0.431,51.249],[0.379,51.235],[0.409,51.222],[0.4,51.199],[0.309,51.2],[0.277,51.175],[0.234,51.185],[0.198,51.175],[0.191,51.168],[0.215,51.154],[0.18,51.132],[0.133,51.147],[0.05,51.143],[0.053,51.181],[0.034,51.211],[0.043,51.225],[0.188,51.218],[0.222,51.245],[0.248,51.238],[0.247,51.255],[0.265,51.257],[0.258,51.297],[0.285,51.325],[0.288,51.337],[0.275,51.34],[0.297,51.397],[0.337,51.387]]]}},{"type":"Feature","properties":{"code":"E14001550","name":"Tooting","centroidLat":51.43864,"centroidLong":-0.16428},"geometry":{"type":"Polygon","coordinates":[[[-0.173,51.459],[-0.135,51.43],[-0.144,51.418],[-0.182,51.425],[-0.193,51.447],[-0.173,51.459]]]}},{"type":"Feature","properties":{"code":"E14001551","name":"Torbay","centroidLat":50.46511,"centroidLong":-3.53884},"geometry":{"type":"Polygon","coordinates":[[[-3.509,50.517],[-3.515,50.482],[-3.481,50.464],[-3.541,50.461],[-3.556,50.417],[-3.579,50.414],[-3.584,50.479],[-3.509,50.517]]]}},{"type":"Feature","properties":{"code":"W07000109","name":"Torfaen","centroidLat":51.69836,"centroidLong":-3.05102},"geometry":{"type":"Polygon","coordinates":[[[-2.959,51.629],[-3.047,51.623],[-3.045,51.607],[-3.102,51.631],[-3.075,51.652],[-3.072,51.674],[-3.084,51.688],[-3.116,51.685],[-3.106,51.761],[-3.144,51.786],[-3.108,51.796],[-3.059,51.784],[-3.028,51.745],[-3.031,51.723],[-2.982,51.714],[-3.002,51.691],[-2.969,51.691],[-3.003,51.669],[-2.959,51.629]]]}},{"type":"Feature","properties":{"code":"E14001552","name":"Torridge and Tavistock","centroidLat":50.78341,"centroidLong":-4.20984},"geometry":{"type":"MultiPolygon","coordinates":[[[[-4.2,50.45],[-4.216,50.468],[-4.237,50.464],[-4.217,50.475],[-4.221,50.498],[-4.181,50.504],[-4.202,50.503],[-4.207,50.534],[-4.272,50.537],[-4.259,50.546],[-4.28,50.569],[-4.271,50.582],[-4.308,50.579],[-4.3,50.634],[-4.334,50.641],[-4.349,50.69],[-4.369,50.702],[-4.362,50.719],[-4.385,50.748],[-4.381,50.771],[-4.424,50.765],[-4.494,50.793],[-4.447,50.808],[-4.442,50.847],[-4.421,50.867],[-4.463,50.913],[-4.456,50.929],[-4.546,50.928],[-4.526,51.022],[-4.343,50.989],[-4.303,50.998],[-4.217,51.065],[-4.191,51.055],[-4.207,51.008],[-4.199,50.995],[-4.178,50.998],[-4.183,50.992],[-4.192,50.992],[-4.195,50.992],[-4.198,50.99],[-4.193,50.985],[-4.189,50.984],[-4.19,50.982],[-4.189,50.978],[-4.186,50.976],[-4.188,50.984],[-4.197,50.989],[-4.182,50.991],[-4.177,50.997],[-4.203,51.006],[-4.196,51.022],[-4.034,51.008],[-4.036,50.981],[-4.019,50.969],[-3.953,50.977],[-3.961,50.956],[-3.994,50.948],[-3.997,50.926],[-3.902,50.926],[-3.904,50.905],[-3.92,50.899],[-3.899,50.878],[-3.926,50.87],[-3.884,50.847],[-3.906,50.83],[-3.94,50.826],[-3.959,50.855],[-3.995,50.852],[-3.995,50.869],[-4.036,50.859],[-4.069,50.875],[-4.09,50.867],[-4.103,50.835],[-4.129,50.844],[-4.164,50.831],[-4.169,50.798],[-4.191,50.79],[-4.169,50.792],[-4.184,50.784],[-4.154,50.745],[-4.115,50.757],[-4.084,50.727],[-4.044,50.729],[-4.062,50.687],[-4.046,50.695],[-4.019,50.673],[-3.967,50.706],[-3.936,50.689],[-3.937,50.66],[-3.897,50.655],[-3.873,50.613],[-3.875,50.545],[-3.893,50.514],[-3.884,50.48],[-3.899,50.473],[-3.976,50.5],[-3.981,50.534],[-4.038,50.552],[-4.081,50.512],[-4.096,50.525],[-4.155,50.509],[-4.151,50.465],[-4.185,50.434],[-4.191,50.435],[-4.199,50.446],[-4.2,50.45]],[[-4.217,50.475],[-4.216,50.475],[-4.217,50.475],[-4.217,50.475]],[[-4.199,50.492],[-4.198,50.491],[-4.199,50.492],[-4.199,50.492]],[[-4.206,51.005],[-4.206,51.005],[-4.206,51.005],[-4.206,51.005]],[[-4.206,51.005],[-4.206,51.005],[-4.206,51.005],[-4.206,51.005]],[[-4.198,50.994],[-4.198,50.995],[-4.198,50.995],[-4.198,50.994]],[[-4.198,50.994],[-4.199,50.994],[-4.2,50.992],[-4.203,50.99],[-4.198,50.994]],[[-4.199,50.448],[-4.199,50.449],[-4.199,50.449],[-4.199,50.448]],[[-4.196,50.449],[-4.195,50.45],[-4.199,50.449],[-4.196,50.449]]],[[[-4.672,51.201],[-4.662,51.167],[-4.654,51.162],[-4.681,51.172],[-4.672,51.201]]]]}},{"type":"Feature","properties":{"code":"E14001553","name":"Tottenham","centroidLat":51.59215,"centroidLong":-0.07266},"geometry":{"type":"Polygon","coordinates":[[[-0.041,51.606],[-0.061,51.578],[-0.104,51.565],[-0.103,51.59],[-0.077,51.598],[-0.086,51.608],[-0.041,51.606]]]}},{"type":"Feature","properties":{"code":"E14001554","name":"Truro and Falmouth","centroidLat":50.26672,"centroidLong":-5.09582},"geometry":{"type":"Polygon","coordinates":[[[-5.136,50.409],[-4.986,50.391],[-5.005,50.348],[-4.973,50.336],[-4.942,50.345],[-4.952,50.359],[-4.927,50.361],[-4.922,50.33],[-4.9,50.321],[-4.905,50.288],[-4.869,50.285],[-4.876,50.253],[-4.805,50.279],[-4.802,50.26],[-4.769,50.253],[-4.799,50.219],[-4.862,50.236],[-4.916,50.197],[-4.958,50.202],[-4.982,50.152],[-5.01,50.139],[-5.018,50.149],[-4.986,50.16],[-5.002,50.168],[-4.996,50.171],[-4.993,50.176],[-4.989,50.178],[-4.989,50.179],[-4.996,50.175],[-4.995,50.179],[-4.998,50.189],[-5.005,50.157],[-5.024,50.155],[-5.014,50.19],[-5.026,50.182],[-5.035,50.204],[-5.009,50.227],[-4.992,50.222],[-4.982,50.227],[-4.98,50.221],[-4.971,50.228],[-4.983,50.232],[-4.96,50.227],[-4.963,50.239],[-5.015,50.228],[-5.012,50.241],[-5.022,50.245],[-5.01,50.249],[-4.991,50.28],[-5.027,50.243],[-5.041,50.252],[-5.04,50.255],[-5.047,50.263],[-5.05,50.264],[-5.039,50.249],[-5.052,50.247],[-5.016,50.241],[-5.018,50.226],[-5.029,50.223],[-5.033,50.228],[-5.039,50.23],[-5.044,50.228],[-5.028,50.21],[-5.059,50.193],[-5.067,50.211],[-5.07,50.206],[-5.099,50.212],[-5.087,50.207],[-5.1,50.212],[-5.107,50.208],[-5.076,50.206],[-5.054,50.182],[-5.077,50.184],[-5.045,50.174],[-5.056,50.161],[-5.092,50.171],[-5.101,50.166],[-5.049,50.156],[-5.042,50.144],[-5.098,50.123],[-5.142,50.136],[-5.117,50.173],[-5.15,50.176],[-5.152,50.207],[-5.122,50.23],[-5.197,50.255],[-5.093,50.314],[-5.139,50.334],[-5.133,50.35],[-5.153,50.356],[-5.158,50.39],[-5.136,50.409]],[[-4.989,50.18],[-4.989,50.179],[-4.989,50.179],[-4.989,50.18]],[[-4.963,50.239],[-4.963,50.239],[-4.963,50.239],[-4.963,50.239]],[[-4.962,50.239],[-4.963,50.239],[-4.963,50.239],[-4.962,50.239]],[[-4.962,50.239],[-4.962,50.239],[-4.962,50.239],[-4.962,50.239]],[[-4.96,50.239],[-4.958,50.238],[-4.956,50.24],[-4.958,50.239],[-4.96,50.239]],[[-4.955,50.24],[-4.955,50.24],[-4.956,50.24],[-4.955,50.24]],[[-4.954,50.239],[-4.952,50.239],[-4.954,50.239],[-4.955,50.24],[-4.955,50.24],[-4.954,50.239]],[[-4.96,50.239],[-4.96,50.239],[-4.96,50.239],[-4.96,50.239]],[[-4.965,50.241],[-4.965,50.241],[-4.965,50.241],[-4.965,50.241]],[[-4.965,50.241],[-4.964,50.243],[-4.964,50.243],[-4.965,50.241]],[[-5.056,50.247],[-5.052,50.247],[-5.052,50.247],[-5.056,50.247]],[[-5.107,50.208],[-5.108,50.207],[-5.107,50.208],[-5.107,50.208]],[[-5.108,50.207],[-5.11,50.207],[-5.113,50.207],[-5.108,50.207],[-5.108,50.207]],[[-5.114,50.206],[-5.114,50.206],[-5.113,50.207],[-5.114,50.206]],[[-5.114,50.206],[-5.114,50.206],[-5.114,50.206],[-5.114,50.206]],[[-5.115,50.206],[-5.114,50.206],[-5.114,50.206],[-5.115,50.206]],[[-5.115,50.206],[-5.118,50.205],[-5.118,50.204],[-5.117,50.205],[-5.116,50.205],[-5.115,50.206]]]}},{"type":"Feature","properties":{"code":"E14001555","name":"Tunbridge Wells","centroidLat":51.14154,"centroidLong":0.381826},"geometry":{"type":"Polygon","coordinates":[[[0.384,51.198],[0.441,51.177],[0.469,51.143],[0.51,51.141],[0.512,51.122],[0.477,51.095],[0.497,51.08],[0.489,51.064],[0.53,51.073],[0.543,51.051],[0.594,51.042],[0.605,51.012],[0.571,51.003],[0.471,51.031],[0.471,51.049],[0.411,51.066],[0.403,51.082],[0.351,51.084],[0.359,51.105],[0.335,51.105],[0.325,51.123],[0.276,51.112],[0.151,51.124],[0.155,51.138],[0.18,51.132],[0.215,51.154],[0.191,51.168],[0.198,51.175],[0.234,51.185],[0.277,51.175],[0.309,51.2],[0.384,51.198]]]}},{"type":"Feature","properties":{"code":"E14001556","name":"Twickenham","centroidLat":51.42879,"centroidLong":-0.35087},"geometry":{"type":"Polygon","coordinates":[[[-0.332,51.441],[-0.309,51.403],[-0.325,51.392],[-0.389,51.41],[-0.393,51.423],[-0.367,51.442],[-0.388,51.449],[-0.346,51.448],[-0.323,51.465],[-0.304,51.453],[-0.332,51.441]]]}},{"type":"Feature","properties":{"code":"E14001557","name":"Tynemouth","centroidLat":55.02961,"centroidLong":-1.45695},"geometry":{"type":"Polygon","coordinates":[[[-1.462,55.074],[-1.403,55.015],[-1.485,54.988],[-1.511,55.019],[-1.49,55.039],[-1.508,55.048],[-1.462,55.074]]]}},{"type":"Feature","properties":{"code":"N05000017","name":"Upper Bann","centroidLat":54.43876,"centroidLong":-6.43508},"geometry":{"type":"Polygon","coordinates":[[[-6.238,54.36],[-6.24,54.33],[-6.257,54.321],[-6.29,54.329],[-6.298,54.348],[-6.319,54.332],[-6.358,54.339],[-6.386,54.372],[-6.449,54.375],[-6.491,54.403],[-6.607,54.396],[-6.637,54.381],[-6.632,54.409],[-6.65,54.418],[-6.624,54.439],[-6.644,54.458],[-6.57,54.464],[-6.566,54.492],[-6.588,54.508],[-6.578,54.518],[-6.541,54.542],[-6.448,54.563],[-6.407,54.512],[-6.353,54.477],[-6.313,54.478],[-6.309,54.451],[-6.209,54.445],[-6.241,54.406],[-6.233,54.397],[-6.268,54.379],[-6.238,54.36]]]}},{"type":"Feature","properties":{"code":"E14001558","name":"Uxbridge and South Ruislip","centroidLat":51.55145,"centroidLong":-0.43426},"geometry":{"type":"Polygon","coordinates":[[[-0.386,51.571],[-0.378,51.555],[-0.441,51.537],[-0.45,51.507],[-0.49,51.512],[-0.495,51.539],[-0.477,51.559],[-0.5,51.597],[-0.431,51.568],[-0.386,51.571]]]}},{"type":"Feature","properties":{"code":"W07000110","name":"Vale of Glamorgan","centroidLat":51.44808,"centroidLong":-3.42174},"geometry":{"type":"Polygon","coordinates":[[[-3.498,51.513],[-3.299,51.5],[-3.271,51.465],[-3.241,51.456],[-3.261,51.433],[-3.231,51.415],[-3.239,51.397],[-3.342,51.381],[-3.396,51.383],[-3.395,51.398],[-3.397,51.382],[-3.406,51.381],[-3.542,51.398],[-3.642,51.465],[-3.558,51.492],[-3.533,51.482],[-3.53,51.501],[-3.498,51.513]]]}},{"type":"Feature","properties":{"code":"E14001559","name":"Vauxhall and Camberwell Green","centroidLat":51.4828,"centroidLong":-0.10958},"geometry":{"type":"Polygon","coordinates":[[[-0.109,51.508],[-0.086,51.477],[-0.128,51.47],[-0.134,51.476],[-0.109,51.508]]]}},{"type":"Feature","properties":{"code":"E14001560","name":"Wakefield and Rothwell","centroidLat":53.69904,"centroidLong":-1.48692},"geometry":{"type":"Polygon","coordinates":[[[-1.42,53.745],[-1.431,53.718],[-1.47,53.712],[-1.448,53.69],[-1.486,53.665],[-1.529,53.656],[-1.553,53.676],[-1.547,53.71],[-1.481,53.728],[-1.502,53.736],[-1.492,53.748],[-1.517,53.751],[-1.509,53.76],[-1.449,53.764],[-1.42,53.745]]]}},{"type":"Feature","properties":{"code":"E14001561","name":"Wallasey","centroidLat":53.41153,"centroidLong":-3.10987},"geometry":{"type":"Polygon","coordinates":[[[-3.013,53.402],[-3.069,53.415],[-3.1,53.381],[-3.128,53.387],[-3.141,53.412],[-3.04,53.443],[-3.013,53.402]]]}},{"type":"Feature","properties":{"code":"E14001562","name":"Walsall and Bloxwich","centroidLat":52.59886,"centroidLong":-1.98888},"geometry":{"type":"Polygon","coordinates":[[[-1.991,52.637],[-1.967,52.612],[-1.973,52.598],[-1.942,52.591],[-1.96,52.572],[-1.943,52.56],[-1.976,52.556],[-2.019,52.574],[-2.015,52.596],[-2.036,52.622],[-1.991,52.637]]]}},{"type":"Feature","properties":{"code":"E14001563","name":"Walthamstow","centroidLat":51.58494,"centroidLong":-0.02085},"geometry":{"type":"Polygon","coordinates":[[[-0.033,51.61],[0.015,51.583],[-0.033,51.561],[-0.062,51.579],[-0.033,51.61]]]}},{"type":"Feature","properties":{"code":"E14001564","name":"Warrington North","centroidLat":53.43221,"centroidLong":-2.56241},"geometry":{"type":"Polygon","coordinates":[[[-2.449,53.416],[-2.481,53.395],[-2.579,53.384],[-2.598,53.414],[-2.614,53.402],[-2.672,53.412],[-2.664,53.43],[-2.682,53.439],[-2.677,53.453],[-2.627,53.434],[-2.599,53.45],[-2.585,53.44],[-2.553,53.468],[-2.496,53.481],[-2.449,53.416]]]}},{"type":"Feature","properties":{"code":"E14001565","name":"Warrington South","centroidLat":53.35854,"centroidLong":-2.56763},"geometry":{"type":"MultiPolygon","coordinates":[[[[-2.51,53.383],[-2.506,53.355],[-2.563,53.323],[-2.618,53.33],[-2.607,53.344],[-2.631,53.346],[-2.631,53.364],[-2.675,53.354],[-2.657,53.374],[-2.642,53.372],[-2.638,53.378],[-2.622,53.375],[-2.608,53.387],[-2.61,53.381],[-2.607,53.375],[-2.604,53.374],[-2.598,53.373],[-2.562,53.395],[-2.51,53.383]],[[-2.595,53.373],[-2.594,53.373],[-2.597,53.373],[-2.595,53.373]],[[-2.593,53.373],[-2.592,53.373],[-2.594,53.373],[-2.593,53.373]]],[[[-2.598,53.414],[-2.601,53.374],[-2.607,53.387],[-2.623,53.375],[-2.639,53.379],[-2.636,53.381],[-2.634,53.379],[-2.629,53.381],[-2.63,53.382],[-2.637,53.381],[-2.645,53.374],[-2.657,53.375],[-2.674,53.357],[-2.697,53.369],[-2.672,53.412],[-2.614,53.402],[-2.598,53.414]],[[-2.629,53.381],[-2.629,53.381],[-2.629,53.381],[-2.629,53.381]],[[-2.628,53.381],[-2.628,53.381],[-2.629,53.381],[-2.628,53.381]],[[-2.628,53.381],[-2.627,53.381],[-2.628,53.381],[-2.628,53.381]],[[-2.627,53.381],[-2.627,53.381],[-2.627,53.381],[-2.627,53.381]],[[-2.626,53.381],[-2.626,53.382],[-2.627,53.381],[-2.626,53.381]],[[-2.625,53.383],[-2.626,53.382],[-2.626,53.382],[-2.625,53.383]],[[-2.625,53.383],[-2.625,53.383],[-2.625,53.383],[-2.625,53.383]],[[-2.616,53.39],[-2.618,53.386],[-2.617,53.386],[-2.616,53.388],[-2.616,53.39]]]]}},{"type":"Feature","properties":{"code":"E14001566","name":"Warwick and Leamington","centroidLat":52.28327,"centroidLong":-1.5263},"geometry":{"type":"Polygon","coordinates":[[[-1.444,52.34],[-1.407,52.315],[-1.425,52.294],[-1.448,52.294],[-1.435,52.273],[-1.478,52.262],[-1.5,52.238],[-1.555,52.228],[-1.575,52.252],[-1.617,52.262],[-1.607,52.293],[-1.542,52.314],[-1.557,52.326],[-1.48,52.29],[-1.486,52.331],[-1.444,52.34]]]}},{"type":"Feature","properties":{"code":"E14001567","name":"Washington and Gateshead South","centroidLat":54.905,"centroidLong":-1.56735},"geometry":{"type":"Polygon","coordinates":[[[-1.407,54.926],[-1.542,54.873],[-1.58,54.878],[-1.594,54.902],[-1.643,54.879],[-1.678,54.9],[-1.644,54.936],[-1.588,54.917],[-1.412,54.936],[-1.407,54.926]]]}},{"type":"Feature","properties":{"code":"E14001568","name":"Watford","centroidLat":51.67241,"centroidLong":-0.40105},"geometry":{"type":"Polygon","coordinates":[[[-0.376,51.693],[-0.363,51.666],[-0.377,51.638],[-0.431,51.642],[-0.431,51.682],[-0.402,51.702],[-0.376,51.693]]]}},{"type":"Feature","properties":{"code":"E14001569","name":"Waveney Valley","centroidLat":52.35374,"centroidLong":1.167248},"geometry":{"type":"Polygon","coordinates":[[[1.528,52.482],[1.536,52.467],[1.53,52.468],[1.525,52.468],[1.522,52.466],[1.519,52.466],[1.517,52.47],[1.514,52.471],[1.521,52.462],[1.516,52.464],[1.509,52.463],[1.508,52.462],[1.496,52.468],[1.481,52.472],[1.48,52.471],[1.508,52.462],[1.522,52.462],[1.53,52.468],[1.531,52.465],[1.553,52.459],[1.555,52.436],[1.593,52.44],[1.64,52.419],[1.589,52.37],[1.594,52.358],[1.56,52.347],[1.571,52.341],[1.558,52.333],[1.581,52.322],[1.566,52.314],[1.522,52.327],[1.498,52.318],[1.487,52.349],[1.422,52.369],[1.357,52.337],[1.402,52.286],[1.356,52.274],[1.328,52.298],[1.34,52.266],[1.247,52.229],[1.226,52.231],[1.215,52.257],[1.227,52.267],[1.185,52.286],[1.181,52.253],[1.154,52.249],[1.142,52.227],[1.063,52.222],[1.054,52.2],[1.022,52.185],[0.966,52.202],[0.961,52.218],[0.927,52.213],[0.918,52.225],[0.956,52.256],[0.882,52.273],[0.883,52.3],[0.931,52.313],[0.926,52.327],[0.957,52.34],[0.967,52.37],[1.03,52.378],[1.021,52.406],[1.034,52.416],[1.021,52.416],[1.057,52.42],[1.073,52.455],[1.095,52.46],[1.079,52.5],[1.09,52.515],[1.187,52.484],[1.215,52.455],[1.345,52.465],[1.362,52.489],[1.334,52.499],[1.367,52.521],[1.399,52.503],[1.447,52.513],[1.51,52.501],[1.507,52.479],[1.528,52.482]],[[1.517,52.47],[1.517,52.47],[1.517,52.47],[1.517,52.47]],[[1.517,52.47],[1.516,52.472],[1.516,52.471],[1.517,52.47]]]}},{"type":"Feature","properties":{"code":"E14001570","name":"Weald of Kent","centroidLat":51.10965,"centroidLong":0.685368},"geometry":{"type":"Polygon","coordinates":[[[0.973,51.269],[0.998,51.251],[0.986,51.236],[1.005,51.208],[0.997,51.192],[0.949,51.205],[0.914,51.192],[0.91,51.173],[0.837,51.164],[0.848,51.148],[0.826,51.135],[0.897,51.113],[0.895,51.093],[0.979,51.106],[0.969,51.063],[0.894,51.037],[0.87,51.052],[0.855,51.032],[0.831,51.049],[0.779,50.989],[0.707,50.994],[0.661,51.018],[0.605,51.012],[0.594,51.042],[0.543,51.051],[0.53,51.073],[0.495,51.059],[0.497,51.08],[0.477,51.095],[0.515,51.136],[0.469,51.143],[0.441,51.177],[0.384,51.195],[0.409,51.222],[0.378,51.233],[0.41,51.253],[0.497,51.258],[0.56,51.231],[0.589,51.245],[0.606,51.221],[0.637,51.222],[0.643,51.244],[0.66,51.243],[0.655,51.224],[0.669,51.215],[0.711,51.224],[0.742,51.208],[0.782,51.239],[0.822,51.224],[0.973,51.269]]]}},{"type":"Feature","properties":{"code":"E14001571","name":"Wellingborough and Rushden","centroidLat":52.30802,"centroidLong":-0.64116},"geometry":{"type":"Polygon","coordinates":[[[-0.632,52.362],[-0.623,52.342],[-0.635,52.333],[-0.514,52.315],[-0.542,52.29],[-0.54,52.257],[-0.566,52.253],[-0.603,52.279],[-0.654,52.268],[-0.761,52.306],[-0.699,52.32],[-0.681,52.328],[-0.682,52.35],[-0.632,52.362]]]}},{"type":"Feature","properties":{"code":"E14001572","name":"Wells and Mendip Hills","centroidLat":51.26206,"centroidLong":-2.75908},"geometry":{"type":"Polygon","coordinates":[[[-2.732,51.35],[-2.627,51.283],[-2.558,51.303],[-2.497,51.291],[-2.56,51.239],[-2.546,51.226],[-2.555,51.211],[-2.524,51.203],[-2.52,51.174],[-2.593,51.142],[-2.615,51.162],[-2.717,51.17],[-2.729,51.155],[-2.745,51.16],[-2.752,51.108],[-2.772,51.097],[-2.915,51.119],[-2.94,51.147],[-2.906,51.142],[-2.896,51.183],[-2.978,51.188],[-2.972,51.218],[-2.956,51.22],[-2.983,51.235],[-2.993,51.277],[-2.962,51.305],[-2.91,51.294],[-2.915,51.319],[-2.894,51.331],[-2.909,51.35],[-2.878,51.379],[-2.913,51.396],[-2.888,51.414],[-2.808,51.42],[-2.779,51.403],[-2.795,51.382],[-2.76,51.379],[-2.783,51.362],[-2.771,51.344],[-2.747,51.337],[-2.732,51.35]]]}},{"type":"Feature","properties":{"code":"E14001573","name":"Welwyn Hatfield","centroidLat":51.77747,"centroidLong":-0.20752},"geometry":{"type":"Polygon","coordinates":[[[-0.168,51.831],[-0.184,51.815],[-0.148,51.799],[-0.167,51.793],[-0.141,51.774],[-0.138,51.737],[-0.155,51.737],[-0.148,51.728],[-0.172,51.703],[-0.239,51.706],[-0.255,51.73],[-0.246,51.752],[-0.277,51.778],[-0.278,51.798],[-0.243,51.812],[-0.273,51.84],[-0.225,51.833],[-0.224,51.847],[-0.199,51.844],[-0.207,51.854],[-0.184,51.86],[-0.167,51.85],[-0.179,51.841],[-0.168,51.831]]]}},{"type":"Feature","properties":{"code":"S14000111","name":"West Aberdeenshire and Kincardine","centroidLat":57.02114,"centroidLong":-2.94731},"geometry":{"type":"Polygon","coordinates":[[[-2.273,57.235],[-2.28,57.201],[-2.295,57.198],[-2.254,57.158],[-2.277,57.129],[-2.351,57.136],[-2.361,57.109],[-2.28,57.099],[-2.317,57.08],[-2.308,57.076],[-2.126,57.118],[-2.119,57.09],[-2.085,57.086],[-2.161,57.018],[-2.177,56.98],[-2.209,56.968],[-2.191,56.951],[-2.197,56.909],[-2.233,56.863],[-2.275,56.846],[-2.326,56.796],[-2.436,56.751],[-2.463,56.748],[-2.53,56.785],[-2.616,56.783],[-2.671,56.842],[-2.661,56.886],[-2.681,56.888],[-2.687,56.915],[-2.765,56.96],[-2.825,56.962],[-2.833,56.977],[-2.892,56.987],[-2.954,56.967],[-3.026,56.973],[-3.083,56.958],[-3.121,56.888],[-3.284,56.929],[-3.285,56.907],[-3.37,56.875],[-3.43,56.887],[-3.466,56.873],[-3.538,56.892],[-3.561,56.884],[-3.583,56.931],[-3.675,56.932],[-3.684,56.916],[-3.71,56.914],[-3.741,56.934],[-3.784,56.923],[-3.802,56.936],[-3.748,56.993],[-3.757,57.038],[-3.732,57.057],[-3.753,57.062],[-3.75,57.076],[-3.684,57.095],[-3.657,57.069],[-3.646,57.088],[-3.558,57.096],[-3.553,57.083],[-3.336,57.111],[-3.322,57.131],[-3.349,57.148],[-3.354,57.178],[-3.243,57.202],[-3.249,57.213],[-3.219,57.25],[-3.143,57.278],[-3.044,57.279],[-3.019,57.262],[-2.984,57.278],[-2.912,57.225],[-2.843,57.235],[-2.819,57.23],[-2.817,57.214],[-2.757,57.207],[-2.737,57.211],[-2.744,57.231],[-2.729,57.243],[-2.651,57.246],[-2.64,57.237],[-2.65,57.226],[-2.634,57.222],[-2.591,57.231],[-2.602,57.248],[-2.592,57.269],[-2.51,57.3],[-2.507,57.245],[-2.454,57.234],[-2.443,57.265],[-2.397,57.268],[-2.41,57.221],[-2.434,57.211],[-2.419,57.201],[-2.351,57.197],[-2.321,57.207],[-2.302,57.233],[-2.273,57.235]]]}},{"type":"Feature","properties":{"code":"E14001574","name":"West Bromwich","centroidLat":52.51972,"centroidLong":-1.99389},"geometry":{"type":"Polygon","coordinates":[[[-1.975,52.559],[-1.918,52.547],[-1.933,52.546],[-1.929,52.531],[-1.96,52.531],[-1.96,52.51],[-2.032,52.497],[-2.041,52.482],[-2.045,52.484],[-2.062,52.478],[-2.076,52.477],[-2.054,52.521],[-1.993,52.524],[-1.975,52.559]]]}},{"type":"Feature","properties":{"code":"E14001575","name":"West Dorset","centroidLat":50.80161,"centroidLong":-2.59891},"geometry":{"type":"Polygon","coordinates":[[[-2.415,50.961],[-2.447,50.93],[-2.409,50.922],[-2.399,50.901],[-2.435,50.867],[-2.396,50.862],[-2.399,50.837],[-2.314,50.849],[-2.291,50.823],[-2.317,50.799],[-2.294,50.774],[-2.306,50.763],[-2.368,50.786],[-2.369,50.764],[-2.423,50.75],[-2.386,50.743],[-2.38,50.71],[-2.327,50.718],[-2.34,50.723],[-2.319,50.738],[-2.304,50.73],[-2.309,50.706],[-2.354,50.701],[-2.374,50.669],[-2.433,50.646],[-2.467,50.652],[-2.464,50.672],[-2.495,50.679],[-2.502,50.65],[-2.525,50.646],[-2.513,50.61],[-2.612,50.654],[-2.544,50.621],[-2.517,50.604],[-2.762,50.711],[-2.897,50.733],[-2.953,50.725],[-2.935,50.754],[-2.954,50.768],[-2.887,50.795],[-2.961,50.816],[-2.942,50.836],[-2.829,50.849],[-2.811,50.863],[-2.792,50.853],[-2.715,50.864],[-2.661,50.887],[-2.618,50.881],[-2.61,50.892],[-2.624,50.908],[-2.604,50.927],[-2.616,50.941],[-2.595,50.962],[-2.603,50.976],[-2.556,50.98],[-2.547,51.0],[-2.502,50.994],[-2.459,50.95],[-2.447,50.968],[-2.415,50.961]]]}},{"type":"Feature","properties":{"code":"S14000106","name":"West Dunbartonshire","centroidLat":56.00009,"centroidLong":-4.51758},"geometry":{"type":"Polygon","coordinates":[[[-4.401,55.968],[-4.376,55.89],[-4.483,55.93],[-4.541,55.933],[-4.556,55.94],[-4.563,55.935],[-4.564,55.943],[-4.578,55.953],[-4.574,55.956],[-4.573,55.959],[-4.577,55.963],[-4.571,55.965],[-4.571,55.967],[-4.578,55.964],[-4.574,55.957],[-4.58,55.952],[-4.565,55.939],[-4.61,55.947],[-4.602,55.958],[-4.625,55.972],[-4.618,55.989],[-4.66,56.003],[-4.602,56.02],[-4.622,56.045],[-4.598,56.084],[-4.475,56.061],[-4.499,56.048],[-4.482,56.012],[-4.401,55.968]],[[-4.542,55.933],[-4.542,55.934],[-4.542,55.933],[-4.542,55.933]],[[-4.541,55.933],[-4.542,55.934],[-4.542,55.934],[-4.541,55.933]],[[-4.575,55.957],[-4.575,55.957],[-4.575,55.957],[-4.575,55.957]],[[-4.576,55.957],[-4.576,55.957],[-4.575,55.957],[-4.576,55.957]],[[-4.575,55.957],[-4.577,55.957],[-4.575,55.957],[-4.575,55.957]],[[-4.578,55.955],[-4.577,55.956],[-4.578,55.956],[-4.578,55.955]],[[-4.577,55.955],[-4.577,55.956],[-4.577,55.956],[-4.577,55.955]]]}},{"type":"Feature","properties":{"code":"E14001576","name":"West Ham and Beckton","centroidLat":51.51929,"centroidLong":0.067814},"geometry":{"type":"Polygon","coordinates":[[[0.009,51.541],[0.041,51.52],[0.08,51.528],[0.097,51.515],[0.024,51.499],[-0.009,51.52],[0.009,51.541]]]}},{"type":"Feature","properties":{"code":"E14001577","name":"West Lancashire","centroidLat":53.56615,"centroidLong":-2.87649},"geometry":{"type":"Polygon","coordinates":[[[-2.808,53.628],[-2.791,53.615],[-2.692,53.625],[-2.693,53.589],[-2.719,53.576],[-2.704,53.563],[-2.72,53.526],[-2.76,53.513],[-2.782,53.531],[-2.817,53.512],[-2.826,53.483],[-2.948,53.544],[-2.978,53.546],[-2.963,53.524],[-2.976,53.515],[-3.047,53.543],[-3.041,53.565],[-3.023,53.57],[-3.032,53.598],[-2.994,53.628],[-2.899,53.65],[-2.848,53.625],[-2.808,53.628]]]}},{"type":"Feature","properties":{"code":"E14001578","name":"West Suffolk","centroidLat":52.25724,"centroidLong":0.559576},"geometry":{"type":"Polygon","coordinates":[[[0.712,52.395],[0.675,52.357],[0.738,52.348],[0.725,52.296],[0.681,52.288],[0.665,52.257],[0.685,52.257],[0.674,52.249],[0.705,52.222],[0.732,52.228],[0.776,52.211],[0.771,52.188],[0.694,52.18],[0.692,52.158],[0.645,52.16],[0.627,52.129],[0.653,52.083],[0.502,52.054],[0.467,52.078],[0.403,52.066],[0.382,52.103],[0.417,52.133],[0.417,52.159],[0.452,52.173],[0.491,52.165],[0.514,52.227],[0.427,52.254],[0.421,52.24],[0.371,52.227],[0.343,52.242],[0.361,52.249],[0.34,52.268],[0.359,52.298],[0.424,52.256],[0.505,52.285],[0.458,52.316],[0.431,52.316],[0.424,52.329],[0.443,52.349],[0.408,52.362],[0.375,52.41],[0.445,52.447],[0.616,52.449],[0.666,52.463],[0.719,52.45],[0.669,52.409],[0.712,52.395]]]}},{"type":"Feature","properties":{"code":"N05000018","name":"West Tyrone","centroidLat":54.68977,"centroidLong":-7.45482},"geometry":{"type":"Polygon","coordinates":[[[-6.912,54.82],[-6.922,54.803],[-6.903,54.783],[-6.94,54.774],[-6.941,54.752],[-7.007,54.731],[-7.011,54.718],[-6.994,54.706],[-7.003,54.672],[-6.969,54.664],[-6.972,54.653],[-6.878,54.649],[-6.878,54.624],[-6.806,54.625],[-6.809,54.602],[-6.84,54.596],[-6.829,54.58],[-6.878,54.564],[-6.988,54.582],[-6.97,54.571],[-6.986,54.556],[-6.975,54.544],[-7.031,54.525],[-7.039,54.506],[-7.099,54.5],[-7.121,54.475],[-7.203,54.478],[-7.199,54.466],[-7.253,54.451],[-7.273,54.46],[-7.295,54.444],[-7.427,54.443],[-7.509,54.406],[-7.555,54.433],[-7.583,54.475],[-7.56,54.542],[-7.529,54.555],[-7.54,54.566],[-7.67,54.584],[-7.676,54.603],[-7.703,54.608],[-7.693,54.619],[-7.708,54.635],[-7.742,54.618],[-7.813,54.644],[-7.851,54.631],[-7.857,54.65],[-7.904,54.663],[-7.914,54.676],[-7.899,54.691],[-7.921,54.696],[-7.879,54.703],[-7.837,54.736],[-7.75,54.704],[-7.637,54.752],[-7.543,54.743],[-7.549,54.789],[-7.484,54.824],[-7.443,54.871],[-7.447,54.935],[-7.282,54.978],[-7.205,54.976],[-7.25,54.946],[-7.273,54.894],[-7.2,54.888],[-7.206,54.867],[-7.188,54.857],[-7.204,54.854],[-7.191,54.846],[-7.153,54.858],[-7.157,54.848],[-7.102,54.813],[-6.987,54.833],[-6.912,54.82]]]}},{"type":"Feature","properties":{"code":"E14001579","name":"West Worcestershire","centroidLat":52.14808,"centroidLong":-2.28707},"geometry":{"type":"Polygon","coordinates":[[[-2.415,52.368],[-2.434,52.323],[-2.334,52.319],[-2.311,52.341],[-2.299,52.322],[-2.266,52.324],[-2.275,52.271],[-2.231,52.249],[-2.235,52.211],[-2.263,52.185],[-2.167,52.146],[-2.196,52.125],[-2.181,52.113],[-2.062,52.129],[-2.071,52.102],[-2.035,52.097],[-2.042,52.07],[-2.017,52.092],[-1.99,52.07],[-1.938,52.07],[-1.929,52.064],[-1.941,52.052],[-1.913,52.044],[-1.932,52.03],[-1.984,52.036],[-2.038,52.005],[-2.112,52.015],[-2.139,51.999],[-2.151,52.007],[-2.14,52.027],[-2.116,52.038],[-2.163,52.05],[-2.188,52.019],[-2.165,51.996],[-2.221,51.995],[-2.251,51.967],[-2.327,51.976],[-2.326,52.006],[-2.353,52.014],[-2.338,52.09],[-2.352,52.103],[-2.351,52.145],[-2.379,52.155],[-2.415,52.145],[-2.435,52.168],[-2.393,52.209],[-2.404,52.221],[-2.384,52.225],[-2.475,52.241],[-2.428,52.271],[-2.476,52.286],[-2.503,52.277],[-2.496,52.257],[-2.629,52.24],[-2.628,52.261],[-2.598,52.282],[-2.663,52.304],[-2.563,52.311],[-2.562,52.333],[-2.539,52.344],[-2.482,52.331],[-2.488,52.355],[-2.475,52.367],[-2.415,52.368]]]}},{"type":"Feature","properties":{"code":"E14001580","name":"Westmorland and Lonsdale","centroidLat":54.4406,"centroidLong":-2.71306},"geometry":{"type":"Polygon","coordinates":[[[-2.419,54.707],[-2.293,54.664],[-2.288,54.65],[-2.325,54.632],[-2.305,54.596],[-2.209,54.552],[-2.198,54.533],[-2.172,54.532],[-2.162,54.504],[-2.17,54.458],[-2.293,54.439],[-2.308,54.42],[-2.297,54.377],[-2.364,54.355],[-2.382,54.371],[-2.514,54.368],[-2.537,54.394],[-2.579,54.392],[-2.588,54.359],[-2.568,54.325],[-2.585,54.274],[-2.696,54.271],[-2.701,54.3],[-2.715,54.303],[-2.756,54.281],[-2.766,54.257],[-2.739,54.245],[-2.74,54.233],[-2.799,54.232],[-2.797,54.241],[-2.8,54.246],[-2.814,54.248],[-2.802,54.249],[-2.8,54.251],[-2.798,54.253],[-2.794,54.252],[-2.812,54.261],[-2.808,54.251],[-2.815,54.249],[-2.814,54.244],[-2.799,54.242],[-2.813,54.217],[-2.887,54.199],[-2.926,54.15],[-3.001,54.156],[-3.002,54.167],[-2.997,54.173],[-2.995,54.173],[-2.995,54.172],[-2.994,54.171],[-2.993,54.17],[-2.995,54.172],[-2.993,54.172],[-2.993,54.173],[-2.993,54.175],[-2.994,54.172],[-2.999,54.174],[-2.997,54.173],[-3.001,54.172],[-3.006,54.172],[-3.039,54.197],[-3.023,54.192],[-3.035,54.196],[-3.015,54.207],[-3.049,54.233],[-3.014,54.24],[-3.032,54.239],[-3.025,54.256],[-3.05,54.234],[-3.089,54.277],[-3.117,54.268],[-3.104,54.262],[-3.111,54.251],[-3.135,54.249],[-3.143,54.278],[-3.122,54.304],[-3.149,54.352],[-3.124,54.377],[-3.114,54.421],[-3.157,54.43],[-3.167,54.454],[-3.136,54.471],[-3.113,54.461],[-3.088,54.484],[-3.011,54.507],[-3.026,54.53],[-3.018,54.575],[-3.037,54.581],[-3.007,54.595],[-3.092,54.617],[-3.091,54.659],[-3.055,54.68],[-3.087,54.686],[-3.082,54.695],[-2.996,54.695],[-2.984,54.728],[-2.916,54.697],[-2.877,54.706],[-2.755,54.646],[-2.642,54.673],[-2.59,54.649],[-2.419,54.707]],[[-2.797,54.235],[-2.797,54.236],[-2.797,54.236],[-2.797,54.235]],[[-2.864,54.206],[-2.87,54.204],[-2.87,54.204],[-2.864,54.206]],[[-2.996,54.155],[-2.996,54.155],[-2.996,54.155],[-2.996,54.155]],[[-2.996,54.155],[-2.996,54.156],[-2.997,54.156],[-2.996,54.155]],[[-2.999,54.168],[-2.999,54.168],[-3.0,54.168],[-2.999,54.168]],[[-2.998,54.167],[-3.0,54.167],[-2.998,54.165],[-2.998,54.167]],[[-2.998,54.167],[-2.998,54.167],[-2.998,54.167],[-2.998,54.167]],[[-2.996,54.165],[-2.997,54.167],[-2.998,54.167],[-2.996,54.165]],[[-2.996,54.174],[-2.996,54.174],[-2.996,54.174],[-2.996,54.174]],[[-2.995,54.175],[-2.996,54.174],[-2.996,54.174],[-2.995,54.175]],[[-2.995,54.175],[-2.995,54.175],[-2.995,54.175],[-2.995,54.175]],[[-2.995,54.175],[-2.996,54.176],[-2.996,54.176],[-2.996,54.175],[-2.995,54.175]],[[-2.996,54.174],[-2.996,54.174],[-2.996,54.174],[-2.996,54.174]],[[-2.998,54.175],[-2.999,54.175],[-2.996,54.174],[-2.998,54.175]],[[-3.002,54.173],[-3.002,54.173],[-3.002,54.173],[-3.002,54.173]],[[-3.002,54.173],[-3.002,54.174],[-3.003,54.176],[-3.002,54.173]],[[-3.009,54.18],[-3.009,54.18],[-3.009,54.18],[-3.009,54.18]],[[-3.008,54.18],[-3.009,54.18],[-3.009,54.18],[-3.008,54.18]],[[-3.007,54.18],[-3.007,54.18],[-3.008,54.18],[-3.007,54.18]],[[-3.007,54.18],[-3.007,54.18],[-3.007,54.18],[-3.007,54.18]],[[-3.007,54.18],[-3.008,54.18],[-3.007,54.18],[-3.007,54.18]],[[-3.01,54.182],[-3.009,54.182],[-3.01,54.182],[-3.01,54.182]],[[-3.021,54.189],[-3.021,54.189],[-3.021,54.189],[-3.021,54.189]],[[-3.021,54.189],[-3.021,54.189],[-3.021,54.189],[-3.021,54.189]],[[-3.021,54.189],[-3.021,54.189],[-3.021,54.189],[-3.021,54.189]],[[-3.021,54.189],[-3.021,54.189],[-3.021,54.189],[-3.021,54.189]],[[-3.021,54.19],[-3.021,54.189],[-3.021,54.189],[-3.021,54.19]],[[-3.021,54.19],[-3.02,54.19],[-3.021,54.19],[-3.021,54.19]],[[-3.024,54.19],[-3.025,54.189],[-3.025,54.189],[-3.024,54.19]],[[-3.028,54.192],[-3.028,54.192],[-3.028,54.192],[-3.028,54.192]],[[-3.028,54.191],[-3.027,54.192],[-3.028,54.192],[-3.028,54.191]],[[-3.019,54.2],[-3.019,54.2],[-3.019,54.2],[-3.019,54.2]],[[-3.017,54.201],[-3.016,54.201],[-3.019,54.2],[-3.017,54.201]],[[-3.024,54.256],[-3.023,54.256],[-3.024,54.256],[-3.024,54.256]],[[-3.018,54.259],[-3.021,54.257],[-3.019,54.259],[-3.016,54.26],[-3.013,54.262],[-3.018,54.259]],[[-3.013,54.262],[-3.012,54.264],[-3.013,54.262],[-3.013,54.262]],[[-3.01,54.265],[-3.008,54.269],[-3.012,54.264],[-3.01,54.265]],[[-2.989,54.179],[-2.996,54.178],[-2.994,54.178],[-2.989,54.179]],[[-2.996,54.179],[-2.996,54.179],[-2.996,54.179],[-2.996,54.179]],[[-2.996,54.179],[-2.997,54.179],[-2.996,54.179],[-2.996,54.179]],[[-3.04,54.228],[-3.039,54.228],[-3.039,54.229],[-3.04,54.228]]]}},{"type":"Feature","properties":{"code":"E14001581","name":"Weston-super-Mare","centroidLat":51.34769,"centroidLong":-2.93635},"geometry":{"type":"Polygon","coordinates":[[[-2.981,51.388],[-2.878,51.379],[-2.909,51.35],[-2.894,51.331],[-2.915,51.319],[-2.91,51.294],[-2.993,51.301],[-2.983,51.349],[-2.995,51.357],[-2.962,51.375],[-2.981,51.388]]]}},{"type":"Feature","properties":{"code":"E14001582","name":"Wetherby and Easingwold","centroidLat":53.98019,"centroidLong":-1.2888},"geometry":{"type":"Polygon","coordinates":[[[-1.039,54.076],[-1.141,54.03],[-1.149,54.003],[-1.137,53.991],[-1.189,54.002],[-1.182,53.985],[-1.222,53.979],[-1.199,53.925],[-1.105,53.876],[-1.139,53.84],[-1.144,53.85],[-1.166,53.847],[-1.173,53.856],[-1.184,53.85],[-1.192,53.854],[-1.2,53.855],[-1.206,53.855],[-1.192,53.828],[-1.162,53.815],[-1.172,53.802],[-1.221,53.803],[-1.241,53.818],[-1.258,53.804],[-1.303,53.817],[-1.401,53.8],[-1.4,53.82],[-1.5,53.848],[-1.497,53.866],[-1.561,53.888],[-1.549,53.909],[-1.565,53.927],[-1.544,53.955],[-1.511,53.958],[-1.488,53.992],[-1.442,53.998],[-1.421,53.981],[-1.389,54.0],[-1.346,54.0],[-1.351,54.031],[-1.383,54.037],[-1.39,54.06],[-1.473,54.084],[-1.524,54.075],[-1.53,54.094],[-1.487,54.104],[-1.495,54.116],[-1.449,54.131],[-1.45,54.146],[-1.405,54.134],[-1.367,54.168],[-1.344,54.151],[-1.263,54.149],[-1.266,54.181],[-1.311,54.197],[-1.245,54.23],[-1.197,54.241],[-1.189,54.2],[-1.099,54.185],[-1.081,54.172],[-1.089,54.163],[-1.013,54.135],[-1.016,54.108],[-1.044,54.107],[-1.06,54.085],[-1.039,54.076]]]}},{"type":"Feature","properties":{"code":"E14001583","name":"Whitehaven and Workington","centroidLat":54.47802,"centroidLong":-3.41725},"geometry":{"type":"Polygon","coordinates":[[[-3.196,54.469],[-3.285,54.434],[-3.319,54.412],[-3.316,54.399],[-3.412,54.358],[-3.43,54.356],[-3.434,54.357],[-3.438,54.361],[-3.436,54.365],[-3.442,54.369],[-3.432,54.373],[-3.431,54.377],[-3.443,54.372],[-3.443,54.369],[-3.439,54.364],[-3.44,54.357],[-3.418,54.353],[-3.432,54.342],[-3.639,54.516],[-3.607,54.531],[-3.58,54.572],[-3.566,54.612],[-3.58,54.652],[-3.562,54.646],[-3.544,54.647],[-3.572,54.651],[-3.505,54.706],[-3.457,54.657],[-3.348,54.643],[-3.383,54.638],[-3.391,54.627],[-3.376,54.62],[-3.423,54.594],[-3.378,54.576],[-3.355,54.535],[-3.214,54.497],[-3.219,54.482],[-3.196,54.469]],[[-3.431,54.357],[-3.431,54.356],[-3.431,54.356],[-3.431,54.357]],[[-3.431,54.357],[-3.431,54.357],[-3.431,54.357],[-3.431,54.357]],[[-3.432,54.357],[-3.432,54.357],[-3.431,54.357],[-3.432,54.357]],[[-3.432,54.357],[-3.432,54.357],[-3.432,54.357],[-3.432,54.357]],[[-3.435,54.364],[-3.435,54.364],[-3.435,54.364],[-3.435,54.364]],[[-3.435,54.364],[-3.435,54.364],[-3.435,54.364],[-3.435,54.364]]]}},{"type":"Feature","properties":{"code":"E14001584","name":"Widnes and Halewood","centroidLat":53.36995,"centroidLong":-2.77468},"geometry":{"type":"Polygon","coordinates":[[[-2.691,53.385],[-2.693,53.362],[-2.734,53.348],[-2.764,53.355],[-2.795,53.322],[-2.831,53.335],[-2.819,53.348],[-2.84,53.347],[-2.856,53.379],[-2.822,53.381],[-2.837,53.4],[-2.806,53.399],[-2.817,53.405],[-2.813,53.417],[-2.691,53.385]]]}},{"type":"Feature","properties":{"code":"E14001585","name":"Wigan","centroidLat":53.56879,"centroidLong":-2.63907},"geometry":{"type":"Polygon","coordinates":[[[-2.635,53.608],[-2.578,53.581],[-2.561,53.553],[-2.612,53.53],[-2.648,53.541],[-2.684,53.531],[-2.719,53.576],[-2.689,53.604],[-2.635,53.608]]]}},{"type":"Feature","properties":{"code":"E14001586","name":"Wimbledon","centroidLat":51.41001,"centroidLong":-0.2158},"geometry":{"type":"Polygon","coordinates":[[[-0.179,51.424],[-0.198,51.395],[-0.229,51.407],[-0.221,51.397],[-0.245,51.38],[-0.276,51.397],[-0.247,51.399],[-0.254,51.429],[-0.231,51.438],[-0.19,51.441],[-0.179,51.424]]]}},{"type":"Feature","properties":{"code":"E14001587","name":"Winchester","centroidLat":51.06372,"centroidLong":-1.24477},"geometry":{"type":"Polygon","coordinates":[[[-1.309,51.196],[-1.19,51.184],[-1.186,51.164],[-1.214,51.152],[-1.178,51.134],[-1.095,51.14],[-1.094,51.108],[-1.072,51.107],[-1.107,51.079],[-1.082,51.046],[-1.054,51.047],[-1.075,51.033],[-1.062,51.02],[-1.069,50.994],[-1.036,50.951],[-1.037,50.932],[-1.154,50.897],[-1.177,50.905],[-1.169,50.922],[-1.182,50.93],[-1.285,50.936],[-1.293,50.949],[-1.259,50.979],[-1.347,50.981],[-1.353,50.998],[-1.421,51.014],[-1.456,51.041],[-1.412,51.07],[-1.415,51.096],[-1.436,51.098],[-1.431,51.117],[-1.408,51.111],[-1.37,51.129],[-1.378,51.136],[-1.309,51.196]]]}},{"type":"Feature","properties":{"code":"E14001588","name":"Windsor","centroidLat":51.44173,"centroidLong":-0.59372},"geometry":{"type":"Polygon","coordinates":[[[-0.642,51.501],[-0.49,51.495],[-0.541,51.458],[-0.523,51.435],[-0.558,51.439],[-0.56,51.414],[-0.54,51.422],[-0.549,51.399],[-0.668,51.385],[-0.697,51.411],[-0.676,51.432],[-0.631,51.414],[-0.631,51.442],[-0.662,51.444],[-0.663,51.485],[-0.634,51.492],[-0.642,51.501]]]}},{"type":"Feature","properties":{"code":"E14001589","name":"Wirral West","centroidLat":53.34413,"centroidLong":-3.09209},"geometry":{"type":"Polygon","coordinates":[[[-3.138,53.404],[-3.125,53.386],[-3.086,53.386],[-3.04,53.345],[-2.999,53.35],[-2.98,53.305],[-3.026,53.298],[-3.074,53.316],[-3.113,53.295],[-3.137,53.297],[-3.14,53.307],[-3.132,53.307],[-3.131,53.304],[-3.135,53.302],[-3.133,53.3],[-3.13,53.304],[-3.13,53.3],[-3.128,53.301],[-3.127,53.3],[-3.126,53.3],[-3.124,53.3],[-3.127,53.3],[-3.128,53.301],[-3.129,53.301],[-3.131,53.307],[-3.128,53.302],[-3.128,53.302],[-3.126,53.301],[-3.128,53.302],[-3.129,53.306],[-3.125,53.304],[-3.126,53.303],[-3.125,53.302],[-3.124,53.303],[-3.116,53.303],[-3.115,53.305],[-3.114,53.305],[-3.114,53.304],[-3.112,53.304],[-3.111,53.303],[-3.109,53.302],[-3.113,53.305],[-3.109,53.305],[-3.127,53.306],[-3.128,53.309],[-3.113,53.309],[-3.136,53.316],[-3.132,53.318],[-3.136,53.317],[-3.136,53.318],[-3.135,53.329],[-3.124,53.324],[-3.123,53.324],[-3.122,53.323],[-3.122,53.321],[-3.123,53.324],[-3.118,53.322],[-3.104,53.311],[-3.116,53.321],[-3.148,53.342],[-3.162,53.348],[-3.177,53.361],[-3.186,53.364],[-3.204,53.382],[-3.138,53.404]],[[-3.112,53.297],[-3.112,53.297],[-3.113,53.297],[-3.112,53.297]],[[-3.112,53.296],[-3.112,53.297],[-3.112,53.297],[-3.112,53.296]],[[-3.111,53.297],[-3.112,53.297],[-3.112,53.297],[-3.111,53.297]],[[-3.111,53.297],[-3.111,53.298],[-3.11,53.299],[-3.111,53.298],[-3.111,53.297]],[[-3.114,53.297],[-3.114,53.297],[-3.114,53.297],[-3.114,53.297]],[[-3.114,53.298],[-3.112,53.298],[-3.113,53.299],[-3.114,53.298]],[[-3.112,53.298],[-3.111,53.299],[-3.112,53.298],[-3.112,53.298]],[[-3.111,53.299],[-3.111,53.299],[-3.111,53.299],[-3.111,53.299]],[[-3.116,53.297],[-3.116,53.297],[-3.116,53.297],[-3.116,53.297]],[[-3.116,53.298],[-3.116,53.297],[-3.116,53.297],[-3.116,53.298]],[[-3.115,53.3],[-3.115,53.3],[-3.115,53.3],[-3.115,53.3]],[[-3.118,53.301],[-3.118,53.301],[-3.118,53.3],[-3.118,53.301]],[[-3.124,53.297],[-3.124,53.297],[-3.124,53.297],[-3.124,53.297]],[[-3.125,53.298],[-3.125,53.298],[-3.124,53.297],[-3.125,53.298]],[[-3.124,53.299],[-3.125,53.298],[-3.125,53.298],[-3.124,53.299]],[[-3.124,53.299],[-3.123,53.299],[-3.124,53.299],[-3.124,53.299]],[[-3.133,53.304],[-3.133,53.304],[-3.133,53.304],[-3.133,53.304]],[[-3.134,53.304],[-3.134,53.304],[-3.133,53.304],[-3.134,53.304]],[[-3.129,53.3],[-3.129,53.3],[-3.13,53.3],[-3.129,53.3]],[[-3.129,53.3],[-3.128,53.299],[-3.129,53.3],[-3.129,53.3]],[[-3.127,53.302],[-3.127,53.301],[-3.127,53.301],[-3.127,53.302]],[[-3.127,53.301],[-3.126,53.301],[-3.127,53.301],[-3.127,53.301]],[[-3.127,53.303],[-3.128,53.303],[-3.128,53.303],[-3.127,53.303]],[[-3.128,53.305],[-3.128,53.305],[-3.128,53.305],[-3.128,53.305]],[[-3.128,53.305],[-3.128,53.305],[-3.128,53.305],[-3.128,53.305]],[[-3.128,53.305],[-3.128,53.304],[-3.128,53.305],[-3.128,53.305]],[[-3.124,53.303],[-3.124,53.303],[-3.124,53.303],[-3.124,53.303]],[[-3.123,53.303],[-3.122,53.302],[-3.122,53.302],[-3.121,53.302],[-3.123,53.303]],[[-3.121,53.302],[-3.12,53.302],[-3.122,53.302],[-3.121,53.302]],[[-3.109,53.302],[-3.109,53.302],[-3.109,53.302],[-3.109,53.302]],[[-3.107,53.302],[-3.108,53.302],[-3.109,53.302],[-3.107,53.302]],[[-3.124,53.308],[-3.124,53.308],[-3.124,53.308],[-3.124,53.308]],[[-3.122,53.308],[-3.124,53.308],[-3.124,53.308],[-3.122,53.308]],[[-3.12,53.313],[-3.12,53.313],[-3.12,53.313],[-3.12,53.313]],[[-3.12,53.313],[-3.119,53.314],[-3.12,53.314],[-3.12,53.313]],[[-3.119,53.314],[-3.119,53.314],[-3.119,53.314],[-3.119,53.314]],[[-3.117,53.314],[-3.119,53.314],[-3.119,53.314],[-3.117,53.314]],[[-3.128,53.315],[-3.127,53.315],[-3.128,53.315],[-3.128,53.315]],[[-3.129,53.315],[-3.129,53.315],[-3.129,53.315],[-3.129,53.315]],[[-3.126,53.316],[-3.128,53.316],[-3.129,53.315],[-3.126,53.316]],[[-3.128,53.316],[-3.128,53.316],[-3.128,53.316],[-3.128,53.316]],[[-3.126,53.317],[-3.123,53.317],[-3.128,53.316],[-3.126,53.317]],[[-3.128,53.316],[-3.128,53.316],[-3.128,53.316],[-3.128,53.316]],[[-3.125,53.317],[-3.127,53.317],[-3.128,53.316],[-3.125,53.317]],[[-3.13,53.318],[-3.13,53.318],[-3.13,53.318],[-3.13,53.318]],[[-3.13,53.318],[-3.13,53.319],[-3.13,53.318],[-3.13,53.318]],[[-3.13,53.318],[-3.128,53.319],[-3.13,53.318],[-3.13,53.318]],[[-3.135,53.318],[-3.136,53.318],[-3.136,53.317],[-3.135,53.318]],[[-3.132,53.319],[-3.134,53.319],[-3.135,53.318],[-3.132,53.319]],[[-3.123,53.324],[-3.123,53.324],[-3.123,53.324],[-3.123,53.324]],[[-3.123,53.324],[-3.123,53.323],[-3.123,53.324],[-3.123,53.324]],[[-3.123,53.321],[-3.123,53.323],[-3.123,53.323],[-3.123,53.321]],[[-3.121,53.323],[-3.121,53.323],[-3.121,53.323],[-3.121,53.323]],[[-3.121,53.322],[-3.119,53.322],[-3.121,53.323],[-3.121,53.322]],[[-3.11,53.304],[-3.112,53.304],[-3.11,53.304],[-3.11,53.304]],[[-3.123,53.314],[-3.12,53.315],[-3.122,53.315],[-3.123,53.314]]]}},{"type":"Feature","properties":{"code":"E14001590","name":"Witham","centroidLat":51.8416,"centroidLong":0.719323},"geometry":{"type":"Polygon","coordinates":[[[0.696,51.751],[0.649,51.745],[0.646,51.724],[0.685,51.706],[0.626,51.697],[0.602,51.709],[0.611,51.723],[0.59,51.73],[0.593,51.755],[0.572,51.752],[0.523,51.822],[0.575,51.849],[0.566,51.865],[0.584,51.871],[0.601,51.922],[0.667,51.909],[0.659,51.918],[0.68,51.927],[0.66,51.938],[0.675,51.951],[0.664,51.956],[0.687,51.989],[0.726,51.955],[0.75,51.955],[0.729,51.908],[0.7,51.903],[0.716,51.871],[0.741,51.871],[0.754,51.89],[0.757,51.88],[0.845,51.897],[0.856,51.864],[0.889,51.846],[0.861,51.818],[0.89,51.798],[0.893,51.774],[0.867,51.79],[0.872,51.783],[0.849,51.787],[0.841,51.783],[0.837,51.784],[0.84,51.785],[0.84,51.787],[0.838,51.788],[0.832,51.788],[0.833,51.79],[0.83,51.789],[0.828,51.788],[0.845,51.78],[0.877,51.779],[0.891,51.77],[0.885,51.764],[0.857,51.775],[0.844,51.772],[0.844,51.774],[0.842,51.773],[0.84,51.774],[0.837,51.774],[0.837,51.774],[0.856,51.768],[0.85,51.767],[0.847,51.769],[0.843,51.768],[0.84,51.77],[0.837,51.77],[0.834,51.769],[0.853,51.765],[0.851,51.757],[0.883,51.758],[0.852,51.742],[0.745,51.731],[0.696,51.751]],[[0.892,51.779],[0.892,51.779],[0.892,51.779],[0.892,51.779]],[[0.888,51.779],[0.887,51.78],[0.892,51.779],[0.888,51.779]],[[0.867,51.79],[0.867,51.79],[0.867,51.79],[0.867,51.79]],[[0.867,51.791],[0.868,51.79],[0.869,51.792],[0.867,51.791]],[[0.867,51.792],[0.868,51.792],[0.866,51.793],[0.867,51.792]],[[0.867,51.788],[0.867,51.788],[0.867,51.788],[0.867,51.788]],[[0.867,51.788],[0.867,51.788],[0.866,51.788],[0.867,51.788]],[[0.866,51.787],[0.866,51.787],[0.866,51.787],[0.866,51.787]],[[0.866,51.787],[0.866,51.787],[0.866,51.787],[0.866,51.787]],[[0.865,51.787],[0.866,51.787],[0.866,51.787],[0.865,51.787]],[[0.868,51.785],[0.869,51.785],[0.869,51.786],[0.868,51.785]],[[0.868,51.785],[0.868,51.785],[0.868,51.785],[0.868,51.785]],[[0.87,51.784],[0.87,51.784],[0.87,51.784],[0.87,51.784]],[[0.87,51.784],[0.87,51.784],[0.87,51.784],[0.87,51.784]],[[0.867,51.785],[0.867,51.785],[0.867,51.785],[0.867,51.785]],[[0.867,51.785],[0.868,51.785],[0.867,51.785],[0.867,51.785]],[[0.868,51.785],[0.867,51.785],[0.867,51.785],[0.868,51.785]],[[0.867,51.785],[0.867,51.785],[0.867,51.785],[0.867,51.785]],[[0.866,51.785],[0.866,51.785],[0.866,51.784],[0.866,51.785]],[[0.865,51.786],[0.865,51.786],[0.865,51.786],[0.865,51.786]],[[0.865,51.786],[0.864,51.787],[0.864,51.787],[0.865,51.786]],[[0.862,51.786],[0.862,51.786],[0.862,51.786],[0.862,51.786]],[[0.858,51.787],[0.858,51.787],[0.858,51.787],[0.858,51.787]],[[0.858,51.786],[0.858,51.787],[0.858,51.786],[0.858,51.786]],[[0.858,51.787],[0.858,51.787],[0.858,51.787],[0.858,51.787]],[[0.858,51.787],[0.858,51.787],[0.858,51.787],[0.858,51.787]],[[0.858,51.787],[0.858,51.787],[0.858,51.787],[0.858,51.787]],[[0.857,51.787],[0.857,51.787],[0.858,51.787],[0.857,51.787]],[[0.847,51.786],[0.847,51.786],[0.847,51.786],[0.847,51.786]],[[0.847,51.787],[0.847,51.786],[0.847,51.786],[0.847,51.787]],[[0.835,51.788],[0.835,51.788],[0.835,51.788],[0.835,51.788]],[[0.834,51.789],[0.834,51.788],[0.835,51.788],[0.834,51.789]],[[0.835,51.772],[0.835,51.771],[0.835,51.772],[0.835,51.772]],[[0.835,51.771],[0.835,51.771],[0.834,51.771],[0.835,51.771]],[[0.834,51.771],[0.834,51.771],[0.834,51.771],[0.834,51.771]],[[0.833,51.77],[0.833,51.77],[0.834,51.771],[0.833,51.77]],[[0.833,51.77],[0.833,51.77],[0.833,51.77],[0.833,51.77]],[[0.834,51.771],[0.833,51.771],[0.833,51.77],[0.834,51.771]],[[0.833,51.771],[0.833,51.771],[0.833,51.771],[0.833,51.771]],[[0.833,51.771],[0.833,51.77],[0.833,51.771],[0.833,51.771]],[[0.833,51.77],[0.833,51.77],[0.833,51.77],[0.833,51.77]],[[0.833,51.769],[0.832,51.77],[0.833,51.769],[0.833,51.769]],[[0.832,51.77],[0.832,51.77],[0.832,51.77],[0.832,51.77]],[[0.831,51.77],[0.831,51.77],[0.832,51.77],[0.831,51.77]],[[0.832,51.77],[0.832,51.77],[0.832,51.77],[0.832,51.77]],[[0.832,51.77],[0.832,51.769],[0.832,51.77],[0.832,51.77]],[[0.843,51.769],[0.843,51.769],[0.843,51.769],[0.843,51.769]],[[0.843,51.765],[0.842,51.765],[0.843,51.765],[0.843,51.765]],[[0.845,51.764],[0.845,51.764],[0.845,51.764],[0.845,51.764]],[[0.844,51.764],[0.845,51.764],[0.845,51.764],[0.844,51.764]],[[0.848,51.764],[0.847,51.763],[0.848,51.764],[0.848,51.764]],[[0.847,51.763],[0.847,51.763],[0.848,51.763],[0.847,51.763]],[[0.85,51.764],[0.85,51.764],[0.85,51.764],[0.85,51.764]],[[0.85,51.763],[0.849,51.763],[0.85,51.763],[0.85,51.763]],[[0.849,51.763],[0.849,51.763],[0.849,51.763],[0.849,51.763]],[[0.849,51.763],[0.849,51.763],[0.849,51.763],[0.849,51.763]],[[0.849,51.763],[0.848,51.763],[0.849,51.762],[0.849,51.763]],[[0.87,51.752],[0.87,51.752],[0.87,51.752],[0.87,51.752]],[[0.87,51.752],[0.87,51.752],[0.869,51.752],[0.869,51.751],[0.87,51.752]],[[0.854,51.744],[0.854,51.745],[0.854,51.745],[0.854,51.744]],[[0.853,51.745],[0.853,51.745],[0.853,51.745],[0.853,51.745]],[[0.852,51.745],[0.853,51.745],[0.852,51.745],[0.852,51.745]],[[0.851,51.746],[0.85,51.746],[0.85,51.746],[0.851,51.746]],[[0.852,51.745],[0.851,51.746],[0.852,51.746],[0.852,51.745]],[[0.793,51.74],[0.793,51.74],[0.793,51.74],[0.793,51.74]],[[0.793,51.74],[0.793,51.74],[0.794,51.739],[0.793,51.74]]]}},{"type":"Feature","properties":{"code":"E14001591","name":"Witney","centroidLat":51.7104,"centroidLong":-1.50511},"geometry":{"type":"Polygon","coordinates":[[[-1.476,51.838],[-1.453,51.811],[-1.475,51.769],[-1.431,51.748],[-1.406,51.774],[-1.367,51.773],[-1.371,51.735],[-1.32,51.715],[-1.331,51.695],[-1.355,51.696],[-1.353,51.673],[-1.369,51.663],[-1.352,51.656],[-1.421,51.636],[-1.444,51.643],[-1.479,51.617],[-1.497,51.622],[-1.463,51.645],[-1.479,51.655],[-1.529,51.667],[-1.56,51.656],[-1.573,51.636],[-1.556,51.617],[-1.596,51.607],[-1.569,51.543],[-1.603,51.518],[-1.648,51.572],[-1.691,51.584],[-1.691,51.605],[-1.66,51.635],[-1.692,51.652],[-1.696,51.682],[-1.648,51.684],[-1.688,51.712],[-1.687,51.74],[-1.719,51.783],[-1.678,51.813],[-1.687,51.865],[-1.658,51.897],[-1.628,51.899],[-1.614,51.884],[-1.57,51.903],[-1.535,51.845],[-1.476,51.838]]]}},{"type":"Feature","properties":{"code":"E14001592","name":"Woking","centroidLat":51.3084,"centroidLong":-0.57981},"geometry":{"type":"Polygon","coordinates":[[[-0.462,51.33],[-0.54,51.301],[-0.545,51.265],[-0.618,51.283],[-0.65,51.309],[-0.624,51.32],[-0.626,51.335],[-0.549,51.348],[-0.481,51.35],[-0.462,51.33]]]}},{"type":"Feature","properties":{"code":"E14001593","name":"Wokingham","centroidLat":51.3986,"centroidLong":-0.88962},"geometry":{"type":"Polygon","coordinates":[[[-0.843,51.545],[-0.854,51.526],[-0.817,51.507],[-0.834,51.464],[-0.8,51.441],[-0.789,51.372],[-0.842,51.352],[-0.988,51.36],[-0.989,51.389],[-0.946,51.389],[-0.865,51.46],[-0.889,51.464],[-0.898,51.486],[-0.87,51.504],[-0.9,51.537],[-0.89,51.557],[-0.843,51.545]]]}},{"type":"Feature","properties":{"code":"E14001594","name":"Wolverhampton North East","centroidLat":52.61135,"centroidLong":-2.078},"geometry":{"type":"Polygon","coordinates":[[[-2.03,52.617],[-2.015,52.596],[-2.117,52.585],[-2.14,52.626],[-2.114,52.638],[-2.081,52.612],[-2.03,52.617]]]}},{"type":"Feature","properties":{"code":"E14001595","name":"Wolverhampton South East","centroidLat":52.57086,"centroidLong":-2.06643},"geometry":{"type":"Polygon","coordinates":[[[-2.015,52.596],[-2.011,52.569],[-2.041,52.554],[-2.108,52.544],[-2.122,52.557],[-2.121,52.586],[-2.015,52.596]]]}},{"type":"Feature","properties":{"code":"E14001596","name":"Wolverhampton West","centroidLat":52.58855,"centroidLong":-2.15998},"geometry":{"type":"Polygon","coordinates":[[[-2.137,52.63],[-2.113,52.562],[-2.176,52.554],[-2.18,52.575],[-2.207,52.587],[-2.189,52.589],[-2.196,52.607],[-2.137,52.63]]]}},{"type":"Feature","properties":{"code":"E14001597","name":"Worcester","centroidLat":52.19477,"centroidLong":-2.20997},"geometry":{"type":"Polygon","coordinates":[[[-2.203,52.167],[-2.262,52.182],[-2.235,52.211],[-2.243,52.222],[-2.222,52.231],[-2.157,52.213],[-2.171,52.185],[-2.203,52.167]]]}},{"type":"Feature","properties":{"code":"E14001598","name":"Worsley and Eccles","centroidLat":53.47027,"centroidLong":-2.42867},"geometry":{"type":"Polygon","coordinates":[[[-2.329,53.48],[-2.393,53.46],[-2.449,53.416],[-2.496,53.481],[-2.432,53.522],[-2.392,53.512],[-2.347,53.525],[-2.333,53.514],[-2.353,53.496],[-2.327,53.496],[-2.329,53.48]]]}},{"type":"Feature","properties":{"code":"E14001599","name":"Worthing West","centroidLat":50.84352,"centroidLong":-0.43695},"geometry":{"type":"Polygon","coordinates":[[[-0.364,50.888],[-0.367,50.861],[-0.405,50.855],[-0.387,50.819],[-0.36,50.811],[-0.495,50.803],[-0.489,50.818],[-0.515,50.823],[-0.494,50.868],[-0.455,50.897],[-0.44,50.878],[-0.431,50.893],[-0.412,50.88],[-0.393,50.893],[-0.364,50.888]]]}},{"type":"Feature","properties":{"code":"W07000111","name":"Wrexham","centroidLat":53.03127,"centroidLong":-2.93642},"geometry":{"type":"Polygon","coordinates":[[[-2.997,53.13],[-2.91,53.113],[-2.881,53.122],[-2.902,53.092],[-2.861,53.061],[-2.873,53.059],[-2.859,53.054],[-2.87,53.045],[-2.856,53.037],[-2.861,53.023],[-2.828,52.994],[-2.727,52.984],[-2.729,52.925],[-2.8,52.895],[-2.841,52.943],[-2.887,52.953],[-2.929,52.939],[-2.999,52.975],[-3.012,53.037],[-3.148,53.044],[-3.129,53.073],[-3.028,53.093],[-2.997,53.13]]]}},{"type":"Feature","properties":{"code":"E14001600","name":"Wycombe","centroidLat":51.60499,"centroidLong":-0.85659},"geometry":{"type":"Polygon","coordinates":[[[-0.758,51.646],[-0.697,51.646],[-0.676,51.608],[-0.768,51.612],[-0.765,51.584],[-0.804,51.565],[-0.793,51.551],[-0.847,51.545],[-0.88,51.562],[-0.897,51.545],[-0.938,51.571],[-0.941,51.586],[-0.917,51.599],[-0.943,51.605],[-0.949,51.631],[-0.885,51.635],[-0.87,51.663],[-0.839,51.65],[-0.794,51.665],[-0.758,51.646]]]}},{"type":"Feature","properties":{"code":"E14001601","name":"Wyre Forest","centroidLat":52.3853,"centroidLong":-2.23494},"geometry":{"type":"Polygon","coordinates":[[[-2.269,52.439],[-2.128,52.405],[-2.138,52.394],[-2.119,52.358],[-2.17,52.317],[-2.171,52.332],[-2.19,52.329],[-2.231,52.361],[-2.269,52.336],[-2.265,52.323],[-2.299,52.322],[-2.311,52.341],[-2.329,52.32],[-2.363,52.315],[-2.37,52.327],[-2.437,52.324],[-2.421,52.333],[-2.41,52.387],[-2.334,52.387],[-2.373,52.402],[-2.364,52.439],[-2.312,52.438],[-2.287,52.455],[-2.269,52.439]]]}},{"type":"Feature","properties":{"code":"E14001602","name":"Wythenshawe and Sale East","centroidLat":53.40573,"centroidLong":-2.29132},"geometry":{"type":"Polygon","coordinates":[[[-2.3,53.437],[-2.239,53.411],[-2.241,53.36],[-2.303,53.341],[-2.314,53.357],[-2.286,53.376],[-2.32,53.412],[-2.346,53.408],[-2.3,53.437]]]}},{"type":"Feature","properties":{"code":"E14001603","name":"Yeovil","centroidLat":50.89936,"centroidLong":-2.83534},"geometry":{"type":"Polygon","coordinates":[[[-2.598,50.96],[-2.616,50.941],[-2.604,50.927],[-2.624,50.908],[-2.61,50.892],[-2.618,50.881],[-2.661,50.887],[-2.715,50.864],[-2.889,50.85],[-2.954,50.821],[-2.974,50.856],[-3.037,50.851],[-3.055,50.874],[-3.052,50.909],[-3.092,50.93],[-3.033,50.936],[-2.96,50.967],[-2.924,50.939],[-2.898,50.959],[-2.864,50.949],[-2.853,50.967],[-2.797,50.97],[-2.771,50.936],[-2.73,50.927],[-2.667,50.974],[-2.598,50.96]]]}},{"type":"Feature","properties":{"code":"W07000112","name":"Ynys Môn","centroidLat":53.27931,"centroidLong":-4.32298},"geometry":{"type":"MultiPolygon","coordinates":[[[[-4.647,53.319],[-4.585,53.301],[-4.584,53.29],[-4.602,53.288],[-4.597,53.284],[-4.609,53.283],[-4.61,53.279],[-4.576,53.272],[-4.585,53.263],[-4.562,53.264],[-4.573,53.262],[-4.553,53.247],[-4.598,53.24],[-4.626,53.269],[-4.617,53.279],[-4.687,53.284],[-4.678,53.298],[-4.697,53.307],[-4.682,53.323],[-4.619,53.331],[-4.647,53.319]],[[-4.609,53.282],[-4.61,53.282],[-4.609,53.282],[-4.609,53.282]]],[[[-4.416,53.427],[-4.287,53.417],[-4.269,53.391],[-4.278,53.378],[-4.283,53.376],[-4.29,53.368],[-4.294,53.367],[-4.295,53.366],[-4.296,53.365],[-4.276,53.371],[-4.28,53.376],[-4.23,53.358],[-4.234,53.341],[-4.204,53.314],[-4.21,53.296],[-4.12,53.319],[-4.04,53.311],[-4.101,53.255],[-4.203,53.216],[-4.219,53.186],[-4.314,53.145],[-4.319,53.15],[-4.328,53.147],[-4.339,53.148],[-4.34,53.149],[-4.328,53.16],[-4.329,53.16],[-4.329,53.162],[-4.331,53.163],[-4.341,53.149],[-4.343,53.135],[-4.327,53.127],[-4.406,53.144],[-4.418,53.163],[-4.4,53.175],[-4.39,53.174],[-4.392,53.171],[-4.39,53.17],[-4.385,53.192],[-4.347,53.203],[-4.324,53.22],[-4.313,53.23],[-4.347,53.203],[-4.37,53.198],[-4.397,53.188],[-4.444,53.155],[-4.467,53.184],[-4.462,53.192],[-4.486,53.177],[-4.504,53.187],[-4.497,53.207],[-4.522,53.235],[-4.555,53.25],[-4.554,53.268],[-4.587,53.279],[-4.532,53.309],[-4.563,53.299],[-4.562,53.317],[-4.584,53.331],[-4.555,53.374],[-4.574,53.404],[-4.416,53.427]],[[-4.202,53.294],[-4.202,53.294],[-4.202,53.294],[-4.202,53.294]],[[-4.204,53.292],[-4.203,53.293],[-4.202,53.294],[-4.204,53.292]],[[-4.34,53.148],[-4.339,53.148],[-4.339,53.148],[-4.34,53.148]],[[-4.33,53.165],[-4.331,53.163],[-4.331,53.163],[-4.33,53.165]],[[-4.33,53.165],[-4.33,53.165],[-4.331,53.165],[-4.33,53.165]],[[-4.331,53.165],[-4.331,53.165],[-4.331,53.165],[-4.331,53.165]],[[-4.331,53.166],[-4.331,53.165],[-4.331,53.165],[-4.331,53.166]],[[-4.339,53.153],[-4.339,53.153],[-4.339,53.153],[-4.339,53.153]],[[-4.339,53.153],[-4.339,53.153],[-4.339,53.153],[-4.339,53.153]],[[-4.462,53.192],[-4.462,53.192],[-4.462,53.192],[-4.462,53.192]],[[-4.462,53.192],[-4.461,53.194],[-4.46,53.195],[-4.462,53.192]],[[-4.522,53.236],[-4.522,53.236],[-4.522,53.235],[-4.522,53.236]],[[-4.522,53.236],[-4.523,53.238],[-4.522,53.238],[-4.521,53.237],[-4.518,53.236],[-4.513,53.238],[-4.518,53.236],[-4.521,53.237],[-4.522,53.238],[-4.523,53.238],[-4.523,53.237],[-4.522,53.236]],[[-4.547,53.3],[-4.547,53.3],[-4.547,53.3],[-4.547,53.3]],[[-4.547,53.3],[-4.547,53.3],[-4.547,53.3],[-4.547,53.3]],[[-4.532,53.309],[-4.531,53.309],[-4.532,53.309],[-4.532,53.309]],[[-4.53,53.31],[-4.53,53.309],[-4.531,53.309],[-4.53,53.31]],[[-4.392,53.171],[-4.392,53.17],[-4.391,53.17],[-4.392,53.171]],[[-4.444,53.155],[-4.444,53.155],[-4.444,53.155],[-4.444,53.155]]]]}},{"type":"Feature","properties":{"code":"E14001604","name":"York Central","centroidLat":53.95409,"centroidLong":-1.08232},"geometry":{"type":"Polygon","coordinates":[[[-1.137,53.969],[-1.059,53.979],[-1.063,53.968],[-1.017,53.949],[-1.106,53.927],[-1.1,53.949],[-1.144,53.941],[-1.137,53.969]]]}},{"type":"Feature","properties":{"code":"E14001605","name":"York Outer","centroidLat":54.01364,"centroidLong":-1.06969},"geometry":{"type":"Polygon","coordinates":[[[-0.925,53.992],[-0.934,53.968],[-0.921,53.96],[-0.922,53.921],[-0.95,53.894],[-0.921,53.891],[-0.923,53.881],[-0.993,53.875],[-1.008,53.89],[-1.065,53.875],[-1.099,53.894],[-1.102,53.876],[-1.125,53.883],[-1.199,53.925],[-1.224,53.975],[-1.182,53.985],[-1.189,54.002],[-1.137,53.991],[-1.149,54.003],[-1.141,54.03],[-1.06,54.057],[-1.002,54.055],[-0.967,54.023],[-0.985,54.003],[-0.972,53.997],[-0.995,53.983],[-0.925,53.992]],[[-1.059,53.979],[-1.137,53.969],[-1.144,53.941],[-1.1,53.949],[-1.106,53.927],[-1.017,53.949],[-1.063,53.968],[-1.059,53.979]]]}}]}